Site,Partition,&alpha; ,&beta;<sup>-</sup>,p<sup>-</sup>,&beta;<sup>+</sup>,p<sup>+</sup>,LRT,p-value,# branches under selection,Total branch length
1,1,0.21,0.21,0.61,0.87,0.39,0.00,0.65,0.00,0.22
2,1,3.18,1.38,1.00,1.26,0.00,0.00,0.67,0.00,1.13
3,1,0.00,0.00,0.49,1.39,0.51,0.26,0.50,0.00,0.28
4,1,0.00,0.00,0.58,8.87,0.42,0.94,0.33,4.00,1.45
5,1,0.00,0.00,1.00,0.00,0.00,0.00,1.00,0.00,0.00
6,1,0.00,0.00,1.00,0.00,0.00,0.00,1.00,0.00,0.00
7,1,3.31,0.00,0.20,0.00,0.80,0.00,0.67,0.00,0.61
8,1,0.00,0.00,0.53,1.61,0.47,0.91,0.33,1.00,0.29
9,1,0.00,0.00,0.37,1.85,0.63,0.93,0.33,1.00,0.46
10,1,0.00,0.00,1.00,0.00,0.00,0.00,1.00,0.00,0.00
11,1,0.00,0.00,0.23,2.16,0.77,1.23,0.28,1.00,0.66
12,1,0.00,0.00,1.00,0.00,0.00,0.00,1.00,0.00,0.00
13,1,0.00,0.00,0.00,3.91,1.00,3.97,0.06,4.00,1.54
14,1,0.00,0.00,1.00,0.00,0.00,0.00,1.00,0.00,0.00
15,1,2.61,2.55,0.71,2.37,0.29,0.00,0.67,0.00,1.46
16,1,5.23,0.00,0.05,0.00,0.95,0.00,0.67,0.00,0.97
17,1,0.00,0.00,0.75,0.00,0.25,0.00,0.67,0.00,0.00
18,1,0.95,0.00,0.05,0.00,0.95,0.00,0.67,0.00,0.18
19,1,0.00,0.00,0.56,2.98,0.44,0.38,0.46,2.00,0.51