Site,Partition,&alpha; ,&beta;<sup>-</sup>,p<sup>-</sup>,&beta;<sup>+</sup>,p<sup>+</sup>,LRT,p-value,# branches under selection,Total branch length
1,1,0.00,0.00,1.00,0.00,0.00,0.00,1.00,0.00,0.00
2,1,1.22,0.00,0.02,0.00,0.98,0.00,0.67,0.00,0.97
3,1,0.00,0.00,0.08,0.38,0.92,1.49,0.24,2.00,0.69
4,1,0.60,0.00,0.03,0.00,0.97,0.00,0.67,0.00,0.47
5,1,0.16,0.16,1.00,0.04,0.00,0.00,0.67,0.00,0.43
6,1,0.00,0.00,1.00,0.00,0.00,0.00,1.00,0.00,0.00
7,1,0.00,0.00,1.00,0.00,0.00,0.00,1.00,0.00,0.00
8,1,0.00,0.00,1.00,0.00,0.00,0.00,1.00,0.00,0.00
9,1,5.68,5.68,0.03,0.00,0.97,0.00,0.67,0.00,4.86
10,1,0.00,0.00,0.30,0.25,0.70,0.60,0.40,1.00,0.35
11,1,0.97,0.44,0.33,0.00,0.67,0.00,0.67,0.00,1.06
12,1,0.43,0.00,0.02,0.00,0.98,0.00,0.67,0.00,0.34
13,1,0.85,0.85,0.57,0.91,0.43,0.00,0.66,0.00,2.40
14,1,0.87,0.00,0.05,0.00,0.95,0.00,0.67,0.00,0.69
15,1,0.64,0.00,0.00,0.00,1.00,0.00,0.67,0.00,0.51
16,1,0.66,0.35,0.66,0.31,0.34,0.00,0.67,0.00,1.20
17,1,0.99,0.00,0.02,0.00,0.98,0.00,0.67,0.00,0.78
18,1,1.34,0.99,0.59,0.00,0.41,0.00,0.67,0.00,2.21
19,1,0.38,0.37,0.56,0.29,0.44,0.00,0.67,0.00,0.96
20,1,0.00,0.00,0.46,1.06,0.54,0.96,0.32,4.00,1.12
21,1,1.81,0.00,0.11,0.00,0.89,0.00,0.67,0.00,1.43
22,1,0.89,0.42,0.50,0.00,0.50,0.00,0.67,0.00,1.11
23,1,1.74,1.45,0.42,0.00,0.58,0.00,0.67,0.00,2.57
24,1,0.18,0.18,0.57,1.69,0.43,0.03,0.62,0.00,1.78
25,1,1.13,0.00,0.11,0.00,0.89,0.00,0.67,0.00,0.89
26,1,2.06,2.06,0.78,0.00,0.22,0.00,0.67,0.00,4.80
27,1,2.29,1.13,0.26,0.04,0.74,0.00,0.67,0.00,2.45
28,1,1.32,0.00,0.01,0.00,0.99,0.00,0.67,0.00,1.05
29,1,1.37,0.00,0.10,0.00,0.90,0.00,0.67,0.00,1.08
30,1,0.00,0.00,0.16,0.72,0.84,1.71,0.21,4.00,1.19
31,1,1.31,0.80,0.43,0.00,0.57,0.00,0.67,0.00,1.70
32,1,1.31,0.00,0.01,0.00,0.99,0.00,0.67,0.00,1.03
33,1,0.76,0.00,0.02,0.00,0.98,0.00,0.67,0.00,0.60
34,1,0.38,0.00,0.11,0.00,0.89,0.00,0.67,0.00,0.30
35,1,1.08,0.69,0.46,0.00,0.54,0.00,0.67,0.00,1.48
36,1,1.77,0.00,0.11,0.00,0.89,0.00,0.67,0.00,1.40
37,1,1.35,0.00,0.02,0.00,0.98,0.00,0.67,0.00,1.07
38,1,0.36,0.00,0.04,0.00,0.96,0.00,0.67,0.00,0.29
39,1,1.65,0.65,0.32,0.00,0.68,0.00,0.67,0.00,1.72
40,1,0.00,0.00,0.00,1.48,1.00,4.33,0.05,5.00,2.92
41,1,0.54,0.54,0.59,0.64,0.41,0.01,0.65,0.00,1.57
42,1,0.44,0.44,0.04,0.61,0.96,0.07,0.59,0.00,1.54
43,1,0.44,0.00,0.92,20.52,0.08,6.15,0.02,9.00,3.72
44,1,0.99,0.00,0.84,12.10,0.16,1.06,0.31,8.00,4.66
45,1,0.64,0.64,0.39,0.71,0.61,0.00,0.65,0.00,1.86
46,1,1.57,1.57,0.33,0.00,0.67,0.00,0.67,0.00,2.26
47,1,0.00,0.00,0.00,0.29,1.00,1.13,0.29,2.00,0.57
48,1,0.89,0.00,0.05,0.00,0.95,0.00,0.67,0.00,0.71
49,1,0.00,0.00,0.51,0.42,0.49,0.63,0.40,1.00,0.41
50,1,0.67,0.67,0.36,0.70,0.64,0.00,0.66,0.00,1.90
51,1,0.00,0.00,0.91,8.75,0.09,0.08,0.59,6.00,1.60
52,1,0.78,0.71,0.79,0.05,0.21,0.00,0.67,0.00,1.74
53,1,1.18,0.93,0.20,0.00,0.80,0.00,0.67,0.00,1.30
54,1,0.57,0.55,0.27,0.00,0.73,0.00,0.67,0.00,0.74
55,1,0.76,0.44,0.38,0.00,0.62,0.00,0.67,0.00,0.94
56,1,0.00,0.00,0.54,1.46,0.46,2.74,0.12,4.00,1.32
57,1,0.00,0.00,0.94,15.11,0.06,1.58,0.23,5.00,1.71
58,1,1.19,0.51,0.28,0.00,0.72,0.00,0.67,0.00,1.22
59,1,1.15,0.00,0.05,0.00,0.95,0.00,0.67,0.00,0.91
60,1,1.41,0.00,0.10,0.00,0.90,0.00,0.67,0.00,1.11
61,1,1.34,0.00,0.02,0.00,0.98,0.00,0.67,0.00,1.06
62,1,2.19,0.42,1.00,0.39,0.00,0.00,0.67,0.00,2.57
63,1,0.00,0.00,1.00,0.00,0.00,0.00,1.00,0.00,0.00
64,1,0.00,0.00,1.00,0.00,0.00,0.00,1.00,0.00,0.00
65,1,1.23,1.10,0.13,0.00,0.87,0.00,0.67,0.00,1.25
66,1,0.62,0.59,0.50,0.10,0.50,0.00,0.67,0.00,1.17
67,1,1.78,0.91,0.47,0.00,0.53,0.00,0.67,0.00,2.25
68,1,1.59,1.04,0.30,0.00,0.70,0.00,0.67,0.00,1.87
69,1,0.67,0.61,0.26,0.47,0.74,0.00,0.67,0.00,1.53
70,1,1.80,0.00,0.02,0.00,0.98,0.00,0.67,0.00,1.43
71,1,0.00,0.00,0.55,1.54,0.45,3.42,0.09,4.00,1.36
72,1,0.97,0.00,0.02,0.00,0.98,0.00,0.67,0.00,0.77
73,1,0.00,0.00,1.00,0.00,0.00,0.00,1.00,0.00,0.00
74,1,0.73,0.61,0.25,0.00,0.75,0.00,0.67,0.00,0.88
75,1,1.96,0.97,0.33,0.00,0.67,0.00,0.67,0.00,2.18
76,1,1.61,0.00,0.05,0.00,0.95,0.00,0.67,0.00,1.27
77,1,0.00,0.00,0.96,29.13,0.04,2.35,0.15,6.00,2.39
78,1,1.34,0.00,0.02,0.00,0.98,0.00,0.67,0.00,1.06
79,1,0.32,0.00,0.11,0.00,0.89,0.00,0.67,0.00,0.25
80,1,1.15,0.79,0.57,0.00,0.43,0.00,0.67,0.00,1.80
81,1,2.45,1.12,0.94,0.96,0.06,0.00,0.67,0.00,4.12
82,1,1.13,0.71,0.45,0.00,0.55,0.00,0.67,0.00,1.53
83,1,0.57,0.00,0.04,0.00,0.96,0.00,0.67,0.00,0.45
84,1,1.35,0.00,0.20,0.00,0.80,0.00,0.67,0.00,1.07
85,1,1.44,0.00,0.10,0.00,0.90,0.00,0.67,0.00,1.14
86,1,1.74,0.76,0.15,0.04,0.85,0.00,0.67,0.00,1.68
87,1,0.00,0.00,1.00,0.00,0.00,0.00,1.00,0.00,0.00
88,1,0.00,0.00,1.00,0.00,0.00,0.00,1.00,0.00,0.00
89,1,1.94,0.00,0.03,0.00,0.97,0.00,0.67,0.00,1.53
90,1,0.92,0.00,0.09,0.00,0.91,0.00,0.67,0.00,0.73
91,1,1.15,0.00,0.02,0.00,0.98,0.00,0.67,0.00,0.91
92,1,1.17,0.00,0.02,0.00,0.98,0.00,0.67,0.00,0.93
93,1,1.84,1.30,1.00,1.07,0.00,0.00,0.67,0.00,4.02
94,1,0.99,0.74,0.23,0.01,0.77,0.00,0.67,0.00,1.13
95,1,0.77,0.00,0.01,0.00,0.99,0.00,0.67,0.00,0.61
96,1,1.14,0.00,0.03,0.00,0.97,0.00,0.67,0.00,0.90
97,1,0.59,0.00,0.09,0.00,0.91,0.00,0.67,0.00,0.46
98,1,0.38,0.00,0.11,0.00,0.89,0.00,0.67,0.00,0.30
99,1,1.31,0.00,0.02,0.00,0.98,0.00,0.67,0.00,1.04
100,1,2.33,0.00,0.38,0.00,0.62,0.00,0.67,0.00,1.84
101,1,1.75,0.00,0.02,0.00,0.98,0.00,0.67,0.00,1.39
102,1,0.36,0.30,0.53,0.00,0.47,0.00,0.67,0.00,0.60
103,1,0.00,0.00,1.00,0.00,0.00,0.00,1.00,0.00,0.00
104,1,1.78,0.00,0.19,0.00,0.81,0.00,0.67,0.00,1.41
105,1,0.65,0.00,0.13,0.00,0.87,0.00,0.67,0.00,0.51
106,1,0.99,0.78,0.23,0.00,0.77,0.00,0.67,0.00,1.13
107,1,1.71,0.00,0.05,0.00,0.95,0.00,0.67,0.00,1.36
108,1,0.87,0.00,0.20,0.00,0.80,0.00,0.67,0.00,0.69
109,1,2.68,0.00,0.04,0.00,0.96,0.00,0.67,0.00,2.12
110,1,0.87,0.00,0.05,0.00,0.95,0.00,0.67,0.00,0.69
111,1,0.44,0.00,0.14,0.00,0.86,0.00,0.67,0.00,0.34
112,1,1.59,0.00,0.03,0.00,0.97,0.00,0.67,0.00,1.26
113,1,0.00,0.00,1.00,0.00,0.00,0.00,1.00,0.00,0.00
114,1,0.36,0.00,0.09,0.00,0.91,0.00,0.67,0.00,0.28
115,1,0.00,0.00,1.00,0.00,0.00,0.00,1.00,0.00,0.00
116,1,0.92,0.00,0.04,0.00,0.96,0.00,0.67,0.00,0.73
117,1,0.37,0.00,0.11,0.00,0.89,0.00,0.67,0.00,0.29
118,1,1.46,0.00,0.18,0.00,0.82,0.00,0.67,0.00,1.15
119,1,1.15,0.81,0.18,0.00,0.82,0.00,0.67,0.00,1.20
120,1,0.00,0.00,0.11,0.57,0.89,2.00,0.18,3.00,1.00
121,1,0.00,0.00,1.00,0.00,0.00,0.00,1.00,0.00,0.00
122,1,0.95,0.00,0.11,0.00,0.89,0.00,0.67,0.00,0.75
123,1,0.38,0.00,0.19,0.00,0.81,0.00,0.67,0.00,0.30
124,1,1.35,0.00,0.38,0.00,0.62,0.00,0.67,0.00,1.06
125,1,2.99,0.00,0.02,0.00,0.98,0.00,0.67,0.00,2.37
126,1,0.87,0.49,0.03,0.52,0.97,0.00,0.67,0.00,1.70
127,1,0.42,0.00,0.03,1.01,0.97,0.79,0.36,5.00,2.26
128,1,1.84,1.11,0.43,0.01,0.57,0.00,0.67,0.00,2.41
129,1,0.00,0.00,1.00,0.00,0.00,0.00,1.00,0.00,0.00
130,1,0.58,0.00,0.03,0.00,0.97,0.00,0.67,0.00,0.46
131,1,0.00,0.00,1.00,0.00,0.00,0.00,1.00,0.00,0.00
132,1,0.00,0.00,1.00,0.00,0.00,0.00,1.00,0.00,0.00
133,1,1.67,0.00,0.04,0.00,0.96,0.00,0.67,0.00,1.32
134,1,3.01,0.00,0.02,0.00,0.98,0.00,0.67,0.00,2.38
135,1,1.85,0.00,0.01,0.00,0.99,0.00,0.67,0.00,1.46
136,1,0.36,0.00,0.01,0.00,0.99,0.00,0.67,0.00,0.29
137,1,0.75,0.00,0.01,0.00,0.99,0.00,0.67,0.00,0.59
138,1,1.12,0.00,0.02,0.00,0.98,0.00,0.67,0.00,0.89
139,1,0.76,0.00,0.10,0.00,0.90,0.00,0.67,0.00,0.60
140,1,0.43,0.00,0.19,0.00,0.81,0.00,0.67,0.00,0.34
141,1,0.00,0.00,0.38,0.46,0.62,1.11,0.30,2.00,0.57
142,1,1.83,0.00,0.01,0.00,0.99,0.00,0.67,0.00,1.44
143,1,2.30,1.96,0.54,0.59,0.46,0.00,0.67,0.00,4.44
144,1,1.77,0.00,0.19,0.00,0.81,0.00,0.67,0.00,1.40
145,1,0.38,0.00,0.05,0.00,0.95,0.00,0.67,0.00,0.30
146,1,0.00,0.00,1.00,0.00,0.00,0.00,1.00,0.00,0.00
147,1,0.88,0.57,0.89,0.51,0.11,0.00,0.67,0.00,1.81
148,1,0.38,0.00,0.92,27.40,0.08,3.42,0.09,9.00,4.35
149,1,0.81,0.81,0.05,0.32,0.95,0.00,0.67,0.00,1.31
150,1,0.50,0.50,0.33,0.67,0.67,0.03,0.62,0.00,1.61
151,1,0.00,0.00,0.87,12.37,0.13,4.58,0.05,9.00,3.07
152,1,1.34,0.00,0.03,0.00,0.97,0.00,0.67,0.00,1.06
153,1,0.64,0.44,0.32,0.29,0.68,0.00,0.67,0.00,1.18
154,1,0.00,0.00,1.00,0.00,0.00,0.00,1.00,0.00,0.00
155,1,2.71,1.27,0.34,0.00,0.66,0.00,0.67,0.00,2.99
156,1,1.78,0.00,0.10,0.00,0.90,0.00,0.67,0.00,1.41
157,1,0.67,0.00,0.11,0.00,0.89,0.00,0.67,0.00,0.53
158,1,1.32,0.00,0.02,0.00,0.98,0.00,0.67,0.00,1.04
159,1,0.81,0.00,0.20,0.00,0.80,0.00,0.67,0.00,0.64
160,1,0.00,0.00,1.00,0.00,0.00,0.00,1.00,0.00,0.00
161,1,0.58,0.58,0.15,0.25,0.85,0.00,0.67,0.00,1.05
162,1,1.14,0.00,0.03,0.00,0.97,0.00,0.67,0.00,0.90
163,1,1.86,1.55,0.20,0.00,0.80,0.00,0.67,0.00,2.09
164,1,0.00,0.00,1.00,0.00,0.00,0.00,1.00,0.00,0.00
165,1,0.87,0.00,0.03,0.00,0.97,0.00,0.67,0.00,0.69
166,1,0.40,0.00,0.01,0.00,0.99,0.00,0.67,0.00,0.32
167,1,0.58,0.00,0.19,0.00,0.81,0.00,0.67,0.00,0.46
168,1,1.17,0.00,0.27,0.00,0.73,0.00,0.67,0.00,0.93
169,1,0.86,0.00,0.03,0.00,0.97,0.00,0.67,0.00,0.68
170,1,0.66,0.00,0.03,0.00,0.97,0.00,0.67,0.00,0.53
171,1,0.32,0.00,0.05,0.00,0.95,0.00,0.67,0.00,0.25
172,1,0.35,0.35,0.24,0.93,0.76,0.63,0.39,0.00,1.84
173,1,3.51,0.00,0.01,0.00,0.99,0.00,0.67,0.00,2.78
174,1,1.87,0.00,0.01,0.00,0.99,0.00,0.67,0.00,1.48
175,1,0.45,0.00,0.02,0.00,0.98,0.00,0.67,0.00,0.36
176,1,1.15,0.70,1.00,0.54,0.00,0.00,0.67,0.00,2.29
177,1,0.76,0.47,0.28,0.04,0.72,0.00,0.67,0.00,0.92
178,1,0.00,0.00,1.00,0.00,0.00,0.00,1.00,0.00,0.00
179,1,0.64,0.52,0.41,0.01,0.59,0.00,0.67,0.00,0.95
180,1,0.46,0.46,0.30,0.00,0.70,0.00,0.67,0.00,0.63
181,1,0.76,0.61,0.46,0.00,0.54,0.00,0.67,0.00,1.15
182,1,1.76,0.00,0.02,0.00,0.98,0.00,0.67,0.00,1.40
183,1,1.17,0.00,0.02,0.00,0.98,0.00,0.67,0.00,0.93
184,1,0.89,0.59,0.25,0.00,0.75,0.00,0.67,0.00,0.99
185,1,0.00,0.00,1.00,0.00,0.00,0.00,1.00,0.00,0.00
186,1,0.38,0.00,0.11,0.00,0.89,0.00,0.67,0.00,0.30
187,1,0.00,0.00,1.00,0.00,0.00,0.00,1.00,0.00,0.00
188,1,0.76,0.00,0.02,0.00,0.98,0.00,0.67,0.00,0.60
189,1,0.00,0.00,1.00,0.00,0.00,0.00,1.00,0.00,0.00
190,1,0.37,0.00,0.04,0.00,0.96,0.00,0.67,0.00,0.30
191,1,0.00,0.00,1.00,0.00,0.00,0.00,1.00,0.00,0.00
192,1,0.43,0.00,0.05,0.00,0.95,0.00,0.67,0.00,0.34
193,1,0.58,0.00,0.20,0.00,0.80,0.00,0.67,0.00,0.46
194,1,2.14,0.63,1.00,0.61,0.00,0.00,0.67,0.00,2.94
195,1,1.38,0.61,0.28,0.00,0.72,0.00,0.67,0.00,1.43
196,1,1.90,0.00,0.01,0.00,0.99,0.00,0.67,0.00,1.50
197,1,1.15,1.05,0.95,0.99,0.05,0.00,0.67,0.00,2.98
198,1,1.76,0.75,0.19,0.00,0.81,0.00,0.67,0.00,1.68
199,1,0.57,0.00,0.55,2.89,0.45,1.31,0.27,5.00,3.03
200,1,0.00,0.00,1.00,0.00,0.00,0.00,1.00,0.00,0.00
201,1,0.00,0.00,1.00,0.00,0.00,0.00,1.00,0.00,0.00
202,1,0.45,0.00,0.20,0.00,0.80,0.00,0.67,0.00,0.36
203,1,2.64,0.00,0.11,0.00,0.89,0.00,0.67,0.00,2.09
204,1,1.35,0.90,0.46,0.00,0.54,0.00,0.67,0.00,1.88
205,1,0.44,0.00,0.11,0.00,0.89,0.00,0.67,0.00,0.35
206,1,0.99,0.00,0.11,0.00,0.89,0.00,0.67,0.00,0.78
207,1,0.45,0.00,0.11,0.00,0.89,0.00,0.67,0.00,0.35
208,1,0.58,0.55,0.14,0.26,0.86,0.00,0.67,0.00,1.05
209,1,0.62,0.00,0.03,0.00,0.97,0.00,0.67,0.00,0.49
210,1,0.98,0.98,0.52,0.20,0.48,0.00,0.67,0.00,1.97
211,1,0.43,0.00,0.02,0.00,0.98,0.00,0.67,0.00,0.34
212,1,0.76,0.00,0.02,0.00,0.98,0.00,0.67,0.00,0.60
213,1,1.14,0.00,0.05,0.00,0.95,0.00,0.67,0.00,0.90
214,1,0.58,0.00,0.02,0.00,0.98,0.00,0.67,0.00,0.46
215,1,0.94,0.94,0.35,0.85,0.65,0.00,0.67,0.00,2.48
216,1,1.73,0.98,0.58,0.21,0.42,0.00,0.67,0.00,2.66
217,1,0.00,0.00,1.00,0.00,0.00,0.00,1.00,0.00,0.00
218,1,0.00,0.00,1.00,0.00,0.00,0.00,1.00,0.00,0.00
219,1,0.33,0.00,0.02,0.00,0.98,0.00,0.67,0.00,0.26
220,1,1.72,1.63,0.33,0.36,0.67,0.00,0.67,0.00,2.89
221,1,0.00,0.00,0.00,2.10,1.00,6.01,0.02,14.00,4.14
222,1,2.67,1.79,0.30,0.00,0.70,0.00,0.67,0.00,3.18
223,1,0.97,0.47,0.40,0.00,0.60,0.00,0.67,0.00,1.14
224,1,2.06,0.00,0.05,0.00,0.95,0.00,0.67,0.00,1.63
225,1,0.32,0.00,0.04,0.00,0.96,0.00,0.67,0.00,0.25
226,1,0.37,0.36,0.65,0.64,0.35,0.03,0.62,0.00,1.18
227,1,1.48,0.00,0.04,0.00,0.96,0.00,0.67,0.00,1.17
228,1,0.35,0.34,0.72,0.10,0.28,0.00,0.67,0.00,0.81
229,1,1.72,0.00,0.37,0.00,0.63,0.00,0.67,0.00,1.36
230,1,1.34,0.00,0.20,0.00,0.80,0.00,0.67,0.00,1.06
231,1,0.86,0.00,0.20,0.00,0.80,0.00,0.67,0.00,0.68
232,1,0.58,0.00,0.05,0.00,0.95,0.00,0.67,0.00,0.46
233,1,0.33,0.00,0.05,0.00,0.95,0.00,0.67,0.00,0.26
234,1,0.12,0.12,1.00,0.02,0.00,0.00,0.67,0.00,0.33
235,1,1.88,0.00,0.04,0.00,0.96,0.00,0.67,0.00,1.49
236,1,0.43,0.00,0.02,0.00,0.98,0.00,0.67,0.00,0.34
237,1,2.98,0.00,0.03,0.00,0.97,0.00,0.67,0.00,2.35
238,1,0.38,0.38,0.35,0.57,0.65,0.07,0.59,0.00,1.29
239,1,1.14,0.00,0.01,0.00,0.99,0.00,0.67,0.00,0.90
240,1,0.38,0.38,0.52,0.31,0.48,0.00,0.67,0.00,0.98
241,1,0.00,0.00,1.00,0.00,0.00,0.00,1.00,0.00,0.00
242,1,0.87,0.00,0.11,0.00,0.89,0.00,0.67,0.00,0.69
243,1,0.00,0.00,1.00,0.00,0.00,0.00,1.00,0.00,0.00
244,1,2.00,0.00,0.03,0.00,0.97,0.00,0.67,0.00,1.58
245,1,1.45,0.00,0.28,0.00,0.72,0.00,0.67,0.00,1.14
246,1,0.87,0.00,0.02,0.00,0.98,0.00,0.67,0.00,0.69
247,1,0.76,0.00,0.34,0.00,0.66,0.00,0.67,0.00,0.60
248,1,0.78,0.00,0.04,0.64,0.96,0.00,0.67,0.00,1.84
249,1,0.54,0.53,0.94,1.79,0.06,0.01,0.64,0.00,1.63
250,1,0.88,0.00,0.20,0.00,0.80,0.00,0.67,0.00,0.70
251,1,1.19,1.19,0.24,0.00,0.76,0.00,0.67,0.00,1.51
252,1,0.86,0.00,0.03,0.00,0.97,0.00,0.67,0.00,0.68
253,1,0.56,0.32,0.29,0.08,0.71,0.00,0.67,0.00,0.74
254,1,0.00,0.00,1.00,0.00,0.00,0.00,1.00,0.00,0.00
255,1,1.51,0.00,0.01,0.00,0.99,0.00,0.67,0.00,1.19
256,1,0.00,0.00,1.00,0.00,0.00,0.00,1.00,0.00,0.00
257,1,0.48,0.18,0.94,0.15,0.06,0.00,0.67,0.00,0.73
258,1,1.18,1.18,0.51,0.01,0.49,0.00,0.67,0.00,2.13
259,1,1.09,0.00,0.03,0.00,0.97,0.00,0.67,0.00,0.86
260,1,1.23,0.00,0.03,0.00,0.97,0.00,0.67,0.00,0.98
261,1,1.71,1.14,0.13,0.00,0.87,0.00,0.67,0.00,1.65
262,1,2.42,1.27,0.15,0.00,0.85,0.00,0.67,0.00,2.28
263,1,1.74,1.24,1.00,0.97,0.00,0.00,0.67,0.00,3.81
264,1,1.18,1.18,0.52,0.00,0.48,0.00,0.67,0.00,2.14
265,1,1.38,0.56,0.53,0.12,0.47,0.00,0.67,0.00,1.77
266,1,0.00,0.00,0.51,0.28,0.49,0.54,0.42,1.00,0.27
267,1,0.76,0.76,0.58,4.84,0.42,2.99,0.11,0.00,5.47
268,1,1.62,0.00,0.02,0.00,0.98,0.00,0.67,0.00,1.28
269,1,1.14,0.62,0.45,0.00,0.55,0.00,0.67,0.00,1.45
270,1,0.76,0.00,0.04,0.00,0.96,0.00,0.67,0.00,0.60
271,1,0.00,0.00,0.91,1.59,0.09,0.46,0.44,1.00,0.29
272,1,1.30,0.00,0.02,0.00,0.98,0.00,0.67,0.00,1.03
273,1,2.97,0.00,0.04,0.00,0.96,0.00,0.67,0.00,2.35
274,1,0.00,0.00,1.00,0.00,0.00,0.00,1.00,0.00,0.00
275,1,2.36,0.00,0.02,0.00,0.98,0.00,0.67,0.00,1.87
276,1,1.52,0.00,0.01,0.00,0.99,0.00,0.67,0.00,1.21
277,1,1.46,0.00,0.11,0.00,0.89,0.00,0.67,0.00,1.16
278,1,2.32,0.00,0.02,0.00,0.98,0.00,0.67,0.00,1.84
279,1,1.05,0.00,0.05,0.00,0.95,0.00,0.67,0.00,0.83
280,1,0.99,0.00,0.01,0.00,0.99,0.00,0.67,0.00,0.79
281,1,3.00,3.00,0.07,0.00,0.93,0.00,0.67,0.00,2.81
282,1,0.43,0.00,0.01,0.00,0.99,0.00,0.67,0.00,0.34
283,1,1.73,0.00,0.02,0.00,0.98,0.00,0.67,0.00,1.37
284,1,3.60,0.39,0.20,0.18,0.80,0.00,0.67,0.00,3.28
285,1,1.75,0.73,0.23,0.00,0.77,0.00,0.67,0.00,1.72
286,1,0.43,0.43,0.37,0.21,0.63,0.00,0.67,0.00,0.91
287,1,0.97,0.64,0.51,0.05,0.49,0.00,0.67,0.00,1.45
288,1,0.48,0.00,0.27,0.00,0.73,0.00,0.67,0.00,0.38
289,1,0.00,0.00,1.00,0.00,0.00,0.00,1.00,0.00,0.00
290,1,0.64,0.35,0.50,0.01,0.50,0.00,0.67,0.00,0.86
291,1,0.44,0.00,0.02,0.00,0.98,0.00,0.67,0.00,0.35
292,1,1.44,0.00,0.01,0.00,0.99,0.00,0.67,0.00,1.14
293,1,0.44,0.32,0.43,0.00,0.57,0.00,0.67,0.00,0.62
294,1,2.27,0.00,0.02,0.00,0.98,0.00,0.67,0.00,1.80
295,1,0.00,0.00,1.00,0.00,0.00,0.00,1.00,0.00,0.00
296,1,0.56,0.48,0.30,0.01,0.70,0.00,0.67,0.00,0.75
297,1,1.97,0.00,0.03,0.00,0.97,0.00,0.67,0.00,1.56
298,1,0.66,0.00,0.01,0.00,0.99,0.00,0.67,0.00,0.52
299,1,0.00,0.00,1.00,0.00,0.00,0.00,1.00,0.00,0.00
300,1,0.95,0.00,0.10,0.00,0.90,0.00,0.67,0.00,0.76
301,1,0.32,0.00,0.01,0.00,0.99,0.00,0.67,0.00,0.25
302,1,2.49,0.38,0.31,0.09,0.69,0.00,0.67,0.00,2.33
303,1,0.76,0.00,0.14,0.00,0.86,0.00,0.67,0.00,0.60
304,1,0.58,0.45,0.32,0.00,0.68,0.00,0.67,0.00,0.74
305,1,0.00,0.00,0.80,0.71,0.20,0.25,0.51,1.00,0.28
306,1,0.49,0.00,0.11,0.00,0.89,0.00,0.67,0.00,0.39
307,1,2.57,0.92,0.93,0.82,0.07,0.00,0.67,0.00,3.82
308,1,1.17,0.18,0.62,0.13,0.38,0.00,0.67,0.00,1.24
309,1,0.58,0.16,0.64,0.12,0.36,0.00,0.67,0.00,0.74
310,1,0.00,0.00,0.55,1.64,0.45,2.17,0.17,4.00,1.45
311,1,0.90,0.67,0.41,0.00,0.59,0.00,0.67,0.00,1.25
312,1,0.99,0.77,0.23,0.00,0.77,0.00,0.67,0.00,1.14
313,1,2.17,0.76,0.49,0.28,0.51,0.00,0.67,0.00,2.74
314,1,0.64,0.00,0.11,0.00,0.89,0.00,0.67,0.00,0.51
315,1,1.03,1.03,1.00,0.95,0.00,0.00,0.67,0.00,2.86
316,1,0.16,0.16,1.00,0.04,0.00,0.00,0.67,0.00,0.43
317,1,1.56,1.56,0.23,0.00,0.77,0.00,0.67,0.00,1.93
318,1,2.53,0.00,0.04,0.00,0.96,0.00,0.67,0.00,2.00
319,1,0.00,0.00,1.00,0.00,0.00,0.00,1.00,0.00,0.00
320,1,0.74,0.00,0.04,0.00,0.96,0.00,0.67,0.00,0.58
321,1,0.00,0.00,1.00,0.00,0.00,0.00,1.00,0.00,0.00
322,1,0.00,0.00,1.00,0.00,0.00,0.00,1.00,0.00,0.00
323,1,0.37,0.00,0.04,0.00,0.96,0.00,0.67,0.00,0.29
324,1,0.44,0.00,0.02,0.00,0.98,0.00,0.67,0.00,0.35
325,1,0.76,0.00,0.03,0.00,0.97,0.00,0.67,0.00,0.60
326,1,0.32,0.00,0.02,0.00,0.98,0.00,0.67,0.00,0.25
327,1,0.48,0.00,0.01,0.00,0.99,0.00,0.67,0.00,0.38
328,1,0.56,0.45,0.03,0.76,0.97,0.08,0.59,0.00,1.92
329,1,0.91,0.91,0.00,1.46,1.00,0.41,0.46,0.00,3.61
330,1,0.44,0.00,0.01,0.00,0.99,0.00,0.67,0.00,0.35
331,1,0.90,0.88,0.47,0.79,0.53,0.00,0.67,0.00,2.36
332,1,1.35,1.14,0.55,1.08,0.45,0.00,0.67,0.00,3.26
333,1,0.44,0.00,0.02,0.00,0.98,0.00,0.67,0.00,0.35
334,1,0.58,0.49,0.22,0.22,0.78,0.00,0.67,0.00,1.02
335,1,2.25,2.05,0.48,0.00,0.52,0.00,0.67,0.00,3.72
336,1,0.00,0.00,0.00,0.64,1.00,1.95,0.19,3.00,1.26
337,1,0.49,0.28,0.68,0.00,0.32,0.00,0.67,0.00,0.77
338,1,0.97,0.00,0.86,17.02,0.14,1.66,0.22,7.00,5.41
339,1,1.18,1.18,0.60,0.42,0.40,0.00,0.67,0.00,2.67
340,1,2.21,0.00,0.03,0.00,0.97,0.00,0.67,0.00,1.75
341,1,1.35,0.00,0.01,0.00,0.99,0.00,0.67,0.00,1.07
342,1,0.58,0.49,0.15,0.27,0.85,0.00,0.67,0.00,1.05
343,1,3.00,0.63,0.12,0.08,0.88,0.00,0.67,0.00,2.67
344,1,0.00,0.00,0.00,0.58,1.00,1.84,0.20,4.00,1.15
345,1,0.79,0.00,0.01,0.00,0.99,0.00,0.67,0.00,0.63
346,1,0.00,0.00,0.45,0.54,0.55,1.14,0.29,2.00,0.58
347,1,0.61,0.61,0.62,0.61,0.38,0.00,0.67,0.00,1.68
348,1,1.13,0.00,0.01,0.00,0.99,0.00,0.67,0.00,0.90
349,1,1.56,0.00,0.03,0.00,0.97,0.00,0.67,0.00,1.23
350,1,0.57,0.00,0.01,0.00,0.99,0.00,0.67,0.00,0.45
351,1,0.64,0.00,0.05,0.00,0.95,0.00,0.67,0.00,0.51
352,1,0.00,0.00,1.00,0.00,0.00,0.00,1.00,0.00,0.00
353,1,1.29,0.00,0.01,0.00,0.99,0.00,0.67,0.00,1.02
354,1,1.78,0.00,0.05,0.00,0.95,0.00,0.67,0.00,1.41
355,1,1.13,0.00,0.13,0.00,0.87,0.00,0.67,0.00,0.89
356,1,0.11,0.11,1.00,177.68,0.00,9.15,0.00,1.00,1.20
357,1,1.14,0.00,0.02,0.00,0.98,0.00,0.67,0.00,0.90
358,1,0.00,0.00,0.00,0.45,1.00,1.38,0.26,3.00,0.89
359,1,1.83,1.16,0.12,0.00,0.88,0.00,0.67,0.00,1.73
360,1,1.24,0.00,0.02,0.00,0.98,0.00,0.67,0.00,0.98
361,1,0.00,0.00,1.00,0.00,0.00,0.00,1.00,0.00,0.00
362,1,0.00,0.00,1.00,0.00,0.00,0.00,1.00,0.00,0.00
363,1,1.53,0.00,0.03,0.00,0.97,0.00,0.67,0.00,1.21
364,1,1.43,0.00,0.05,0.00,0.95,0.00,0.67,0.00,1.13
365,1,2.90,0.00,0.11,0.00,0.89,0.00,0.67,0.00,2.30
366,1,0.66,0.00,0.04,0.00,0.96,0.00,0.67,0.00,0.52
367,1,2.21,0.84,1.00,0.72,0.00,0.00,0.67,0.00,3.40
368,1,0.73,0.32,0.05,0.47,0.95,0.00,0.67,0.00,1.49
369,1,3.32,0.65,0.89,0.61,0.11,0.00,0.67,0.00,3.90
370,1,0.75,0.75,0.00,2.94,1.00,3.98,0.06,0.00,6.39
371,1,1.33,0.00,0.19,0.00,0.81,0.00,0.67,0.00,1.05
372,1,1.13,1.13,0.00,1.79,1.00,0.44,0.45,0.00,4.41
373,1,2.21,0.00,0.04,0.00,0.96,0.00,0.67,0.00,1.75
374,1,1.18,0.00,0.20,0.00,0.80,0.00,0.67,0.00,0.93
375,1,0.57,0.00,0.02,0.00,0.98,0.00,0.67,0.00,0.45
376,1,1.63,0.63,0.27,0.00,0.73,0.00,0.67,0.00,1.62
377,1,0.45,0.00,0.02,0.00,0.98,0.00,0.67,0.00,0.35
378,1,1.14,0.77,0.19,0.00,0.81,0.00,0.67,0.00,1.20
379,1,0.98,0.00,0.20,0.00,0.80,0.00,0.67,0.00,0.77
380,1,1.71,1.03,0.17,0.00,0.83,0.00,0.67,0.00,1.70
381,1,0.54,0.54,0.59,0.64,0.41,0.01,0.65,0.00,1.57
382,1,1.33,0.00,0.05,0.00,0.95,0.00,0.67,0.00,1.06
383,1,0.00,0.00,1.00,0.00,0.00,0.00,1.00,0.00,0.00
384,1,0.00,0.00,1.00,0.00,0.00,0.00,1.00,0.00,0.00
385,1,3.40,0.64,0.41,0.32,0.59,0.00,0.67,0.00,3.58
386,1,3.10,0.54,0.63,0.47,0.37,0.00,0.67,0.00,3.46
387,1,2.61,2.61,0.06,0.00,0.94,0.00,0.67,0.00,2.38
388,1,0.32,0.00,0.05,0.00,0.95,0.00,0.67,0.00,0.25
389,1,0.12,0.12,1.00,0.03,0.00,0.00,0.67,0.00,0.33
390,1,1.69,1.08,0.55,0.10,0.45,0.00,0.67,0.00,2.60
391,1,0.00,0.00,1.00,0.00,0.00,0.00,1.00,0.00,0.00
392,1,1.07,1.07,0.45,1.20,0.55,0.01,0.65,0.00,3.10
393,1,1.19,1.19,0.13,0.00,0.87,0.00,0.67,0.00,1.24
394,1,0.33,0.00,0.04,0.00,0.96,0.00,0.67,0.00,0.26
395,1,1.14,0.00,0.02,0.00,0.98,0.00,0.67,0.00,0.90
396,1,0.32,0.32,0.27,0.36,0.73,0.00,0.65,0.00,0.94
397,1,0.00,0.00,1.00,0.00,0.00,0.00,1.00,0.00,0.00
398,1,1.83,1.10,0.16,0.00,0.84,0.00,0.67,0.00,1.79
399,1,0.92,0.61,0.68,0.44,0.32,0.00,0.67,0.00,1.82
400,1,0.48,0.48,0.00,0.74,1.00,0.17,0.54,0.00,1.83
401,1,1.34,1.20,0.24,0.97,0.76,0.00,0.67,0.00,3.08
402,1,2.31,1.07,0.68,1.01,0.32,0.00,0.67,0.00,3.90
403,1,1.31,0.00,0.03,0.00,0.97,0.00,0.67,0.00,1.04
404,1,1.32,0.94,0.24,0.00,0.76,0.00,0.67,0.00,1.49
405,1,0.87,0.00,0.03,0.00,0.97,0.00,0.67,0.00,0.69
406,1,1.18,0.00,0.05,0.00,0.95,0.00,0.67,0.00,0.94
407,1,1.30,0.00,0.03,0.00,0.97,0.00,0.67,0.00,1.03
408,1,1.31,0.00,0.02,0.00,0.98,0.00,0.67,0.00,1.03
409,1,0.00,0.00,0.30,0.25,0.70,0.61,0.40,1.00,0.35
410,1,2.26,0.00,0.03,0.00,0.97,0.00,0.67,0.00,1.79
411,1,0.42,0.00,0.05,0.00,0.95,0.00,0.67,0.00,0.33
412,1,1.31,0.00,0.03,0.00,0.97,0.00,0.67,0.00,1.04
413,1,1.08,0.00,0.04,0.00,0.96,0.00,0.67,0.00,0.86
414,1,1.31,1.31,0.34,0.00,0.66,0.00,0.67,0.00,1.91
415,1,1.13,0.00,0.11,0.00,0.89,0.00,0.67,0.00,0.89
416,1,0.89,0.66,0.42,0.00,0.58,0.00,0.67,0.00,1.25
417,1,0.00,0.00,1.00,0.00,0.00,0.00,1.00,0.00,0.00
418,1,0.00,0.00,0.46,0.34,0.54,0.89,0.34,1.00,0.36
419,1,1.77,0.00,0.19,0.00,0.81,0.00,0.67,0.00,1.40
420,1,1.27,0.00,0.02,0.00,0.98,0.00,0.67,0.00,1.00
421,1,0.89,0.00,0.02,0.00,0.98,0.00,0.67,0.00,0.71
422,1,0.58,0.00,0.02,0.00,0.98,0.00,0.67,0.00,0.46
423,1,1.23,0.80,0.27,0.00,0.73,0.00,0.67,0.00,1.40
424,1,1.87,0.00,0.02,0.00,0.98,0.00,0.67,0.00,1.48
425,1,1.48,0.00,0.02,0.00,0.98,0.00,0.67,0.00,1.17
426,1,0.53,0.00,0.04,0.00,0.96,0.00,0.67,0.00,0.42
427,1,3.41,3.41,0.05,0.00,0.95,0.00,0.67,0.00,3.01
428,1,0.98,0.00,0.05,0.00,0.95,0.00,0.67,0.00,0.77
429,1,0.00,0.00,1.00,0.00,0.00,0.00,1.00,0.00,0.00
430,1,2.07,0.90,0.31,0.03,0.69,0.00,0.67,0.00,2.24
431,1,1.14,1.08,0.84,0.99,0.16,0.00,0.67,0.00,3.00
432,1,0.36,0.00,0.93,18.81,0.07,2.92,0.11,6.00,2.84
433,1,1.15,0.78,0.19,0.00,0.81,0.00,0.67,0.00,1.19
434,1,2.22,1.85,0.47,0.00,0.53,0.00,0.67,0.00,3.46
435,1,0.00,0.00,0.00,1.19,1.00,3.77,0.07,7.00,2.34
436,1,4.15,0.00,0.02,0.00,0.98,0.00,0.67,0.00,3.28
437,1,2.49,1.30,0.26,0.00,0.74,0.00,0.67,0.00,2.64
438,1,0.00,0.00,1.00,0.00,0.00,0.00,1.00,0.00,0.00
439,1,0.32,0.00,0.19,0.00,0.81,0.00,0.67,0.00,0.26
440,1,0.38,0.00,0.10,0.00,0.90,0.00,0.67,0.00,0.30
441,1,0.00,0.00,1.00,0.00,0.00,0.00,1.00,0.00,0.00
442,1,0.59,0.00,0.11,0.00,0.89,0.00,0.67,0.00,0.46
443,1,0.00,0.00,0.30,0.25,0.70,0.61,0.40,1.00,0.35
444,1,0.00,0.00,0.30,0.25,0.70,0.68,0.38,1.00,0.34
445,1,0.00,0.00,1.00,0.00,0.00,0.00,1.00,0.00,0.00
446,1,1.18,0.00,0.20,0.00,0.80,0.00,0.67,0.00,0.93
447,1,0.00,0.00,1.00,0.00,0.00,0.00,1.00,0.00,0.00
448,1,0.32,0.00,0.14,0.00,0.86,0.00,0.67,0.00,0.26
449,1,0.66,0.00,0.20,0.00,0.80,0.00,0.67,0.00,0.52
450,1,0.00,0.00,1.00,0.00,0.00,0.00,1.00,0.00,0.00
451,1,0.43,0.37,0.33,0.25,0.67,0.00,0.67,0.00,0.92
452,1,1.14,0.00,0.02,0.00,0.98,0.00,0.67,0.00,0.90
453,1,0.59,0.46,0.47,0.00,0.53,0.00,0.67,0.00,0.89
454,1,0.75,0.00,0.11,0.00,0.89,0.00,0.67,0.00,0.60
455,1,0.00,0.00,0.30,0.24,0.70,0.74,0.37,1.00,0.33
456,1,0.00,0.00,1.00,0.00,0.00,0.00,1.00,0.00,0.00
457,1,0.38,0.38,0.65,0.09,0.35,0.00,0.67,0.00,0.85
458,1,0.00,0.00,1.00,0.00,0.00,0.00,1.00,0.00,0.00
459,1,0.00,0.00,1.00,0.00,0.00,0.00,1.00,0.00,0.00
460,1,0.00,0.00,1.00,0.00,0.00,0.00,1.00,0.00,0.00
461,1,2.26,0.00,0.11,0.00,0.89,0.00,0.67,0.00,1.79
462,1,0.95,0.00,0.20,0.00,0.80,0.00,0.67,0.00,0.75
463,1,3.47,0.92,0.65,0.75,0.35,0.00,0.67,0.00,4.44
464,1,0.00,0.00,0.34,1.20,0.66,3.59,0.08,4.00,1.57
465,1,1.26,1.26,0.50,0.02,0.50,0.00,0.67,0.00,2.27
466,1,0.00,0.00,0.00,0.40,1.00,1.84,0.20,2.00,0.79
467,1,0.18,0.18,0.71,0.00,0.29,0.00,0.67,0.00,0.39
468,1,0.47,0.44,0.73,0.20,0.27,0.00,0.67,0.00,1.11
469,1,0.00,0.00,0.02,0.31,0.98,0.46,0.44,2.00,0.61