"","X.30","X.29","X.28","X.27","X.26","X.25","X.24","X.23","X.22","X.21","X.20","X.19","X.18","X.17","X.16","X.15","X.14","X.13","X.12","X.11","X.10","X.9","X.8","X.7","X.6","X.5","X.4","X.3","X.2","X.1","X","Site","Partition","X.alpha.","X.beta..sup....sup.","p.sup....sup.","X.beta..sup....sup..1","p.sup....sup..1","LRT","p.value","X..branches.under.selection","Total.branch.length","wtnt_codon","consensus_codon","consensus_AA","potential_CpG","makesCpG","graphit","graphit2","graphit3","last_nuc"
"1",1,1,1,1,1,1,1,1,1,1,1,1,1,1,1,1,1,1,1,1,1,1,1,1,1,1,1,1,1,1,1,1,1,0,0,1,0,0,0,1,0,0,"atg","atg","M","no",1,"3","2","0","g"
"2",2,2,2,2,2,2,2,2,2,2,2,2,2,2,2,2,2,2,2,2,2,2,2,2,2,2,2,2,2,2,2,2,1,0,0,1,0,0,0,1,0,0,"gcc","gcc","A","no",0,"2","2","0","c"
"3",3,3,3,3,3,3,3,3,3,3,3,3,3,3,3,3,3,3,3,3,3,3,3,3,3,3,3,3,3,3,3,3,1,0,0,1,0,0,0,1,0,0,"cca","cca","P","no",1,"3","2","0","a"
"4",4,4,4,4,4,4,4,4,4,4,4,4,4,4,4,4,4,4,4,4,4,4,4,4,4,4,4,4,4,4,4,4,1,1.81,0,0.22,0,0.78,0,0.67,0,0.67,"acc","acc","T","no",0,"2","2","0","c"
"5",5,5,5,5,5,5,5,5,5,5,5,5,5,5,5,5,5,5,5,5,5,5,5,5,5,5,5,5,5,5,5,5,1,0,0,1,0,0,0,1,0,0,"aaa","aaa","K","yes",1,"1","1","1","a"
"6",6,6,6,6,6,6,6,6,6,6,6,6,6,6,6,6,6,6,6,6,6,6,6,6,6,6,6,6,6,6,6,6,1,0,0,1,0,0,0,1,0,0,"aga","aga","R","no",0,"2","2","0","a"
"7",7,7,7,7,7,7,7,7,7,7,7,7,7,7,7,7,7,7,7,7,7,7,7,7,7,7,7,7,7,7,7,7,1,0,0,1,0,0,0,1,0,0,"aaa","aaa","K","yes",0,"2","1","2","a"
"8",8,8,8,8,8,8,8,8,8,8,8,8,8,8,8,8,8,8,8,8,8,8,8,8,8,8,8,8,8,8,8,8,1,0,0,1,0,0,0,1,0,0,"gga","gga","G","no",0,"2","2","0","a"
"9",9,9,9,9,9,9,9,9,9,9,9,9,9,9,9,9,9,9,9,9,9,9,9,9,9,9,9,9,9,9,9,9,1,1.07,1,1,0.96,0,0,0.67,0,1.48,"gag","gag","E","no",0,"2","2","0","g"
"10",10,10,10,10,10,10,10,10,10,10,10,10,10,10,10,10,10,10,10,10,10,10,10,10,10,10,10,10,10,10,10,10,1,0,0,1,0,0,0,1,0,0,"tgt","tgt","C","yes",1,"1","1","1","t"
"11",11,11,11,11,11,11,11,11,11,11,11,11,11,11,11,11,11,11,11,11,11,11,11,11,11,11,11,11,11,11,11,11,1,0,0,1,0,0,0,1,0,0,"cca","cca","P","no",1,"3","2","0","a"
"12",12,12,12,12,12,12,12,12,12,12,12,12,12,12,12,12,12,12,12,12,12,12,12,12,12,12,12,12,12,12,12,12,1,0,0,1,0,0,0,1,0,0,"ggg","ggg","G","no",0,"2","2","0","g"
"13",13,13,13,13,13,13,13,13,13,13,13,13,13,13,13,13,13,13,13,13,13,13,13,13,13,13,13,13,13,13,13,13,1,0,0,1,0,0,0,1,0,0,"gca","gca","A","no",1,"3","2","0","a"
"14",14,14,14,14,14,14,14,14,14,14,14,14,14,14,14,14,14,14,14,14,14,14,14,14,14,14,14,14,14,14,14,14,1,0,0,1,0,0,0,1,0,0,"gct","gct","A","no",0,"2","2","0","t"
"15",15,15,15,15,15,15,15,15,15,15,15,15,15,15,15,15,15,15,15,15,15,15,15,15,15,15,15,15,15,15,15,15,1,0,0,1,0,0,0,1,0,0,"ccc","ccc","P","no",0,"2","2","0","c"
"16",16,16,16,16,16,16,16,16,16,16,16,16,16,16,16,16,16,16,16,16,16,16,16,16,16,16,16,16,16,16,16,16,1,0,0,1,0,0,0,1,0,0,"aaa","aaa","K","yes",1,"1","1","1","a"
"17",17,17,17,17,17,17,17,17,17,17,17,17,17,17,17,17,17,17,17,17,17,17,17,17,17,17,17,17,17,17,17,17,1,1.19,0,0.27,0,0.73,0,0.67,0,0.44,"aag","aag","K","no",0,"2","2","0","g"
"18",18,18,18,18,18,18,18,18,18,18,18,18,18,18,18,18,18,18,18,18,18,18,18,18,18,18,18,18,18,18,18,18,1,0,0,1,0,0,0,1,0,0,"cca","cca","P","no",1,"3","2","0","a"
"19",19,19,19,19,19,19,19,19,19,19,19,19,19,19,19,19,19,19,19,19,19,19,19,19,19,19,19,19,19,19,19,19,1,0,0,1,0,0,0,1,0,0,"aag","aag","K","no",0,"2","2","0","g"
"20",20,20,20,20,20,20,20,20,20,20,20,20,20,20,20,20,20,20,20,20,20,20,20,20,20,20,20,20,20,20,20,20,1,0,0,1,0,0,0,1,0,0,"gaa","gaa","E","yes",0,"2","1","2","a"
"21",21,21,21,21,21,21,21,21,21,21,21,21,21,21,21,21,21,21,21,21,21,21,21,21,21,21,21,21,21,21,21,21,1,0.83,0,0.04,0,0.96,0,0.67,0,0.3,"ccc","ccc","P","no",0,"2","2","0","c"
"22",22,22,22,22,22,22,22,22,22,22,22,22,22,22,22,22,22,22,22,22,22,22,22,22,22,22,22,22,22,22,22,22,1,0,0,1,0,0,0,1,0,0,"gtg","gtg","V","no",1,"3","2","0","g"
"23",23,23,23,23,23,23,23,23,23,23,23,23,23,23,23,23,23,23,23,23,23,23,23,23,23,23,23,23,23,23,23,23,1,0,0,1,0,0,0,1,0,0,"caa","caa","Q","yes",1,"1","1","1","a"
"24",24,24,24,24,24,24,24,24,24,24,24,24,24,24,24,24,24,24,24,24,24,24,24,24,24,24,24,24,24,24,24,24,1,0,0,1,0,0,0,1,0,0,"gtg","gtg","V","no",1,"3","2","0","g"
"25",25,25,25,25,25,25,25,25,25,25,25,25,25,25,25,25,25,25,25,25,25,25,25,25,25,25,25,25,25,25,25,25,1,0,0,1,0,0,0,1,0,0,"cca","cca","P","no",1,"3","2","0","a"
"26",26,26,26,26,26,26,26,26,26,26,26,26,26,26,26,26,26,26,26,26,26,26,26,26,26,26,26,26,26,26,26,26,1,1.65,0,0.19,0,0.81,0,0.67,0,0.61,"aaa","aaa","K","yes",0,"2","1","2","a"
"27",27,27,27,27,27,27,27,27,27,27,27,27,27,27,27,27,27,27,27,27,27,27,27,27,27,27,27,27,27,27,27,27,1,1.7,0,0.04,0,0.96,0,0.67,0,0.62,"cta","cta","L","no",0,"2","2","0","a"
"28",28,28,28,28,28,28,28,28,28,28,28,28,28,28,28,28,28,28,28,28,28,28,28,28,28,28,28,28,28,28,28,28,1,0.82,0.44,0,0.44,1,0,0.67,0,0.78,"cta","cta","L","no",0,"2","2","0","a"
"29",29,29,29,29,29,29,29,29,29,29,29,29,29,29,29,29,29,29,29,29,29,29,29,29,29,29,29,29,29,29,29,29,1,0,0,1,0,0,0,1,0,0,"ata","ata","I","no",0,"2","2","0","a"
"30",30,30,30,30,30,30,30,30,30,30,30,30,30,30,30,30,30,30,30,30,30,30,30,30,30,30,30,30,30,30,30,30,1,0,0,1,0,0,0,1,0,0,"aaa","aaa","K","yes",0,"2","1","2","a"
"31",31,31,31,31,31,31,31,31,31,31,31,31,31,31,31,31,31,31,31,31,31,31,31,31,31,31,31,31,31,31,31,31,1,0,0,1,0,0,0,1,0,0,"gga","gga","G","no",0,"2","2","0","a"
"32",32,32,32,32,32,32,32,32,32,32,32,32,32,32,32,32,32,32,32,32,32,32,32,32,32,32,32,32,32,32,32,32,1,0,0,1,0,0,0,1,0,0,"gga","gga","G","no",0,"2","2","0","a"
"33",33,33,33,33,33,33,33,33,33,33,33,33,33,33,33,33,33,33,33,33,33,33,33,33,33,33,33,33,33,33,33,33,1,0,0,0,0.37,1,0.68,0.38,1,0.4,"gta","gta","V","no",0,"2","2","0","a"
"34",34,34,34,34,34,34,34,34,34,34,34,34,34,34,34,34,34,34,34,34,34,34,34,34,34,34,34,34,34,34,34,34,1,0,0,1,0,0,0,1,0,0,"gaa","gaa","E","yes",0,"2","1","2","a"
"35",35,35,35,35,35,35,35,35,35,35,35,35,35,35,35,35,35,35,35,35,35,35,35,35,35,35,35,35,35,35,35,35,1,0,0,1,0,0,0,1,0,0,"gtt","gtt","V","no",0,"2","2","0","t"
"36",36,36,36,36,36,36,36,36,36,36,36,36,36,36,36,36,36,36,36,36,36,36,36,36,36,36,36,36,36,36,36,36,1,0,0,1,0,0,0,1,0,0,"cta","cta","L","no",0,"2","2","0","a"
"37",37,37,37,37,37,37,37,37,37,37,37,37,37,37,37,37,37,37,37,37,37,37,37,37,37,37,37,37,37,37,37,37,1,0,0,0,0.32,1,0.45,0.44,1,0.35,"gaa","gaa","E","yes",0,"2","1","2","a"
"38",38,38,38,38,38,38,38,38,38,38,38,38,38,38,38,38,38,38,38,38,38,38,38,38,38,38,38,38,38,38,38,38,1,0,0,1,0,0,0,1,0,0,"gtt","gtt","V","no",0,"2","2","0","t"
"39",39,39,39,39,39,39,39,39,39,39,39,39,39,39,39,39,39,39,39,39,39,39,39,39,39,39,39,39,39,39,39,39,1,0,0,1,0,0,0,1,0,0,"aaa","aaa","K","yes",0,"2","1","2","a"
"40",40,40,40,40,40,40,40,40,40,40,40,40,40,40,40,40,40,40,40,40,40,40,40,40,40,40,40,40,40,40,40,40,1,0,0,1,0,0,0,1,0,0,"act","act","T","no",1,"3","2","0","t"
"41",41,41,41,41,41,41,41,41,41,41,41,41,41,41,41,41,41,41,41,41,41,41,41,41,41,41,41,41,41,41,41,41,1,0.77,0,0.02,0,0.98,0,0.67,0,0.28,"ggg","ggg","G","no",0,"2","2","0","g"
"42",42,42,42,42,42,42,42,42,42,42,42,42,42,42,42,42,42,42,42,42,42,42,42,42,42,42,42,42,42,42,42,42,1,0,0,0.93,19.51,0.07,2.63,0.13,1,1.47,"gta","gta","V","no",0,"2","2","0","a"
"43",43,43,43,43,43,43,43,43,43,43,43,43,43,43,43,43,43,43,43,43,43,43,43,43,43,43,43,43,43,43,43,43,1,1.93,0,0.18,0,0.82,0,0.67,0,0.71,"gat","gat","D","yes",1,"1","1","1","t"
"44",44,44,44,44,44,44,44,44,44,44,44,44,44,44,44,44,44,44,44,44,44,44,44,44,44,44,44,44,44,44,44,44,1,0.98,0.72,0,0.72,1,0,0.67,0,1.14,"gct","gct","A","no",0,"2","2","0","t"
"45",45,45,45,45,45,45,45,45,45,45,45,45,45,45,45,45,45,45,45,45,45,45,45,45,45,45,45,45,45,45,45,45,1,4.53,0.4,1,0.53,0,0,0.67,0,2.1,"ata","ata","I","no",0,"2","2","0","a"
"46",46,46,46,46,46,46,46,46,46,46,46,46,46,46,46,46,46,46,46,46,46,46,46,46,46,46,46,46,46,46,46,46,1,1.06,0,0.2,0,0.8,0,0.67,0,0.39,"aca","aca","T","no",1,"3","2","0","a"
"47",47,47,47,47,47,47,47,47,47,47,47,47,47,47,47,47,47,47,47,47,47,47,47,47,47,47,47,47,47,47,47,47,1,2.33,0,0.18,0,0.82,0,0.67,0,0.86,"gag","gag","E","no",0,"2","2","0","g"
"48",48,48,48,48,48,48,48,48,48,48,48,48,48,48,48,48,48,48,48,48,48,48,48,48,48,48,48,48,48,48,48,48,1,0.84,0,0.09,0,0.91,0,0.67,0,0.31,"gta","gta","V","no",0,"2","2","0","a"
"49",49,49,49,49,49,49,49,49,49,49,49,49,49,49,49,49,49,49,49,49,49,49,49,49,49,49,49,49,49,49,49,49,1,1.65,0,0.18,0,0.82,0,0.67,0,0.61,"gaa","gaa","E","yes",0,"2","1","2","a"
"50",50,50,50,50,50,50,50,50,50,50,50,50,50,50,50,50,50,50,50,50,50,50,50,50,50,50,50,50,50,50,50,50,1,0,0,1,0,0,0,1,0,0,"tgc","tgc","C","no",1,"3","2","0","c"
"51",51,51,51,51,51,51,51,51,51,51,51,51,51,51,51,51,51,51,51,51,51,51,51,51,51,51,51,51,51,51,51,51,1,7.75,0,0.02,0,0.98,0,0.67,0,2.85,"ttc","ttc","F","no",0,"2","2","0","c"
"52",52,52,52,52,52,52,52,52,52,52,52,52,52,52,52,52,52,52,52,52,52,52,52,52,52,52,52,52,52,52,52,52,1,0.68,0,0.03,0,0.97,0,0.67,0,0.25,"cta","cta","L","no",0,"2","2","0","a"
"53",53,53,53,53,53,53,53,53,53,53,53,53,53,53,53,53,53,53,53,53,53,53,53,53,53,53,53,53,53,53,53,53,1,3.13,0,0.26,0,0.74,0,0.67,0,1.15,"aac","aac","N","no",0,"2","2","0","c"
"54",54,54,54,54,54,54,54,54,54,54,54,54,54,54,54,54,54,54,54,54,54,54,54,54,54,54,54,54,54,54,54,54,1,1.06,0,0.4,0,0.6,0,0.67,0,0.39,"cca","cca","P","no",1,"3","2","0","a"
"55",55,55,55,55,55,55,55,55,55,55,55,55,55,55,55,55,55,55,55,55,55,55,55,55,55,55,55,55,55,55,55,55,1,0,0,0,0.33,1,0.35,0.48,1,0.35,"gaa","gaa","E","yes",0,"2","1","2","a"
"56",56,56,56,56,56,56,56,56,56,56,56,56,56,56,56,56,56,56,56,56,56,56,56,56,56,56,56,56,56,56,56,56,1,51.77,40.79,0.03,0,0.97,0,0.67,0,20.51,"atg","atg","M","no",1,"3","2","0","g"
"57",57,57,57,57,57,57,57,57,57,57,57,57,57,57,57,57,57,57,57,57,57,57,57,57,57,57,57,57,57,57,57,57,1,3.53,3.53,0.2,0,0.8,0,0.67,0,2.06,"ggg","ggg","G","no",0,"2","2","0","g"
"58",58,58,58,58,58,58,58,58,58,58,58,58,58,58,58,58,58,58,58,58,58,58,58,58,58,58,58,58,58,58,58,58,1,4.38,1.1,0.31,1.15,0.69,0,0.67,0,2.84,"gat","gat","D","yes",0,"2","1","2","t"
"59",59,59,59,59,59,59,59,59,59,59,59,59,59,59,59,59,59,59,59,59,59,59,59,59,59,59,59,59,59,59,59,59,1,2.63,2.63,0.22,0,0.78,0,0.67,0,1.59,"cca","cca","P","no",1,"3","2","0","a"
"60",60,60,60,60,60,60,60,60,60,60,60,60,60,60,60,60,60,60,60,60,60,60,60,60,60,60,60,60,60,60,60,60,1,0,0,0.76,11.73,0.24,4.98,0.04,3,3.05,"gat","gat","D","yes",1,"1","1","1","t"
"61",61,61,61,61,61,61,61,61,61,61,61,61,61,61,61,61,61,61,61,61,61,61,61,61,61,61,61,61,61,61,61,61,1,5.59,5.59,0.56,1.5,0.44,0,0.67,0,6.19,"gaa","gaa","E","yes",0,"2","1","2","a"
"62",62,62,62,62,62,62,62,62,62,62,62,62,62,62,62,62,62,62,62,62,62,62,62,62,62,62,62,62,62,62,62,62,1,1.39,0.71,0.96,51.91,0.04,3.98,0.06,1,3.27,"aac","aac","N","no",0,"2","2","0","c"
"63",63,63,63,63,63,63,63,63,63,63,63,63,63,63,63,63,63,63,63,63,63,63,63,63,63,63,63,63,63,63,63,63,1,0.46,0.46,0,1.1,1,0.13,0.56,0,1.37,"ctt","ctt","L","no",0,"2","2","0","t"
"64",64,64,64,64,64,64,64,64,64,64,64,64,64,64,64,64,64,64,64,64,64,64,64,64,64,64,64,64,64,64,64,64,1,0.93,0.34,1,0.33,0,0,0.67,0,0.71,"agg","agg","R","no",0,"2","2","0","g"
"65",65,65,65,65,65,65,65,65,65,65,65,65,65,65,65,65,65,65,65,65,65,65,65,65,65,65,65,65,65,65,65,65,1,0,0,1,0,0,0,1,0,0,"ggc","ggc","G","no",0,"2","2","0","c"
"66",66,66,66,66,66,66,66,66,66,66,66,66,66,66,66,66,66,66,66,66,66,66,66,66,66,66,66,66,66,66,66,66,1,0,0,0,1.37,1,0.68,0.38,1,1.49,"ttt","ttt","F","yes",0,"2","1","2","t"
"67",67,67,67,67,67,67,67,67,67,67,67,67,67,67,67,67,67,67,67,67,67,67,67,67,67,67,67,67,67,67,67,67,1,0,0,1,0,0,0,1,0,0,"agt","agt","S","no",0,"2","2","0","t"
"68",68,68,68,68,68,68,68,68,68,68,68,68,68,68,68,68,68,68,68,68,68,68,68,68,68,68,68,68,68,68,68,68,1,1.01,1.01,0,1.64,1,0.15,0.55,0,2.16,"cta","cta","L","no",0,"2","2","0","a"
"69",69,69,69,69,69,69,69,69,69,69,69,69,69,69,69,69,69,69,69,69,69,69,69,69,69,69,69,69,69,69,69,69,1,0.54,0.51,0.79,39.48,0.21,4.14,0.06,1,9.51,"aag","aag","K","no",0,"2","2","0","g"
"70",70,70,70,70,70,70,70,70,70,70,70,70,70,70,70,70,70,70,70,70,70,70,70,70,70,70,70,70,70,70,70,70,1,1.64,0,0.05,0,0.95,0,0.67,0,0.6,"cta","cta","L","no",0,"2","2","0","a"
"71",71,71,71,71,71,71,71,71,71,71,71,71,71,71,71,71,71,71,71,71,71,71,71,71,71,71,71,71,71,71,71,71,1,1.43,1.18,1,1.14,0,0,0.67,0,1.81,"agt","agt","S","no",1,"3","2","0","t"
"72",72,72,72,72,72,72,72,72,72,72,72,72,72,72,72,72,72,72,72,72,72,72,72,72,72,72,72,72,72,72,72,72,1,0,0,1,0,0,0,1,0,0,"gct","gct","A","no",1,"3","2","0","t"
"73",73,73,73,73,73,73,73,73,73,73,73,73,73,73,73,73,73,73,73,73,73,73,73,73,73,73,73,73,73,73,73,73,1,0,0,0.95,29.81,0.05,2.49,0.14,1,1.48,"gaa","gaa","E","yes",0,"2","1","2","a"
"74",74,74,74,74,74,74,74,74,74,74,74,74,74,74,74,74,74,74,74,74,74,74,74,74,74,74,74,74,74,74,74,74,1,0,0,0,0.77,1,0.35,0.47,1,0.84,"aat","aat","N","yes",1,"1","1","1","t"
"75",75,75,75,75,75,75,75,75,75,75,75,75,75,75,75,75,75,75,75,75,75,75,75,75,75,75,75,75,75,75,75,75,1,0,0,0,2.23,1,2.02,0.18,1,2.42,"gac","gac","D","no",0,"2","2","0","c"
"76",76,76,76,76,76,76,76,76,76,76,76,76,76,76,76,76,76,76,76,76,76,76,76,76,76,76,76,76,76,76,76,76,1,0,0,1,0,0,0,1,0,0,"ttt","ttt","F","yes",0,"2","1","2","t"
"77",77,77,77,77,77,77,77,77,77,77,77,77,77,77,77,77,77,77,77,77,77,77,77,77,77,77,77,77,77,77,77,77,1,0,0,0,6.98,1,4.24,0.06,7,7.58,"agc","agc","S","no",0,"2","2","0","c"
"78",78,78,78,78,78,78,78,78,78,78,78,78,78,78,78,78,78,78,78,78,78,78,78,78,78,78,78,78,78,78,78,78,1,0,0,0.03,0.63,0.97,0.6,0.4,1,0.67,"agt","agt","S","no",1,"3","2","0","t"
"79",79,79,79,79,79,79,79,79,79,79,79,79,79,79,79,79,79,79,79,79,79,79,79,79,79,79,79,79,79,79,79,79,1,1.93,0,0.18,0,0.82,0,0.67,0,0.71,"gat","gat","D","yes",0,"2","1","2","t"
"80",80,80,80,80,80,80,80,80,80,80,80,80,80,80,80,80,80,80,80,80,80,80,80,80,80,80,80,80,80,80,80,80,1,1.1,0.96,0.59,0,0.41,0,0.67,0,1.03,"agc","agc","S","no",0,"2","2","0","c"
"81",81,81,81,81,81,81,81,81,81,81,81,81,81,81,81,81,81,81,81,81,81,81,81,81,81,81,81,81,81,81,81,81,1,0,0,1,0,0,0,1,0,0,"cca","cca","P","no",1,"3","2","0","a"
"82",82,82,82,82,82,82,82,82,82,82,82,82,82,82,82,82,82,82,82,82,82,82,82,82,82,82,82,82,82,82,82,82,1,4,4,0.46,0,0.54,0,0.67,0,3.45,"gaa","gaa","E","yes",0,"2","1","2","a"
"83",83,83,83,83,83,83,83,83,83,83,83,83,83,83,83,83,83,83,83,83,83,83,83,83,83,83,83,83,83,83,83,83,1,0,0,0,0.76,1,0.98,0.32,0,0.82,"aga","aga","R","no",0,"2","2","0","a"
"84",84,84,84,84,84,84,84,84,84,84,84,84,84,84,84,84,84,84,84,84,84,84,84,84,84,84,84,84,84,84,84,84,1,0,0,0,0.32,1,0.34,0.48,1,0.35,"aaa","aaa","K","yes",0,"2","1","2","a"
"85",85,85,85,85,85,85,85,85,85,85,85,85,85,85,85,85,85,85,85,85,85,85,85,85,85,85,85,85,85,85,85,85,1,4.9,1.23,0.46,0,0.54,0,0.67,0,2.41,"atg","atg","M","no",1,"3","2","0","g"
"86",86,86,86,86,86,86,86,86,86,86,86,86,86,86,86,86,86,86,86,86,86,86,86,86,86,86,86,86,86,86,86,86,1,1.56,0,0.27,0,0.73,0,0.67,0,0.57,"ctt","ctt","L","no",0,"2","2","0","t"
"87",87,87,87,87,87,87,87,87,87,87,87,87,87,87,87,87,87,87,87,87,87,87,87,87,87,87,87,87,87,87,87,87,1,1.69,0,0.34,0,0.66,0,0.67,0,0.62,"ccc","ccc","P","no",0,"2","2","0","c"
"88",88,88,88,88,88,88,88,88,88,88,88,88,88,88,88,88,88,88,88,88,88,88,88,88,88,88,88,88,88,88,88,88,1,1.93,0,0.18,0,0.82,0,0.67,0,0.71,"tgt","tgt","C","yes",1,"1","1","1","t"
"89",89,89,89,89,89,89,89,89,89,89,89,89,89,89,89,89,89,89,89,89,89,89,89,89,89,89,89,89,89,89,89,89,1,0,0,1,0,0,0,1,0,0,"tac","tac","Y","no",0,"2","2","0","c"
"90",90,90,90,90,90,90,90,90,90,90,90,90,90,90,90,90,90,90,90,90,90,90,90,90,90,90,90,90,90,90,90,90,1,3.28,0,0.15,0,0.85,0,0.67,0,1.21,"agc","agc","S","no",1,"3","2","0","c"
"91",91,91,91,91,91,91,91,91,91,91,91,91,91,91,91,91,91,91,91,91,91,91,91,91,91,91,91,91,91,91,91,91,1,0.75,0.75,0,0.76,1,0,0.66,0,1.11,"aca","aca","T","no",1,"3","2","0","a"
"92",92,92,92,92,92,92,92,92,92,92,92,92,92,92,92,92,92,92,92,92,92,92,92,92,92,92,92,92,92,92,92,92,1,1.06,0,0.2,0,0.8,0,0.67,0,0.39,"gca","gca","A","no",1,"3","2","0","a"
"93",93,93,93,93,93,93,93,93,93,93,93,93,93,93,93,93,93,93,93,93,93,93,93,93,93,93,93,93,93,93,93,93,1,0,0,0.94,17.87,0.06,2.34,0.15,1,1.23,"aga","aga","R","no",0,"2","2","0","a"
"94",94,94,94,94,94,94,94,94,94,94,94,94,94,94,94,94,94,94,94,94,94,94,94,94,94,94,94,94,94,94,94,94,1,0,0,1,0,0,0,1,0,0,"att","att","I","no",0,"2","2","0","t"
"95",95,95,95,95,95,95,95,95,95,95,95,95,95,95,95,95,95,95,95,95,95,95,95,95,95,95,95,95,95,95,95,95,1,2.31,0,0.19,0,0.81,0,0.67,0,0.85,"ccc","ccc","P","no",0,"2","2","0","c"
"96",96,96,96,96,96,96,96,96,96,96,96,96,96,96,96,96,96,96,96,96,96,96,96,96,96,96,96,96,96,96,96,96,1,4.25,0,0.03,0,0.97,0,0.67,0,1.56,"ctc","ctc","L","no",0,"2","2","0","c"
"97",97,97,97,97,97,97,97,97,97,97,97,97,97,97,97,97,97,97,97,97,97,97,97,97,97,97,97,97,97,97,97,97,1,2.52,0,0.26,0,0.74,0,0.67,0,0.93,"ccc","ccc","P","no",0,"2","2","0","c"
"98",98,98,98,98,98,98,98,98,98,98,98,98,98,98,98,98,98,98,98,98,98,98,98,98,98,98,98,98,98,98,98,98,1,5.07,0,0.12,0,0.88,0,0.67,0,1.86,"aat","aat","N","yes",1,"1","1","1","t"
"99",99,99,99,99,99,99,99,99,99,99,99,99,99,99,99,99,99,99,99,99,99,99,99,99,99,99,99,99,99,99,99,99,1,3.17,0,0.07,0,0.93,0,0.67,0,1.16,"tta","tta","L","no",0,"2","2","0","a"
"100",100,100,100,100,100,100,100,100,100,100,100,100,100,100,100,100,100,100,100,100,100,100,100,100,100,100,100,100,100,100,100,100,1,0,0,1,0,0,0,1,0,0,"aat","aat","N","yes",1,"1","1","1","t"
"101",101,101,101,101,101,101,101,101,101,101,101,101,101,101,101,101,101,101,101,101,101,101,101,101,101,101,101,101,101,101,101,101,1,0,0,1,0,0,0,1,0,0,"gag","gag","E","no",0,"2","2","0","g"
"102",102,102,102,102,102,102,102,102,102,102,102,102,102,102,102,102,102,102,102,102,102,102,102,102,102,102,102,102,102,102,102,102,1,2.53,0,0.08,0,0.92,0,0.67,0,0.93,"gac","gac","D","no",0,"2","2","0","c"
"103",103,103,103,103,103,103,103,103,103,103,103,103,103,103,103,103,103,103,103,103,103,103,103,103,103,103,103,103,103,103,103,103,1,1.63,0,0.01,0,0.99,0,0.67,0,0.6,"cta","cta","L","no",0,"2","2","0","a"
"104",104,104,104,104,104,104,104,104,104,104,104,104,104,104,104,104,104,104,104,104,104,104,104,104,104,104,104,104,104,104,104,104,1,0,0,1,0,0,0,1,0,0,"acc","acc","T","no",0,"2","2","0","c"
"105",105,105,105,105,105,105,105,105,105,105,105,105,105,105,105,105,105,105,105,105,105,105,105,105,105,105,105,105,105,105,105,105,1,0,0,1,0,0,0,1,0,0,"tgt","tgt","C","yes",1,"1","1","1","t"
"106",106,106,106,106,106,106,106,106,106,106,106,106,106,106,106,106,106,106,106,106,106,106,106,106,106,106,106,106,106,106,106,106,1,0,0,1,0,0,0,1,0,0,"gga","gga","G","no",0,"2","2","0","a"
"107",107,107,107,107,107,107,107,107,107,107,107,107,107,107,107,107,107,107,107,107,107,107,107,107,107,107,107,107,107,107,107,107,1,0,0,1,0,0,0,1,0,0,"aat","aat","N","yes",0,"2","1","2","t"
"108",108,108,108,108,108,108,108,108,108,108,108,108,108,108,108,108,108,108,108,108,108,108,108,108,108,108,108,108,108,108,108,108,1,0.83,0.49,1,0.48,0,0,0.67,0,0.84,"cta","cta","L","no",0,"2","2","0","a"
"109",109,109,109,109,109,109,109,109,109,109,109,109,109,109,109,109,109,109,109,109,109,109,109,109,109,109,109,109,109,109,109,109,1,3.1,0,0.1,0,0.9,0,0.67,0,1.14,"ctg","ctg","L","no",1,"3","2","0","g"
"110",110,110,110,110,110,110,110,110,110,110,110,110,110,110,110,110,110,110,110,110,110,110,110,110,110,110,110,110,110,110,110,110,1,0,0,1,0,0,0,1,0,0,"atg","atg","M","no",1,"3","2","0","g"
"111",111,111,111,111,111,111,111,111,111,111,111,111,111,111,111,111,111,111,111,111,111,111,111,111,111,111,111,111,111,111,111,111,1,0,0,1,0,0,0,1,0,0,"tgg","tgg","W","no",1,"3","2","0","g"
"112",112,112,112,112,112,112,112,112,112,112,112,112,112,112,112,112,112,112,112,112,112,112,112,112,112,112,112,112,112,112,112,112,1,1.63,1.63,0.3,0,0.7,0,0.67,0,1.14,"gag","gag","E","no",0,"2","2","0","g"
"113",113,113,113,113,113,113,113,113,113,113,113,113,113,113,113,113,113,113,113,113,113,113,113,113,113,113,113,113,113,113,113,113,1,0,0,1,0,0,0,1,0,0,"gct","gct","A","no",1,"3","2","0","t"
"114",114,114,114,114,114,114,114,114,114,114,114,114,114,114,114,114,114,114,114,114,114,114,114,114,114,114,114,114,114,114,114,114,1,4.36,0,0.05,0,0.95,0,0.67,0,1.6,"gta","gta","V","no",0,"2","2","0","a"
"115",115,115,115,115,115,115,115,115,115,115,115,115,115,115,115,115,115,115,115,115,115,115,115,115,115,115,115,115,115,115,115,115,1,1.17,0,0.12,0,0.88,0,0.67,0,0.43,"act","act","T","no",1,"3","2","0","t"
"116",116,116,116,116,116,116,116,116,116,116,116,116,116,116,116,116,116,116,116,116,116,116,116,116,116,116,116,116,116,116,116,116,1,1.06,0,0.23,0,0.77,0,0.67,0,0.39,"gta","gta","V","no",0,"2","2","0","a"
"117",117,117,117,117,117,117,117,117,117,117,117,117,117,117,117,117,117,117,117,117,117,117,117,117,117,117,117,117,117,117,117,117,1,0,0,0.72,2.17,0.28,1.02,0.31,1,0.66,"caa","caa","Q","yes",1,"1","1","1","a"
"118",118,118,118,118,118,118,118,118,118,118,118,118,118,118,118,118,118,118,118,118,118,118,118,118,118,118,118,118,118,118,118,118,1,1.06,0,0.2,0,0.8,0,0.67,0,0.39,"aca","aca","T","no",1,"3","2","0","a"
"119",119,119,119,119,119,119,119,119,119,119,119,119,119,119,119,119,119,119,119,119,119,119,119,119,119,119,119,119,119,119,119,119,1,0,0,1,0,0,0,1,0,0,"gag","gag","E","no",0,"2","2","0","g"
"120",120,120,120,120,120,120,120,120,120,120,120,120,120,120,120,120,120,120,120,120,120,120,120,120,120,120,120,120,120,120,120,120,1,3.32,0,0.19,0,0.81,0,0.67,0,1.22,"gtc","gtc","V","no",0,"2","2","0","c"
"121",121,121,121,121,121,121,121,121,121,121,121,121,121,121,121,121,121,121,121,121,121,121,121,121,121,121,121,121,121,121,121,121,1,0,0,1,0,0,0,1,0,0,"att","att","I","no",1,"3","2","0","t"
"122",122,122,122,122,122,122,122,122,122,122,122,122,122,122,122,122,122,122,122,122,122,122,122,122,122,122,122,122,122,122,122,122,1,0.84,0,0.05,0,0.95,0,0.67,0,0.31,"gga","gga","G","no",0,"2","2","0","a"
"123",123,123,123,123,123,123,123,123,123,123,123,123,123,123,123,123,123,123,123,123,123,123,123,123,123,123,123,123,123,123,123,123,1,0,0,0,0.33,1,0.5,0.43,1,0.36,"ata","ata","I","no",0,"2","2","0","a"
"124",124,124,124,124,124,124,124,124,124,124,124,124,124,124,124,124,124,124,124,124,124,124,124,124,124,124,124,124,124,124,124,124,1,0,0,1,0,0,0,1,0,0,"act","act","T","no",0,"2","2","0","t"
"125",125,125,125,125,125,125,125,125,125,125,125,125,125,125,125,125,125,125,125,125,125,125,125,125,125,125,125,125,125,125,125,125,1,5.72,0.66,1,0.64,0,0,0.67,0,2.82,"agc","agc","S","no",0,"2","2","0","c"
"126",126,126,126,126,126,126,126,126,126,126,126,126,126,126,126,126,126,126,126,126,126,126,126,126,126,126,126,126,126,126,126,126,1,0,0,1,0,0,0,1,0,0,"atg","atg","M","no",1,"3","2","0","g"
"127",127,127,127,127,127,127,127,127,127,127,127,127,127,127,127,127,127,127,127,127,127,127,127,127,127,127,127,127,127,127,127,127,1,2.34,0,0.05,0,0.95,0,0.67,0,0.86,"ctt","ctt","L","no",0,"2","2","0","t"
"128",128,128,128,128,128,128,128,128,128,128,128,128,128,128,128,128,128,128,128,128,128,128,128,128,128,128,128,128,128,128,128,128,1,0,0,1,0,0,0,1,0,0,"aac","aac","N","no",0,"2","2","0","c"
"129",129,129,129,129,129,129,129,129,129,129,129,129,129,129,129,129,129,129,129,129,129,129,129,129,129,129,129,129,129,129,129,129,1,2.7,0,0.09,0,0.91,0,0.67,0,0.99,"ctt","ctt","L","no",0,"2","2","0","t"
"130",130,130,130,130,130,130,130,130,130,130,130,130,130,130,130,130,130,130,130,130,130,130,130,130,130,130,130,130,130,130,130,130,1,0,0,1,0,0,0,1,0,0,"cat","cat","H","yes",1,"1","1","1","t"
"131",131,131,131,131,131,131,131,131,131,131,131,131,131,131,131,131,131,131,131,131,131,131,131,131,131,131,131,131,131,131,131,131,1,1.06,0.57,1,0.57,0,0,0.67,0,1.01,"gca","gca","A","no",1,"3","2","0","a"
"132",132,132,132,132,132,132,132,132,132,132,132,132,132,132,132,132,132,132,132,132,132,132,132,132,132,132,132,132,132,132,132,132,1,0,0,1,0,0,0,1,0,0,"ggg","ggg","G","no",0,"2","2","0","g"
"133",133,133,133,133,133,133,133,133,133,133,133,133,133,133,133,133,133,133,133,133,133,133,133,133,133,133,133,133,133,133,133,133,1,1.2,0.47,1,0.47,0,0,0.67,0,0.95,"tca","tca","S","no",1,"3","2","0","a"
"134",134,134,134,134,134,134,134,134,134,134,134,134,134,134,134,134,134,134,134,134,134,134,134,134,134,134,134,134,134,134,134,134,1,4.07,0,0.19,0,0.81,0,0.67,0,1.5,"caa","caa","Q","yes",1,"1","1","1","a"
"135",135,135,135,135,135,135,135,135,135,135,135,135,135,135,135,135,135,135,135,135,135,135,135,135,135,135,135,135,135,135,135,135,1,0,0,1,0,0,0,1,0,0,"aaa","aaa","K","yes",0,"2","1","2","a"
"136",136,136,136,136,136,136,136,136,136,136,136,136,136,136,136,136,136,136,136,136,136,136,136,136,136,136,136,136,136,136,136,136,1,4.49,0.8,0,0.8,1,0,0.67,0,2.51,"gtg","gtg","V","no",1,"3","2","0","g"
"137",137,137,137,137,137,137,137,137,137,137,137,137,137,137,137,137,137,137,137,137,137,137,137,137,137,137,137,137,137,137,137,137,1,0,0,1,0,0,0,1,0,0,"cat","cat","H","yes",1,"1","1","1","t"
"138",138,138,138,138,138,138,138,138,138,138,138,138,138,138,138,138,138,138,138,138,138,138,138,138,138,138,138,138,138,138,138,138,1,2.79,0,0.19,0,0.81,0,0.67,0,1.02,"gag","gag","E","no",0,"2","2","0","g"
"139",139,139,139,139,139,139,139,139,139,139,139,139,139,139,139,139,139,139,139,139,139,139,139,139,139,139,139,139,139,139,139,139,1,0,0,0.66,3.96,0.34,2.46,0.14,2,1.45,"cat","cat","H","yes",1,"1","1","1","t"
"140",140,140,140,140,140,140,140,140,140,140,140,140,140,140,140,140,140,140,140,140,140,140,140,140,140,140,140,140,140,140,140,140,1,0,0,1,0,0,0,1,0,0,"ggt","ggt","G","no",1,"3","2","0","t"
"141",141,141,141,141,141,141,141,141,141,141,141,141,141,141,141,141,141,141,141,141,141,141,141,141,141,141,141,141,141,141,141,141,1,1.05,0.36,0,0.36,1,0,0.67,0,0.78,"gga","gga","G","no",0,"2","2","0","a"
"142",142,142,142,142,142,142,142,142,142,142,142,142,142,142,142,142,142,142,142,142,142,142,142,142,142,142,142,142,142,142,142,142,1,5.79,0,0.02,0,0.98,0,0.67,0,2.13,"ggt","ggt","G","no",0,"2","2","0","t"
"143",143,143,143,143,143,143,143,143,143,143,143,143,143,143,143,143,143,143,143,143,143,143,143,143,143,143,143,143,143,143,143,143,1,0,0,1,0,0,0,1,0,0,"aaa","aaa","K","yes",0,"2","1","2","a"
"144",144,144,144,144,144,144,144,144,144,144,144,144,144,144,144,144,144,144,144,144,144,144,144,144,144,144,144,144,144,144,144,144,1,0.89,0,0.07,0,0.93,0,0.67,0,0.33,"cct","cct","P","no",0,"2","2","0","t"
"145",145,145,145,145,145,145,145,145,145,145,145,145,145,145,145,145,145,145,145,145,145,145,145,145,145,145,145,145,145,145,145,145,1,5.44,5.44,0.31,0,0.69,0,0.67,0,3.84,"att","att","I","no",0,"2","2","0","t"
"146",146,146,146,146,146,146,146,146,146,146,146,146,146,146,146,146,146,146,146,146,146,146,146,146,146,146,146,146,146,146,146,146,1,0,0,1,0,0,0,1,0,0,"caa","caa","Q","yes",1,"1","1","1","a"
"147",147,147,147,147,147,147,147,147,147,147,147,147,147,147,147,147,147,147,147,147,147,147,147,147,147,147,147,147,147,147,147,147,1,0.69,0,0.02,0,0.98,0,0.67,0,0.25,"ggc","ggc","G","no",0,"2","2","0","c"
"148",148,148,148,148,148,148,148,148,148,148,148,148,148,148,148,148,148,148,148,148,148,148,148,148,148,148,148,148,148,148,148,148,1,5.59,1.28,0.49,0,0.51,0,0.67,0,2.73,"agt","agt","S","no",1,"3","2","0","t"
"149",149,149,149,149,149,149,149,149,149,149,149,149,149,149,149,149,149,149,149,149,149,149,149,149,149,149,149,149,149,149,149,149,1,0,0,1,0,0,0,1,0,0,"aat","aat","N","yes",0,"2","1","2","t"
"150",150,150,150,150,150,150,150,150,150,150,150,150,150,150,150,150,150,150,150,150,150,150,150,150,150,150,150,150,150,150,150,150,1,3.13,0,0.11,0,0.89,0,0.67,0,1.15,"ttc","ttc","F","no",0,"2","2","0","c"
"151",151,151,151,151,151,151,151,151,151,151,151,151,151,151,151,151,151,151,151,151,151,151,151,151,151,151,151,151,151,151,151,151,1,1.34,0,0.18,0,0.82,0,0.67,0,0.49,"cac","cac","H","no",1,"3","2","0","c"
"152",152,152,152,152,152,152,152,152,152,152,152,152,152,152,152,152,152,152,152,152,152,152,152,152,152,152,152,152,152,152,152,152,1,6.94,0,0.02,0,0.98,0,0.67,0,2.55,"ttt","ttt","F","yes",0,"2","1","2","t"
"153",153,153,153,153,153,153,153,153,153,153,153,153,153,153,153,153,153,153,153,153,153,153,153,153,153,153,153,153,153,153,153,153,1,0,0,1,0,0,0,1,0,0,"ttt","ttt","F","yes",1,"1","1","1","t"
"154",154,154,154,154,154,154,154,154,154,154,154,154,154,154,154,154,154,154,154,154,154,154,154,154,154,154,154,154,154,154,154,154,1,0,0,1,0,0,0,1,0,0,"gct","gct","A","no",1,"3","2","0","t"
"155",155,155,155,155,155,155,155,155,155,155,155,155,155,155,155,155,155,155,155,155,155,155,155,155,155,155,155,155,155,155,155,155,1,5.65,0,0.11,0,0.89,0,0.67,0,2.07,"gtt","gtt","V","no",1,"3","2","0","t"
"156",156,156,156,156,156,156,156,156,156,156,156,156,156,156,156,156,156,156,156,156,156,156,156,156,156,156,156,156,156,156,156,156,1,0,0,1,0,0,0,1,0,0,"ggt","ggt","G","no",1,"3","2","0","t"
"157",157,157,157,157,157,157,157,157,157,157,157,157,157,157,157,157,157,157,157,157,157,157,157,157,157,157,157,157,157,157,157,157,1,1.32,0,0.33,0,0.67,0,0.67,0,0.49,"gga","gga","G","no",0,"2","2","0","a"
"158",158,158,158,158,158,158,158,158,158,158,158,158,158,158,158,158,158,158,158,158,158,158,158,158,158,158,158,158,158,158,158,158,1,0,0,0,0.61,1,0.32,0.49,2,0.66,"gac","gac","D","no",0,"2","2","0","c"
"159",159,159,159,159,159,159,159,159,159,159,159,159,159,159,159,159,159,159,159,159,159,159,159,159,159,159,159,159,159,159,159,159,1,1.46,0,0.14,0,0.86,0,0.67,0,0.54,"ccc","ccc","P","no",0,"2","2","0","c"
"160",160,160,160,160,160,160,160,160,160,160,160,160,160,160,160,160,160,160,160,160,160,160,160,160,160,160,160,160,160,160,160,160,1,0,0,1,0,0,0,1,0,0,"ttg","ttg","L","no",1,"3","2","0","g"
"161",161,161,161,161,161,161,161,161,161,161,161,161,161,161,161,161,161,161,161,161,161,161,161,161,161,161,161,161,161,161,161,161,1,1.65,0,0.18,0,0.82,0,0.67,0,0.61,"gaa","gaa","E","yes",0,"2","1","2","a"
"162",162,162,162,162,162,162,162,162,162,162,162,162,162,162,162,162,162,162,162,162,162,162,162,162,162,162,162,162,162,162,162,162,1,0,0,0,0.31,1,0.26,0.5,1,0.34,"atg","atg","M","no",1,"3","2","0","g"
"163",163,163,163,163,163,163,163,163,163,163,163,163,163,163,163,163,163,163,163,163,163,163,163,163,163,163,163,163,163,163,163,163,1,0,0,1,0,0,0,1,0,0,"cag","cag","Q","no",1,"3","2","0","g"
"164",164,164,164,164,164,164,164,164,164,164,164,164,164,164,164,164,164,164,164,164,164,164,164,164,164,164,164,164,164,164,164,164,1,1.06,0,0.14,0,0.86,0,0.67,0,0.39,"gga","gga","G","no",0,"2","2","0","a"
"165",165,165,165,165,165,165,165,165,165,165,165,165,165,165,165,165,165,165,165,165,165,165,165,165,165,165,165,165,165,165,165,165,1,1.03,0,0.15,0,0.85,0,0.67,0,0.38,"gtg","gtg","V","no",1,"3","2","0","g"
"166",166,166,166,166,166,166,166,166,166,166,166,166,166,166,166,166,166,166,166,166,166,166,166,166,166,166,166,166,166,166,166,166,1,3.78,0,0.02,0,0.98,0,0.67,0,1.39,"cta","cta","L","no",0,"2","2","0","a"
"167",167,167,167,167,167,167,167,167,167,167,167,167,167,167,167,167,167,167,167,167,167,167,167,167,167,167,167,167,167,167,167,167,1,2.95,0.81,0.68,0,0.32,0,0.67,0,1.68,"atg","atg","M","no",1,"3","2","0","g"
"168",168,168,168,168,168,168,168,168,168,168,168,168,168,168,168,168,168,168,168,168,168,168,168,168,168,168,168,168,168,168,168,168,1,4.62,0,0.19,0,0.81,0,0.67,0,1.7,"aat","aat","N","yes",0,"2","1","2","t"
"169",169,169,169,169,169,169,169,169,169,169,169,169,169,169,169,169,169,169,169,169,169,169,169,169,169,169,169,169,169,169,169,169,1,0,0,1,0,0,0,1,0,0,"tac","tac","Y","no",0,"2","2","0","c"
"170",170,170,170,170,170,170,170,170,170,170,170,170,170,170,170,170,170,170,170,170,170,170,170,170,170,170,170,170,170,170,170,170,1,4.26,0,0.02,0,0.98,0,0.67,0,1.57,"agg","agg","R","no",1,"3","2","0","g"
"171",171,171,171,171,171,171,171,171,171,171,171,171,171,171,171,171,171,171,171,171,171,171,171,171,171,171,171,171,171,171,171,171,1,4.53,4.53,0.16,0,0.84,0,0.67,0,2.44,"aca","aca","T","no",1,"3","2","0","a"
"172",172,172,172,172,172,172,172,172,172,172,172,172,172,172,172,172,172,172,172,172,172,172,172,172,172,172,172,172,172,172,172,172,1,1.19,0,0.27,0,0.73,0,0.67,0,0.44,"aag","aag","K","no",0,"2","2","0","g"
"173",173,173,173,173,173,173,173,173,173,173,173,173,173,173,173,173,173,173,173,173,173,173,173,173,173,173,173,173,173,173,173,173,1,1.34,0,0.27,0,0.73,0,0.67,0,0.49,"tac","tac","Y","no",0,"2","2","0","c"
"174",174,174,174,174,174,174,174,174,174,174,174,174,174,174,174,174,174,174,174,174,174,174,174,174,174,174,174,174,174,174,174,174,1,2.48,0,0.26,0,0.74,0,0.67,0,0.91,"cca","cca","P","no",1,"3","2","0","a"
"175",175,175,175,175,175,175,175,175,175,175,175,175,175,175,175,175,175,175,175,175,175,175,175,175,175,175,175,175,175,175,175,175,1,0,0,0,3.29,1,0.71,0.38,1,3.57,"gaa","gaa","E","yes",0,"2","1","2","a"
"176",176,176,176,176,176,176,176,176,176,176,176,176,176,176,176,176,176,176,176,176,176,176,176,176,176,176,176,176,176,176,176,176,1,2.72,0,0.32,1.11,0.68,0,0.67,0,1.81,"ggt","ggt","G","no",0,"2","2","0","t"
"177",177,177,177,177,177,177,177,177,177,177,177,177,177,177,177,177,177,177,177,177,177,177,177,177,177,177,177,177,177,177,177,177,1,0,0,1,0,0,0,1,0,0,"act","act","T","no",0,"2","2","0","t"
"178",178,178,178,178,178,178,178,178,178,178,178,178,178,178,178,178,178,178,178,178,178,178,178,178,178,178,178,178,178,178,178,178,1,3.01,3.01,0.23,0,0.77,0,0.67,0,1.86,"ata","ata","I","no",0,"2","2","0","a"
"179",179,179,179,179,179,179,179,179,179,179,179,179,179,179,179,179,179,179,179,179,179,179,179,179,179,179,179,179,179,179,179,179,1,0,0,1,0,0,0,1,0,0,"acc","acc","T","no",0,"2","2","0","c"
"180",180,180,180,180,180,180,180,180,180,180,180,180,180,180,180,180,180,180,180,180,180,180,180,180,180,180,180,180,180,180,180,180,1,4.82,0,0.02,0,0.98,0,0.67,0,1.77,"cca","cca","P","no",1,"3","2","0","a"
"181",181,181,181,181,181,181,181,181,181,181,181,181,181,181,181,181,181,181,181,181,181,181,181,181,181,181,181,181,181,181,181,181,1,0,0,1,0,0,0,1,0,0,"aaa","aaa","K","yes",0,"2","1","2","a"
"182",182,182,182,182,182,182,182,182,182,182,182,182,182,182,182,182,182,182,182,182,182,182,182,182,182,182,182,182,182,182,182,182,1,6.29,0,0.02,0,0.98,0,0.67,0,2.31,"aac","aac","N","no",0,"2","2","0","c"
"183",183,183,183,183,183,183,183,183,183,183,183,183,183,183,183,183,183,183,183,183,183,183,183,183,183,183,183,183,183,183,183,183,1,3.62,0.32,0,0.32,1,0,0.67,0,1.67,"cca","cca","P","no",1,"3","2","0","a"
"184",184,184,184,184,184,184,184,184,184,184,184,184,184,184,184,184,184,184,184,184,184,184,184,184,184,184,184,184,184,184,184,184,1,0,0,1,0,0,0,1,0,0,"aca","aca","T","no",1,"3","2","0","a"
"185",185,185,185,185,185,185,185,185,185,185,185,185,185,185,185,185,185,185,185,185,185,185,185,185,185,185,185,185,185,185,185,185,1,0.99,0.34,1,0.29,0,0,0.67,0,0.74,"gcc","gcc","A","no",0,"2","2","0","c"
"186",186,186,186,186,186,186,186,186,186,186,186,186,186,186,186,186,186,186,186,186,186,186,186,186,186,186,186,186,186,186,186,186,1,0,0,0,0.71,1,0.9,0.34,1,0.77,"cag","cag","Q","no",1,"3","2","0","g"
"187",187,187,187,187,187,187,187,187,187,187,187,187,187,187,187,187,187,187,187,187,187,187,187,187,187,187,187,187,187,187,187,187,1,0.71,0.71,0,0.84,1,0.02,0.63,0,1.17,"tcc","tcc","S","no",0,"2","2","0","c"
"188",188,188,188,188,188,188,188,188,188,188,188,188,188,188,188,188,188,188,188,188,188,188,188,188,188,188,188,188,188,188,188,188,1,1.41,0,0.19,0,0.81,0,0.67,0,0.52,"cag","cag","Q","no",1,"3","2","0","g"
"189",189,189,189,189,189,189,189,189,189,189,189,189,189,189,189,189,189,189,189,189,189,189,189,189,189,189,189,189,189,189,189,189,1,0.86,0.86,0,0.94,1,0,0.65,0,1.34,"gta","gta","V","no",0,"2","2","0","a"
"190",190,190,190,190,190,190,190,190,190,190,190,190,190,190,190,190,190,190,190,190,190,190,190,190,190,190,190,190,190,190,190,190,1,0,0,1,0,0,0,1,0,0,"atg","atg","M","no",1,"3","2","0","g"
"191",191,191,191,191,191,191,191,191,191,191,191,191,191,191,191,191,191,191,191,191,191,191,191,191,191,191,191,191,191,191,191,191,1,1.93,0,0.11,0,0.89,0,0.67,0,0.71,"aat","aat","N","yes",0,"2","1","2","t"
"192",192,192,192,192,192,192,192,192,192,192,192,192,192,192,192,192,192,192,192,192,192,192,192,192,192,192,192,192,192,192,192,192,1,0,0,1,0,0,0,1,0,0,"act","act","T","no",1,"3","2","0","t"
"193",193,193,193,193,193,193,193,193,193,193,193,193,193,193,193,193,193,193,193,193,193,193,193,193,193,193,193,193,193,193,193,193,1,2.23,0,0.1,0,0.9,0,0.67,0,0.82,"gac","gac","D","no",0,"2","2","0","c"
"194",194,194,194,194,194,194,194,194,194,194,194,194,194,194,194,194,194,194,194,194,194,194,194,194,194,194,194,194,194,194,194,194,1,1.93,0,0.17,0,0.83,0,0.67,0,0.71,"cat","cat","H","yes",1,"1","1","1","t"
"195",195,195,195,195,195,195,195,195,195,195,195,195,195,195,195,195,195,195,195,195,195,195,195,195,195,195,195,195,195,195,195,195,1,0,0,1,0,0,0,1,0,0,"aag","aag","K","no",0,"2","2","0","g"
"196",196,196,196,196,196,196,196,196,196,196,196,196,196,196,196,196,196,196,196,196,196,196,196,196,196,196,196,196,196,196,196,196,1,1.47,0,0.05,0,0.95,0,0.67,0,0.54,"gcc","gcc","A","no",0,"2","2","0","c"
"197",197,197,197,197,197,197,197,197,197,197,197,197,197,197,197,197,197,197,197,197,197,197,197,197,197,197,197,197,197,197,197,197,1,3.86,1.27,1,2.4,0,0,0.67,0,2.8,"tat","tat","Y","yes",0,"2","1","2","t"
"198",198,198,198,198,198,198,198,198,198,198,198,198,198,198,198,198,198,198,198,198,198,198,198,198,198,198,198,198,198,198,198,198,1,0,0,1,0,0,0,1,0,0,"ttg","ttg","L","no",1,"3","2","0","g"
"199",199,199,199,199,199,199,199,199,199,199,199,199,199,199,199,199,199,199,199,199,199,199,199,199,199,199,199,199,199,199,199,199,1,1.34,0,0.19,0,0.81,0,0.67,0,0.49,"gac","gac","D","no",0,"2","2","0","c"
"200",200,200,200,200,200,200,200,200,200,200,200,200,200,200,200,200,200,200,200,200,200,200,200,200,200,200,200,200,200,200,200,200,1,1.65,0,0.19,0,0.81,0,0.67,0,0.61,"aaa","aaa","K","yes",1,"1","1","1","a"
"201",201,201,201,201,201,201,201,201,201,201,201,201,201,201,201,201,201,201,201,201,201,201,201,201,201,201,201,201,201,201,201,201,1,1.33,0.29,1,0.29,0,0,0.67,0,0.8,"aac","aac","N","no",0,"2","2","0","c"
"202",202,202,202,202,202,202,202,202,202,202,202,202,202,202,202,202,202,202,202,202,202,202,202,202,202,202,202,202,202,202,202,202,1,0,0,1,0,0,0,1,0,0,"aat","aat","N","yes",1,"1","1","1","t"
"203",203,203,203,203,203,203,203,203,203,203,203,203,203,203,203,203,203,203,203,203,203,203,203,203,203,203,203,203,203,203,203,203,1,1.19,0,0.26,0,0.74,0,0.67,0,0.44,"gct","gct","A","no",0,"2","2","0","t"
"204",204,204,204,204,204,204,204,204,204,204,204,204,204,204,204,204,204,204,204,204,204,204,204,204,204,204,204,204,204,204,204,204,1,0,0,1,0,0,0,1,0,0,"tat","tat","Y","yes",0,"2","1","2","t"
"205",205,205,205,205,205,205,205,205,205,205,205,205,205,205,205,205,205,205,205,205,205,205,205,205,205,205,205,205,205,205,205,205,1,0,0,1,0,0,0,1,0,0,"cca","cca","P","no",1,"3","2","0","a"
"206",206,206,206,206,206,206,206,206,206,206,206,206,206,206,206,206,206,206,206,206,206,206,206,206,206,206,206,206,206,206,206,206,1,1.74,0,0.27,0,0.73,0,0.67,0,0.64,"gtt","gtt","V","no",1,"3","2","0","t"
"207",207,207,207,207,207,207,207,207,207,207,207,207,207,207,207,207,207,207,207,207,207,207,207,207,207,207,207,207,207,207,207,207,1,2.33,0,0.18,0,0.82,0,0.67,0,0.86,"gag","gag","E","no",0,"2","2","0","g"
"208",208,208,208,208,208,208,208,208,208,208,208,208,208,208,208,208,208,208,208,208,208,208,208,208,208,208,208,208,208,208,208,208,1,0,0,1,0,0,0,1,0,0,"tgc","tgc","C","no",1,"3","2","0","c"
"209",209,209,209,209,209,209,209,209,209,209,209,209,209,209,209,209,209,209,209,209,209,209,209,209,209,209,209,209,209,209,209,209,1,0,0,1,0,0,0,1,0,0,"tgg","tgg","W","no",1,"3","2","0","g"
"210",210,210,210,210,210,210,210,210,210,210,210,210,210,210,210,210,210,210,210,210,210,210,210,210,210,210,210,210,210,210,210,210,1,1.3,1.3,0,1.42,1,0,0.65,0,2.02,"att","att","I","no",0,"2","2","0","t"
"211",211,211,211,211,211,211,211,211,211,211,211,211,211,211,211,211,211,211,211,211,211,211,211,211,211,211,211,211,211,211,211,211,1,0,0,1,0,0,0,1,0,0,"cct","cct","P","no",1,"3","2","0","t"
"212",212,212,212,212,212,212,212,212,212,212,212,212,212,212,212,212,212,212,212,212,212,212,212,212,212,212,212,212,212,212,212,212,1,10.22,0,0.01,0,0.99,0,0.67,0,3.75,"gat","gat","D","yes",0,"2","1","2","t"
"213",213,213,213,213,213,213,213,213,213,213,213,213,213,213,213,213,213,213,213,213,213,213,213,213,213,213,213,213,213,213,213,213,1,7.56,0,0.05,0,0.95,0,0.67,0,2.78,"ccc","ccc","P","no",0,"2","2","0","c"
"214",214,214,214,214,214,214,214,214,214,214,214,214,214,214,214,214,214,214,214,214,214,214,214,214,214,214,214,214,214,214,214,214,1,0,0,1,0,0,0,1,0,0,"agt","agt","S","no",1,"3","2","0","t"
"215",215,215,215,215,215,215,215,215,215,215,215,215,215,215,215,215,215,215,215,215,215,215,215,215,215,215,215,215,215,215,215,215,1,0,0,0,0.33,1,0.46,0.44,1,0.36,"aga","aga","R","no",0,"2","2","0","a"
"216",216,216,216,216,216,216,216,216,216,216,216,216,216,216,216,216,216,216,216,216,216,216,216,216,216,216,216,216,216,216,216,216,1,0,0,1,0,0,0,1,0,0,"aat","aat","N","yes",1,"1","1","1","t"
"217",217,217,217,217,217,217,217,217,217,217,217,217,217,217,217,217,217,217,217,217,217,217,217,217,217,217,217,217,217,217,217,217,1,0,0,1,0,0,0,1,0,0,"gaa","gaa","E","yes",0,"2","1","2","a"
"218",218,218,218,218,218,218,218,218,218,218,218,218,218,218,218,218,218,218,218,218,218,218,218,218,218,218,218,218,218,218,218,218,1,1.93,0,0.11,0,0.89,0,0.67,0,0.71,"aat","aat","N","yes",0,"2","1","2","t"
"219",219,219,219,219,219,219,219,219,219,219,219,219,219,219,219,219,219,219,219,219,219,219,219,219,219,219,219,219,219,219,219,219,1,0,0,0.91,10.74,0.09,2.17,0.17,1,1.02,"act","act","T","no",0,"2","2","0","t"
"220",220,220,220,220,220,220,220,220,220,220,220,220,220,220,220,220,220,220,220,220,220,220,220,220,220,220,220,220,220,220,220,220,1,3.41,0,0.05,0,0.95,0,0.67,0,1.25,"agg","agg","R","no",0,"2","2","0","g"
"221",221,221,221,221,221,221,221,221,221,221,221,221,221,221,221,221,221,221,221,221,221,221,221,221,221,221,221,221,221,221,221,221,1,0,0,1,0,0,0,1,0,0,"tat","tat","Y","yes",0,"2","1","2","t"
"222",222,222,222,222,222,222,222,222,222,222,222,222,222,222,222,222,222,222,222,222,222,222,222,222,222,222,222,222,222,222,222,222,1,0,0,1,0,0,0,1,0,0,"ttt","ttt","F","yes",1,"1","1","1","t"
"223",223,223,223,223,223,223,223,223,223,223,223,223,223,223,223,223,223,223,223,223,223,223,223,223,223,223,223,223,223,223,223,223,1,6.05,0,0.02,0,0.98,0,0.67,0,2.22,"ggg","ggg","G","no",0,"2","2","0","g"
"224",224,224,224,224,224,224,224,224,224,224,224,224,224,224,224,224,224,224,224,224,224,224,224,224,224,224,224,224,224,224,224,224,1,2.49,0,0.2,0,0.8,0,0.67,0,0.92,"act","act","T","no",0,"2","2","0","t"
"225",225,225,225,225,225,225,225,225,225,225,225,225,225,225,225,225,225,225,225,225,225,225,225,225,225,225,225,225,225,225,225,225,1,5.24,1.98,0.31,0,0.69,0,0.67,0,2.58,"ttc","ttc","F","no",0,"2","2","0","c"
"226",226,226,226,226,226,226,226,226,226,226,226,226,226,226,226,226,226,226,226,226,226,226,226,226,226,226,226,226,226,226,226,226,1,0,0,1,0,0,0,1,0,0,"aca","aca","T","no",1,"3","2","0","a"
"227",227,227,227,227,227,227,227,227,227,227,227,227,227,227,227,227,227,227,227,227,227,227,227,227,227,227,227,227,227,227,227,227,1,1.06,0,0.14,0,0.86,0,0.67,0,0.39,"gga","gga","G","no",0,"2","2","0","a"
"228",228,228,228,228,228,228,228,228,228,228,228,228,228,228,228,228,228,228,228,228,228,228,228,228,228,228,228,228,228,228,228,228,1,0,0,1,0,0,0,1,0,0,"ggg","ggg","G","no",0,"2","2","0","g"
"229",229,229,229,229,229,229,229,229,229,229,229,229,229,229,229,229,229,229,229,229,229,229,229,229,229,229,229,229,229,229,229,229,1,0,0,1,0,0,0,1,0,0,"gaa","gaa","E","yes",0,"2","1","2","a"
"230",230,230,230,230,230,230,230,230,230,230,230,230,230,230,230,230,230,230,230,230,230,230,230,230,230,230,230,230,230,230,230,230,1,0,0,1,0,0,0,1,0,0,"aat","aat","N","yes",1,"1","1","1","t"
"231",231,231,231,231,231,231,231,231,231,231,231,231,231,231,231,231,231,231,231,231,231,231,231,231,231,231,231,231,231,231,231,231,1,1.74,0,0.27,0,0.73,0,0.67,0,0.64,"gtt","gtt","V","no",0,"2","2","0","t"
"232",232,232,232,232,232,232,232,232,232,232,232,232,232,232,232,232,232,232,232,232,232,232,232,232,232,232,232,232,232,232,232,232,1,1.51,0,0.14,0,0.86,0,0.67,0,0.56,"ccc","ccc","P","no",0,"2","2","0","c"
"233",233,233,233,233,233,233,233,233,233,233,233,233,233,233,233,233,233,233,233,233,233,233,233,233,233,233,233,233,233,233,233,233,1,1.06,0,0.4,0,0.6,0,0.67,0,0.39,"cca","cca","P","no",1,"3","2","0","a"
"234",234,234,234,234,234,234,234,234,234,234,234,234,234,234,234,234,234,234,234,234,234,234,234,234,234,234,234,234,234,234,234,234,1,1.06,0,0.23,0,0.77,0,0.67,0,0.39,"gta","gta","V","no",0,"2","2","0","a"
"235",235,235,235,235,235,235,235,235,235,235,235,235,235,235,235,235,235,235,235,235,235,235,235,235,235,235,235,235,235,235,235,235,1,2.7,0,0.09,0,0.91,0,0.67,0,0.99,"ctt","ctt","L","no",0,"2","2","0","t"
"236",236,236,236,236,236,236,236,236,236,236,236,236,236,236,236,236,236,236,236,236,236,236,236,236,236,236,236,236,236,236,236,236,1,1.93,0,0.17,0,0.83,0,0.67,0,0.71,"cat","cat","H","yes",1,"1","1","1","t"
"237",237,237,237,237,237,237,237,237,237,237,237,237,237,237,237,237,237,237,237,237,237,237,237,237,237,237,237,237,237,237,237,237,1,4.48,0.39,0,0.39,1,0,0.67,0,2.06,"gtg","gtg","V","no",1,"3","2","0","g"
"238",238,238,238,238,238,238,238,238,238,238,238,238,238,238,238,238,238,238,238,238,238,238,238,238,238,238,238,238,238,238,238,238,1,0.66,0,0.02,0,0.98,0,0.67,0,0.24,"acc","acc","T","no",0,"2","2","0","c"
"239",239,239,239,239,239,239,239,239,239,239,239,239,239,239,239,239,239,239,239,239,239,239,239,239,239,239,239,239,239,239,239,239,1,0,0,1,0,0,0,1,0,0,"aac","aac","N","no",1,"3","2","0","c"
"240",240,240,240,240,240,240,240,240,240,240,240,240,240,240,240,240,240,240,240,240,240,240,240,240,240,240,240,240,240,240,240,240,1,0,0,0.96,45.71,0.04,3.11,0.1,1,1.82,"aca","aca","T","no",1,"3","2","0","a"
"241",241,241,241,241,241,241,241,241,241,241,241,241,241,241,241,241,241,241,241,241,241,241,241,241,241,241,241,241,241,241,241,241,1,1.17,0,0.12,0,0.88,0,0.67,0,0.43,"gct","gct","A","no",0,"2","2","0","t"
"242",242,242,242,242,242,242,242,242,242,242,242,242,242,242,242,242,242,242,242,242,242,242,242,242,242,242,242,242,242,242,242,242,1,0,0,1,0,0,0,1,0,0,"acc","acc","T","no",0,"2","2","0","c"
"243",243,243,243,243,243,243,243,243,243,243,243,243,243,243,243,243,243,243,243,243,243,243,243,243,243,243,243,243,243,243,243,243,1,0,0,1,0,0,0,1,0,0,"aca","aca","T","no",1,"3","2","0","a"
"244",244,244,244,244,244,244,244,244,244,244,244,244,244,244,244,244,244,244,244,244,244,244,244,244,244,244,244,244,244,244,244,244,1,0,0,1,0,0,0,1,0,0,"gtg","gtg","V","no",1,"3","2","0","g"
"245",245,245,245,245,245,245,245,245,245,245,245,245,245,245,245,245,245,245,245,245,245,245,245,245,245,245,245,245,245,245,245,245,1,2.08,0,0.02,0,0.98,0,0.67,0,0.76,"ttg","ttg","L","no",1,"3","2","0","g"
"246",246,246,246,246,246,246,246,246,246,246,246,246,246,246,246,246,246,246,246,246,246,246,246,246,246,246,246,246,246,246,246,246,1,2.01,0,0.11,0,0.89,0,0.67,0,0.74,"cta","cta","L","no",0,"2","2","0","a"
"247",247,247,247,247,247,247,247,247,247,247,247,247,247,247,247,247,247,247,247,247,247,247,247,247,247,247,247,247,247,247,247,247,1,0,0,1,0,0,0,1,0,0,"gat","gat","D","yes",1,"1","1","1","t"
"248",248,248,248,248,248,248,248,248,248,248,248,248,248,248,248,248,248,248,248,248,248,248,248,248,248,248,248,248,248,248,248,248,1,1.65,0,0.18,0,0.82,0,0.67,0,0.61,"gaa","gaa","E","yes",0,"2","1","2","a"
"249",249,249,249,249,249,249,249,249,249,249,249,249,249,249,249,249,249,249,249,249,249,249,249,249,249,249,249,249,249,249,249,249,1,0,0,1,0,0,0,1,0,0,"cag","cag","Q","no",1,"3","2","0","g"
"250",250,250,250,250,250,250,250,250,250,250,250,250,250,250,250,250,250,250,250,250,250,250,250,250,250,250,250,250,250,250,250,250,1,0,0,1,0,0,0,1,0,0,"ggt","ggt","G","no",1,"3","2","0","t"
"251",251,251,251,251,251,251,251,251,251,251,251,251,251,251,251,251,251,251,251,251,251,251,251,251,251,251,251,251,251,251,251,251,1,1.42,0,0.15,0,0.85,0,0.67,0,0.52,"gtg","gtg","V","no",1,"3","2","0","g"
"252",252,252,252,252,252,252,252,252,252,252,252,252,252,252,252,252,252,252,252,252,252,252,252,252,252,252,252,252,252,252,252,252,1,0,0,1,0,0,0,1,0,0,"ggg","ggg","G","no",0,"2","2","0","g"
"253",253,253,253,253,253,253,253,253,253,253,253,253,253,253,253,253,253,253,253,253,253,253,253,253,253,253,253,253,253,253,253,253,1,2.23,0,0.2,0,0.8,0,0.67,0,0.82,"cct","cct","P","no",0,"2","2","0","t"
"254",254,254,254,254,254,254,254,254,254,254,254,254,254,254,254,254,254,254,254,254,254,254,254,254,254,254,254,254,254,254,254,254,1,4.09,0,0.05,0,0.95,0,0.67,0,1.5,"ctt","ctt","L","no",0,"2","2","0","t"
"255",255,255,255,255,255,255,255,255,255,255,255,255,255,255,255,255,255,255,255,255,255,255,255,255,255,255,255,255,255,255,255,255,1,1.93,0,0.18,0,0.82,0,0.67,0,0.71,"tgt","tgt","C","yes",1,"1","1","1","t"
"256",256,256,256,256,256,256,256,256,256,256,256,256,256,256,256,256,256,256,256,256,256,256,256,256,256,256,256,256,256,256,256,256,1,0,0,1,0,0,0,1,0,0,"aaa","aaa","K","yes",0,"2","1","2","a"
"257",257,257,257,257,257,257,257,257,257,257,257,257,257,257,257,257,257,257,257,257,257,257,257,257,257,257,257,257,257,257,257,257,1,0,0,1,0,0,0,1,0,0,"gct","gct","A","no",1,"3","2","0","t"
"258",258,258,258,258,258,258,258,258,258,258,258,258,258,258,258,258,258,258,258,258,258,258,258,258,258,258,258,258,258,258,258,258,1,5.88,0,0.02,0,0.98,0,0.67,0,2.16,"gat","gat","D","yes",0,"2","1","2","t"
"259",259,259,259,259,259,259,259,259,259,259,259,259,259,259,259,259,259,259,259,259,259,259,259,259,259,259,259,259,259,259,259,259,1,0,0,1,0,0,0,1,0,0,"agc","agc","S","no",0,"2","2","0","c"
"260",260,260,260,260,260,260,260,260,260,260,260,260,260,260,260,260,260,260,260,260,260,260,260,260,260,260,260,260,260,260,260,260,1,0.55,0,0.02,0,0.98,0,0.67,0,0.2,"ctg","ctg","L","no",1,"3","2","0","g"
"261",261,261,261,261,261,261,261,261,261,261,261,261,261,261,261,261,261,261,261,261,261,261,261,261,261,261,261,261,261,261,261,261,1,0,0,1,0,0,0,1,0,0,"tat","tat","Y","yes",1,"1","1","1","t"
"262",262,262,262,262,262,262,262,262,262,262,262,262,262,262,262,262,262,262,262,262,262,262,262,262,262,262,262,262,262,262,262,262,1,0,0,1,0,0,0,1,0,0,"gtt","gtt","V","no",0,"2","2","0","t"
"263",263,263,263,263,263,263,263,263,263,263,263,263,263,263,263,263,263,263,263,263,263,263,263,263,263,263,263,263,263,263,263,263,1,1.06,0,0.05,0,0.95,0,0.67,0,0.39,"tca","tca","S","no",1,"3","2","0","a"
"264",264,264,264,264,264,264,264,264,264,264,264,264,264,264,264,264,264,264,264,264,264,264,264,264,264,264,264,264,264,264,264,264,1,0,0,1,0,0,0,1,0,0,"gct","gct","A","no",1,"3","2","0","t"
"265",265,265,265,265,265,265,265,265,265,265,265,265,265,265,265,265,265,265,265,265,265,265,265,265,265,265,265,265,265,265,265,265,1,0,0,0,0.76,1,1.32,0.26,2,0.82,"gct","gct","A","no",1,"3","2","0","t"
"266",266,266,266,266,266,266,266,266,266,266,266,266,266,266,266,266,266,266,266,266,266,266,266,266,266,266,266,266,266,266,266,266,1,15.55,0,0.02,0,0.98,0,0.67,0,5.71,"gat","gat","D","yes",0,"2","1","2","t"
"267",267,267,267,267,267,267,267,267,267,267,267,267,267,267,267,267,267,267,267,267,267,267,267,267,267,267,267,267,267,267,267,267,1,0,0,1,0,0,0,1,0,0,"att","att","I","no",0,"2","2","0","t"
"268",268,268,268,268,268,268,268,268,268,268,268,268,268,268,268,268,268,268,268,268,268,268,268,268,268,268,268,268,268,268,268,268,1,0,0,1,0,0,0,1,0,0,"tgt","tgt","C","yes",1,"1","1","1","t"
"269",269,269,269,269,269,269,269,269,269,269,269,269,269,269,269,269,269,269,269,269,269,269,269,269,269,269,269,269,269,269,269,269,1,2.79,0,0.19,0,0.81,0,0.67,0,1.03,"ggc","ggc","G","no",0,"2","2","0","c"
"270",270,270,270,270,270,270,270,270,270,270,270,270,270,270,270,270,270,270,270,270,270,270,270,270,270,270,270,270,270,270,270,270,1,0,0,1,0,0,0,1,0,0,"ctg","ctg","L","no",1,"3","2","0","g"
"271",271,271,271,271,271,271,271,271,271,271,271,271,271,271,271,271,271,271,271,271,271,271,271,271,271,271,271,271,271,271,271,271,1,0,0,1,0,0,0,1,0,0,"ttt","ttt","F","yes",0,"2","1","2","t"
"272",272,272,272,272,272,272,272,272,272,272,272,272,272,272,272,272,272,272,272,272,272,272,272,272,272,272,272,272,272,272,272,272,1,0.89,0,0.05,0,0.95,0,0.67,0,0.33,"act","act","T","no",0,"2","2","0","t"
"273",273,273,273,273,273,273,273,273,273,273,273,273,273,273,273,273,273,273,273,273,273,273,273,273,273,273,273,273,273,273,273,273,1,0,0,1,0,0,0,1,0,0,"aac","aac","N","no",0,"2","2","0","c"
"274",274,274,274,274,274,274,274,274,274,274,274,274,274,274,274,274,274,274,274,274,274,274,274,274,274,274,274,274,274,274,274,274,1,1.11,0.29,1,0.23,0,0,0.67,0,0.73,"agc","agc","S","no",1,"3","2","0","c"
"275",275,275,275,275,275,275,275,275,275,275,275,275,275,275,275,275,275,275,275,275,275,275,275,275,275,275,275,275,275,275,275,275,1,0,0,1,0,0,0,1,0,0,"tct","tct","S","no",1,"3","2","0","t"
"276",276,276,276,276,276,276,276,276,276,276,276,276,276,276,276,276,276,276,276,276,276,276,276,276,276,276,276,276,276,276,276,276,1,1.54,0,0.18,0,0.82,0,0.67,0,0.56,"gga","gga","G","no",0,"2","2","0","a"
"277",277,277,277,277,277,277,277,277,277,277,277,277,277,277,277,277,277,277,277,277,277,277,277,277,277,277,277,277,277,277,277,277,1,0,0,1,0,0,0,1,0,0,"aca","aca","T","no",1,"3","2","0","a"
"278",278,278,278,278,278,278,278,278,278,278,278,278,278,278,278,278,278,278,278,278,278,278,278,278,278,278,278,278,278,278,278,278,1,2.35,2.35,0.24,0,0.76,0,0.67,0,1.47,"caa","caa","Q","yes",1,"1","1","1","a"
"279",279,279,279,279,279,279,279,279,279,279,279,279,279,279,279,279,279,279,279,279,279,279,279,279,279,279,279,279,279,279,279,279,1,0,0,1,0,0,0,1,0,0,"cag","cag","Q","no",1,"3","2","0","g"
"280",280,280,280,280,280,280,280,280,280,280,280,280,280,280,280,280,280,280,280,280,280,280,280,280,280,280,280,280,280,280,280,280,1,0,0,1,0,0,0,1,0,0,"tgg","tgg","W","no",1,"3","2","0","g"
"281",281,281,281,281,281,281,281,281,281,281,281,281,281,281,281,281,281,281,281,281,281,281,281,281,281,281,281,281,281,281,281,281,1,2.12,0.34,0,0.34,1,0,0.67,0,1.15,"aga","aga","R","no",0,"2","2","0","a"
"282",282,282,282,282,282,282,282,282,282,282,282,282,282,282,282,282,282,282,282,282,282,282,282,282,282,282,282,282,282,282,282,282,1,0.83,0,0.02,0,0.98,0,0.67,0,0.3,"ggc","ggc","G","no",0,"2","2","0","c"
"283",283,283,283,283,283,283,283,283,283,283,283,283,283,283,283,283,283,283,283,283,283,283,283,283,283,283,283,283,283,283,283,283,1,0,0,1,0,0,0,1,0,0,"ctt","ctt","L","no",1,"3","2","0","t"
"284",284,284,284,284,284,284,284,284,284,284,284,284,284,284,284,284,284,284,284,284,284,284,284,284,284,284,284,284,284,284,284,284,1,1.34,1.34,0.36,0,0.64,0,0.67,0,1.01,"gca","gca","A","no",1,"3","2","0","a"
"285",285,285,285,285,285,285,285,285,285,285,285,285,285,285,285,285,285,285,285,285,285,285,285,285,285,285,285,285,285,285,285,285,1,0,0,1,0,0,0,1,0,0,"aga","aga","R","no",0,"2","2","0","a"
"286",286,286,286,286,286,286,286,286,286,286,286,286,286,286,286,286,286,286,286,286,286,286,286,286,286,286,286,286,286,286,286,286,1,0,0,1,0,0,0,1,0,0,"tat","tat","Y","yes",0,"2","1","2","t"
"287",287,287,287,287,287,287,287,287,287,287,287,287,287,287,287,287,287,287,287,287,287,287,287,287,287,287,287,287,287,287,287,287,1,0,0,1,0,0,0,1,0,0,"ttt","ttt","F","yes",0,"2","1","2","t"
"288",288,288,288,288,288,288,288,288,288,288,288,288,288,288,288,288,288,288,288,288,288,288,288,288,288,288,288,288,288,288,288,288,1,1.19,0,0.27,0,0.73,0,0.67,0,0.44,"aag","aag","K","no",0,"2","2","0","g"
"289",289,289,289,289,289,289,289,289,289,289,289,289,289,289,289,289,289,289,289,289,289,289,289,289,289,289,289,289,289,289,289,289,1,4.84,0,0.05,0,0.95,0,0.67,0,1.78,"att","att","I","no",0,"2","2","0","t"
"290",290,290,290,290,290,290,290,290,290,290,290,290,290,290,290,290,290,290,290,290,290,290,290,290,290,290,290,290,290,290,290,290,1,0,0,0.29,0.97,0.71,2.19,0.16,1,0.75,"cgc","cgc","R","no",0,"2","2","0","c"
"291",291,291,291,291,291,291,291,291,291,291,291,291,291,291,291,291,291,291,291,291,291,291,291,291,291,291,291,291,291,291,291,291,1,1.34,1.34,0.39,0,0.61,0,0.67,0,1.07,"ctg","ctg","L","no",1,"3","2","0","g"
"292",292,292,292,292,292,292,292,292,292,292,292,292,292,292,292,292,292,292,292,292,292,292,292,292,292,292,292,292,292,292,292,292,1,0,0,1,0,0,0,1,0,0,"aga","aga","R","no",0,"2","2","0","a"
"293",293,293,293,293,293,293,293,293,293,293,293,293,293,293,293,293,293,293,293,293,293,293,293,293,293,293,293,293,293,293,293,293,1,1.65,0,0.19,0,0.81,0,0.67,0,0.61,"aaa","aaa","K","yes",0,"2","1","2","a"
"294",294,294,294,294,294,294,294,294,294,294,294,294,294,294,294,294,294,294,294,294,294,294,294,294,294,294,294,294,294,294,294,294,1,2.07,0,0.04,0,0.96,0,0.67,0,0.76,"aga","aga","R","no",0,"2","2","0","a"
"295",295,295,295,295,295,295,295,295,295,295,295,295,295,295,295,295,295,295,295,295,295,295,295,295,295,295,295,295,295,295,295,295,1,0,0,1,0,0,0,1,0,0,"tct","tct","S","no",1,"3","2","0","t"
"296",296,296,296,296,296,296,296,296,296,296,296,296,296,296,296,296,296,296,296,296,296,296,296,296,296,296,296,296,296,296,296,296,1,2.77,2.77,0.24,0,0.76,0,0.67,0,1.75,"gta","gta","V","no",0,"2","2","0","a"
"297",297,297,297,297,297,297,297,297,297,297,297,297,297,297,297,297,297,297,297,297,297,297,297,297,297,297,297,297,297,297,297,297,1,6.57,0,0.04,0,0.96,0,0.67,0,2.41,"aaa","aaa","K","yes",0,"2","1","2","a"
"298",298,298,298,298,298,298,298,298,298,298,298,298,298,298,298,298,298,298,298,298,298,298,298,298,298,298,298,298,298,298,298,298,1,4.62,0,0.19,0,0.81,0,0.67,0,1.7,"aat","aat","N","yes",0,"2","1","2","t"
"299",299,299,299,299,299,299,299,299,299,299,299,299,299,299,299,299,299,299,299,299,299,299,299,299,299,299,299,299,299,299,299,299,1,0.89,0,0.07,0,0.93,0,0.67,0,0.33,"cct","cct","P","no",0,"2","2","0","t"
"300",300,300,300,300,300,300,300,300,300,300,300,300,300,300,300,300,300,300,300,300,300,300,300,300,300,300,300,300,300,300,300,300,1,0,0,1,0,0,0,1,0,0,"tac","tac","Y","no",0,"2","2","0","c"
"301",301,301,301,301,301,301,301,301,301,301,301,301,301,301,301,301,301,301,301,301,301,301,301,301,301,301,301,301,301,301,301,301,1,0,0,1,0,0,0,1,0,0,"cca","cca","P","no",1,"3","2","0","a"
"302",302,302,302,302,302,302,302,302,302,302,302,302,302,302,302,302,302,302,302,302,302,302,302,302,302,302,302,302,302,302,302,302,1,0,0,1,0,0,0,1,0,0,"att","att","I","no",0,"2","2","0","t"
"303",303,303,303,303,303,303,303,303,303,303,303,303,303,303,303,303,303,303,303,303,303,303,303,303,303,303,303,303,303,303,303,303,1,0,0,1,0,0,0,1,0,0,"tcc","tcc","S","no",0,"2","2","0","c"
"304",304,304,304,304,304,304,304,304,304,304,304,304,304,304,304,304,304,304,304,304,304,304,304,304,304,304,304,304,304,304,304,304,1,0,0,1,0,0,0,1,0,0,"ttt","ttt","F","yes",0,"2","1","2","t"
"305",305,305,305,305,305,305,305,305,305,305,305,305,305,305,305,305,305,305,305,305,305,305,305,305,305,305,305,305,305,305,305,305,1,0,0,0.84,7.8,0.16,2.39,0.15,1,1.38,"ttg","ttg","L","no",1,"3","2","0","g"
"306",306,306,306,306,306,306,306,306,306,306,306,306,306,306,306,306,306,306,306,306,306,306,306,306,306,306,306,306,306,306,306,306,1,4.04,4.04,0.2,0,0.8,0,0.67,0,2.37,"cta","cta","L","no",0,"2","2","0","a"
"307",307,307,307,307,307,307,307,307,307,307,307,307,307,307,307,307,307,307,307,307,307,307,307,307,307,307,307,307,307,307,307,307,1,0,0,1,0,0,0,1,0,0,"agt","agt","S","no",1,"3","2","0","t"
"308",308,308,308,308,308,308,308,308,308,308,308,308,308,308,308,308,308,308,308,308,308,308,308,308,308,308,308,308,308,308,308,308,1,0,0,1,0,0,0,1,0,0,"gac","gac","D","no",0,"2","2","0","c"
"309",309,309,309,309,309,309,309,309,309,309,309,309,309,309,309,309,309,309,309,309,309,309,309,309,309,309,309,309,309,309,309,309,1,2.61,0,0.2,0,0.8,0,0.67,0,0.96,"ctt","ctt","L","no",0,"2","2","0","t"
"310",310,310,310,310,310,310,310,310,310,310,310,310,310,310,310,310,310,310,310,310,310,310,310,310,310,310,310,310,310,310,310,310,1,1.69,0,0.19,0,0.81,0,0.67,0,0.62,"ata","ata","I","no",0,"2","2","0","a"
"311",311,311,311,311,311,311,311,311,311,311,311,311,311,311,311,311,311,311,311,311,311,311,311,311,311,311,311,311,311,311,311,311,1,0,0,1,0,0,0,1,0,0,"aac","aac","N","no",0,"2","2","0","c"
"312",312,312,312,312,312,312,312,312,312,312,312,312,312,312,312,312,312,312,312,312,312,312,312,312,312,312,312,312,312,312,312,312,1,0.88,0,0.02,0,0.98,0,0.67,0,0.32,"agg","agg","R","no",1,"3","2","0","g"
"313",313,313,313,313,313,313,313,313,313,313,313,313,313,313,313,313,313,313,313,313,313,313,313,313,313,313,313,313,313,313,313,313,1,1.09,0,0.13,0,0.87,0,0.67,0,0.4,"aga","aga","R","no",0,"2","2","0","a"
"314",314,314,314,314,314,314,314,314,314,314,314,314,314,314,314,314,314,314,314,314,314,314,314,314,314,314,314,314,314,314,314,314,1,0.83,0,0.04,0,0.96,0,0.67,0,0.3,"acc","acc","T","no",0,"2","2","0","c"
"315",315,315,315,315,315,315,315,315,315,315,315,315,315,315,315,315,315,315,315,315,315,315,315,315,315,315,315,315,315,315,315,315,1,7.11,0,0.02,0,0.98,0,0.67,0,2.61,"cag","cag","Q","no",1,"3","2","0","g"
"316",316,316,316,316,316,316,316,316,316,316,316,316,316,316,316,316,316,316,316,316,316,316,316,316,316,316,316,316,316,316,316,316,1,1.45,1.45,0.34,0,0.66,0,0.67,0,1.06,"aga","aga","R","no",0,"2","2","0","a"
"317",317,317,317,317,317,317,317,317,317,317,317,317,317,317,317,317,317,317,317,317,317,317,317,317,317,317,317,317,317,317,317,317,1,0,0,1,0,0,0,1,0,0,"gtg","gtg","V","no",1,"3","2","0","g"
"318",318,318,318,318,318,318,318,318,318,318,318,318,318,318,318,318,318,318,318,318,318,318,318,318,318,318,318,318,318,318,318,318,1,0,0,1,0,0,0,1,0,0,"gat","gat","D","yes",1,"1","1","1","t"
"319",319,319,319,319,319,319,319,319,319,319,319,319,319,319,319,319,319,319,319,319,319,319,319,319,319,319,319,319,319,319,319,319,1,0,0,1,0,0,0,1,0,0,"ggg","ggg","G","no",0,"2","2","0","g"
"320",320,320,320,320,320,320,320,320,320,320,320,320,320,320,320,320,320,320,320,320,320,320,320,320,320,320,320,320,320,320,320,320,1,0,0,1,0,0,0,1,0,0,"cag","cag","Q","no",1,"3","2","0","g"
"321",321,321,321,321,321,321,321,321,321,321,321,321,321,321,321,321,321,321,321,321,321,321,321,321,321,321,321,321,321,321,321,321,1,0,0,1,0,0,0,1,0,0,"cct","cct","P","no",0,"2","2","0","t"
"322",322,322,322,322,322,322,322,322,322,322,322,322,322,322,322,322,322,322,322,322,322,322,322,322,322,322,322,322,322,322,322,322,1,44.63,44.63,0.03,0,0.97,0,0.67,0,17.93,"atg","atg","M","no",1,"3","2","0","g"
"323",323,323,323,323,323,323,323,323,323,323,323,323,323,323,323,323,323,323,323,323,323,323,323,323,323,323,323,323,323,323,323,323,1,0,0,0.25,1.21,0.75,1.01,0.32,1,0.98,"tat","tat","Y","yes",1,"1","1","1","t"
"324",324,324,324,324,324,324,324,324,324,324,324,324,324,324,324,324,324,324,324,324,324,324,324,324,324,324,324,324,324,324,324,324,1,1.17,0,0.2,0,0.8,0,0.67,0,0.43,"ggt","ggt","G","no",0,"2","2","0","t"
"325",325,325,325,325,325,325,325,325,325,325,325,325,325,325,325,325,325,325,325,325,325,325,325,325,325,325,325,325,325,325,325,325,1,0,0,1,0,0,0,1,0,0,"atg","atg","M","no",1,"3","2","0","g"
"326",326,326,326,326,326,326,326,326,326,326,326,326,326,326,326,326,326,326,326,326,326,326,326,326,326,326,326,326,326,326,326,326,1,4.3,2.75,0.27,0,0.73,0,0.67,0,2.39,"gaa","gaa","E","yes",0,"2","1","2","a"
"327",327,327,327,327,327,327,327,327,327,327,327,327,327,327,327,327,327,327,327,327,327,327,327,327,327,327,327,327,327,327,327,327,1,0.99,0,0.15,0,0.85,0,0.67,0,0.36,"tcc","tcc","S","no",0,"2","2","0","c"
"328",328,328,328,328,328,328,328,328,328,328,328,328,328,328,328,328,328,328,328,328,328,328,328,328,328,328,328,328,328,328,328,328,1,1.19,0,0.2,0,0.8,0,0.67,0,0.44,"cag","cag","Q","no",1,"3","2","0","g"
"329",329,329,329,329,329,329,329,329,329,329,329,329,329,329,329,329,329,329,329,329,329,329,329,329,329,329,329,329,329,329,329,329,1,4.54,0,0.01,0,0.99,0,0.67,0,1.67,"gta","gta","V","no",0,"2","2","0","a"
"330",330,330,330,330,330,330,330,330,330,330,330,330,330,330,330,330,330,330,330,330,330,330,330,330,330,330,330,330,330,330,330,330,1,6.81,0,0.02,0,0.98,0,0.67,0,2.5,"gaa","gaa","E","yes",0,"2","1","2","a"
"331",331,331,331,331,331,331,331,331,331,331,331,331,331,331,331,331,331,331,331,331,331,331,331,331,331,331,331,331,331,331,331,331,1,0,0,1,0,0,0,1,0,0,"gag","gag","E","no",0,"2","2","0","g"
"332",332,332,332,332,332,332,332,332,332,332,332,332,332,332,332,332,332,332,332,332,332,332,332,332,332,332,332,332,332,332,332,332,1,12.8,0,0.05,0,0.95,0,0.67,0,4.7,"gtt","gtt","V","no",0,"2","2","0","t"
"333",333,333,333,333,333,333,333,333,333,333,333,333,333,333,333,333,333,333,333,333,333,333,333,333,333,333,333,333,333,333,333,333,1,0.88,0,0.01,0,0.99,0,0.67,0,0.32,"agg","agg","R","no",0,"2","2","0","g"
"334",334,334,334,334,334,334,334,334,334,334,334,334,334,334,334,334,334,334,334,334,334,334,334,334,334,334,334,334,334,334,334,334,1,1.42,0,0.15,0,0.85,0,0.67,0,0.52,"gtg","gtg","V","no",1,"3","2","0","g"
"335",335,335,335,335,335,335,335,335,335,335,335,335,335,335,335,335,335,335,335,335,335,335,335,335,335,335,335,335,335,335,335,335,1,0,0,0,0.38,1,0.34,0.48,1,0.41,"ttt","ttt","F","yes",1,"1","1","1","t"
"336",336,336,336,336,336,336,336,336,336,336,336,336,336,336,336,336,336,336,336,336,336,336,336,336,336,336,336,336,336,336,336,336,1,1.66,0.31,1,0.25,0,0,0.67,0,0.95,"gat","gat","D","yes",1,"1","1","1","t"
"337",337,337,337,337,337,337,337,337,337,337,337,337,337,337,337,337,337,337,337,337,337,337,337,337,337,337,337,337,337,337,337,337,1,0,0,0,0.32,1,0.85,0.35,1,0.35,"ggc","ggc","G","no",0,"2","2","0","c"
"338",338,338,338,338,338,338,338,338,338,338,338,338,338,338,338,338,338,338,338,338,338,338,338,338,338,338,338,338,338,338,338,338,1,0,0,1,0,0,0,1,0,0,"aca","aca","T","no",1,"3","2","0","a"
"339",339,339,339,339,339,339,339,339,339,339,339,339,339,339,339,339,339,339,339,339,339,339,339,339,339,339,339,339,339,339,339,339,1,1.65,0,0.18,0,0.82,0,0.67,0,0.61,"gaa","gaa","E","yes",0,"2","1","2","a"
"340",340,340,340,340,340,340,340,340,340,340,340,340,340,340,340,340,340,340,340,340,340,340,340,340,340,340,340,340,340,340,340,340,1,0.36,0.36,0.9,53.82,0.1,3.7,0.07,2,6.19,"aaa","aaa","K","yes",0,"2","1","2","a"
"341",341,341,341,341,341,341,341,341,341,341,341,341,341,341,341,341,341,341,341,341,341,341,341,341,341,341,341,341,341,341,341,341,1,0,0,0.97,107.13,0.03,12.43,0,1,2.97,"ctt","ctt","L","no",0,"2","2","0","t"
"342",342,342,342,342,342,342,342,342,342,342,342,342,342,342,342,342,342,342,342,342,342,342,342,342,342,342,342,342,342,342,342,342,1,1.48,1.48,0.3,0,0.7,0,0.67,0,1.02,"cca","cca","P","no",1,"3","2","0","a"
"343",343,343,343,343,343,343,343,343,343,343,343,343,343,343,343,343,343,343,343,343,343,343,343,343,343,343,343,343,343,343,343,343,1,0,0,0.93,17.55,0.07,2.62,0.13,1,1.26,"ggg","ggg","G","no",0,"2","2","0","g"
"344",344,344,344,344,344,344,344,344,344,344,344,344,344,344,344,344,344,344,344,344,344,344,344,344,344,344,344,344,344,344,344,344,1,5.86,5.86,0.12,0,0.88,0,0.67,0,2.91,"gac","gac","D","no",0,"2","2","0","c"
"345",345,345,345,345,345,345,345,345,345,345,345,345,345,345,345,345,345,345,345,345,345,345,345,345,345,345,345,345,345,345,345,345,1,0,0,1,0,0,0,1,0,0,"cca","cca","P","no",1,"3","2","0","a"
"346",346,346,346,346,346,346,346,346,346,346,346,346,346,346,346,346,346,346,346,346,346,346,346,346,346,346,346,346,346,346,346,346,1,5.78,0,0.05,0,0.95,0,0.67,0,2.12,"gat","gat","D","yes",0,"2","1","2","t"
"347",347,347,347,347,347,347,347,347,347,347,347,347,347,347,347,347,347,347,347,347,347,347,347,347,347,347,347,347,347,347,347,347,1,6.16,6.16,0.11,0,0.89,0,0.67,0,2.97,"atg","atg","M","no",1,"3","2","0","g"
"348",348,348,348,348,348,348,348,348,348,348,348,348,348,348,348,348,348,348,348,348,348,348,348,348,348,348,348,348,348,348,348,348,1,0,0,1,0,0,0,1,0,0,"ata","ata","I","no",0,"2","2","0","a"
"349",349,349,349,349,349,349,349,349,349,349,349,349,349,349,349,349,349,349,349,349,349,349,349,349,349,349,349,349,349,349,349,349,1,0,0,1,0,0,0,1,0,0,"aga","aga","R","no",0,"2","2","0","a"
"350",350,350,350,350,350,350,350,350,350,350,350,350,350,350,350,350,350,350,350,350,350,350,350,350,350,350,350,350,350,350,350,350,1,1.93,0,0.26,0,0.74,0,0.67,0,0.71,"tat","tat","Y","yes",0,"2","1","2","t"
"351",351,351,351,351,351,351,351,351,351,351,351,351,351,351,351,351,351,351,351,351,351,351,351,351,351,351,351,351,351,351,351,351,1,0,0,1,0,0,0,1,0,0,"att","att","I","no",1,"3","2","0","t"
"352",352,352,352,352,352,352,352,352,352,352,352,352,352,352,352,352,352,352,352,352,352,352,352,352,352,352,352,352,352,352,352,352,1,3.44,0,0.15,0,0.85,0,0.67,0,1.26,"gac","gac","D","no",0,"2","2","0","c"
"353",353,353,353,353,353,353,353,353,353,353,353,353,353,353,353,353,353,353,353,353,353,353,353,353,353,353,353,353,353,353,353,353,1,3.48,1.14,1,1.14,0,0,0.67,0,2.51,"aaa","aaa","K","yes",1,"1","1","1","a"
"354",354,354,354,354,354,354,354,354,354,354,354,354,354,354,354,354,354,354,354,354,354,354,354,354,354,354,354,354,354,354,354,354,1,9.34,0.88,0.98,472.97,0.02,6.35,0.02,1,13.33,"caa","caa","Q","yes",1,"1","1","1","a"
"355",355,355,355,355,355,355,355,355,355,355,355,355,355,355,355,355,355,355,355,355,355,355,355,355,355,355,355,355,355,355,355,355,1,0,0,1,0,0,0,1,0,0,"gga","gga","G","no",0,"2","2","0","a"
"356",356,356,356,356,356,356,356,356,356,356,356,356,356,356,356,356,356,356,356,356,356,356,356,356,356,356,356,356,356,356,356,356,1,0,0,1,0,0,0,1,0,0,"caa","caa","Q","yes",1,"1","1","1","a"
"357",357,357,357,357,357,357,357,357,357,357,357,357,357,357,357,357,357,357,357,357,357,357,357,357,357,357,357,357,357,357,357,357,1,0,0,0.4,2.17,0.6,1.57,0.23,1,1.42,"ttg","ttg","L","no",1,"3","2","0","g"
"358",358,358,358,358,358,358,358,358,358,358,358,358,358,358,358,358,358,358,358,358,358,358,358,358,358,358,358,358,358,358,358,358,1,0,0,0.4,1.21,0.6,1.13,0.29,1,0.79,"caa","caa","Q","yes",1,"1","1","1","a"
"359",359,359,359,359,359,359,359,359,359,359,359,359,359,359,359,359,359,359,359,359,359,359,359,359,359,359,359,359,359,359,359,359,1,3.95,0,0.02,0,0.98,0,0.67,0,1.45,"acc","acc","T","no",0,"2","2","0","c"
"360",360,360,360,360,360,360,360,360,360,360,360,360,360,360,360,360,360,360,360,360,360,360,360,360,360,360,360,360,360,360,360,360,1,0,0,0,0.33,1,0.4,0.46,1,0.36,"aaa","aaa","K","yes",1,"1","1","1","a"
"361",361,361,361,361,361,361,361,361,361,361,361,361,361,361,361,361,361,361,361,361,361,361,361,361,361,361,361,361,361,361,361,361,1,0,0,1,0,0,0,1,0,0,"atg","atg","M","no",1,"3","2","0","g"
"362",362,362,362,362,362,362,362,362,362,362,362,362,362,362,362,362,362,362,362,362,362,362,362,362,362,362,362,362,362,362,362,362,1,0,0,0,2.2,1,3.14,0.1,2,2.39,"ctt","ctt","L","no",0,"2","2","0","t"
