"","X.15","X.14","X.13","X.12","X.11","X.10","X.9","X.8","X.7","X.6","X.5","X.4","X.3","X.2","X.1","X","Site","Partition","X.alpha.","X.beta..sup....sup.","p.sup....sup.","X.beta..sup....sup..1","p.sup....sup..1","LRT","p.value","X..branches.under.selection","Total.branch.length","wtnt_codon"
"1",1,1,1,1,1,1,1,1,1,1,1,1,1,1,1,1,1,1,1.06,0.02,0.29,0.01,0.71,0,0.67,0,23.06,"atg"
"2",2,2,2,2,2,2,2,2,2,2,2,2,2,2,2,2,2,1,0.55,0,0.15,0,0.85,0,0.67,0,11.71,"att"
"3",3,3,3,3,3,3,3,3,3,3,3,3,3,3,3,3,3,1,0.99,0,0.26,0,0.74,0,0.67,0,20.93,"gag"
"4",4,4,4,4,4,4,4,4,4,4,4,4,4,4,4,4,4,1,0.79,0,0.22,0,0.78,0,0.67,0,16.74,"aca"
"5",5,5,5,5,5,5,5,5,5,5,5,5,5,5,5,5,5,1,1.09,0,0.15,0,0.85,0,0.67,0,23.17,"cgc"
"6",6,6,6,6,6,6,6,6,6,6,6,6,6,6,6,6,6,1,0.85,0.85,0.02,0,0.98,0,0.67,0,18.84,"tgt"
"7",7,7,7,7,7,7,7,7,7,7,7,7,7,7,7,7,7,1,0.87,0.87,0.02,0,0.98,0,0.67,0,19.28,"gtt"
"8",8,8,8,8,8,8,8,8,8,8,8,8,8,8,8,8,8,1,1.48,1.48,0.02,0.02,0.98,0,0.67,0,33.47,"ctt"
"9",9,9,9,9,9,9,9,9,9,9,9,9,9,9,9,9,9,1,0.65,0,0.15,0,0.85,0,0.67,0,13.91,"aac"
"10",10,10,10,10,10,10,10,10,10,10,10,10,10,10,10,10,10,1,1.29,0.62,0.22,0,0.78,0,0.67,0,33.68,"tcg"
"11",11,11,11,11,11,11,11,11,11,11,11,11,11,11,11,11,11,1,0.78,0.35,0.12,0,0.88,0,0.67,0,18.49,"cac"
"12",12,12,12,12,12,12,12,12,12,12,12,12,12,12,12,12,12,1,1.66,1.66,0.03,0.01,0.97,0,0.67,0,37.9,"agt"
"13",13,13,13,13,13,13,13,13,13,13,13,13,13,13,13,13,13,1,0.73,0.46,0.1,0,0.9,0,0.67,0,17.56,"aca"
"14",14,14,14,14,14,14,14,14,14,14,14,14,14,14,14,14,14,1,0.68,0.1,0.04,0.1,0.96,0,0.67,0,19.12,"gct"
"15",15,15,15,15,15,15,15,15,15,15,15,15,15,15,15,15,15,1,1.49,0.81,0.02,0,0.98,0,0.67,0,32.56,"gag"
"16",16,16,16,16,16,16,16,16,16,16,16,16,16,16,16,16,16,1,0.78,0.02,0.08,0.02,0.92,0,0.67,0,17.67,"acc"
"17",17,17,17,17,17,17,17,17,17,17,17,17,17,17,17,17,17,1,0.68,0.13,0.53,0,0.47,0,0.67,0,17.57,"act"
"18",18,18,18,18,18,18,18,18,18,18,18,18,18,18,18,18,18,1,1.33,0.04,0.78,0.04,0.22,0,0.67,0,30.05,"ctt"
"19",19,19,19,19,19,19,19,19,19,19,19,19,19,19,19,19,19,1,1.09,0.04,1,0.04,0,0,0.67,0,25.2,"gat"
"20",20,20,20,20,20,20,20,20,20,20,20,20,20,20,20,20,20,1,1.63,0.02,0.01,0.02,0.99,0,0.67,0,35.81,"agt"
"21",21,21,21,21,21,21,21,21,21,21,21,21,21,21,21,21,21,1,0.63,0,0.27,0,0.73,0,0.67,0,13.34,"ttc"
"22",22,22,22,22,22,22,22,22,22,22,22,22,22,22,22,22,22,1,1.09,0.01,0,0.01,1,0,0.67,0,23.46,"ttc"
"23",23,23,23,23,23,23,23,23,23,23,23,23,23,23,23,23,23,1,1.18,0.97,0.02,0,0.98,0,0.67,0,25.83,"agc"
"24",24,24,24,24,24,24,24,24,24,24,24,24,24,24,24,24,24,1,1.2,1.2,0.03,0,0.97,0,0.67,0,27.25,"agg"
"25",25,25,25,25,25,25,25,25,25,25,25,25,25,25,25,25,25,1,0.74,0.36,0.12,0,0.88,0,0.67,0,17.76,"gcg"
"26",26,26,26,26,26,26,26,26,26,26,26,26,26,26,26,26,26,1,1.35,0.01,0.04,0.01,0.96,0,0.67,0,28.9,"gga"
"27",27,27,27,27,27,27,27,27,27,27,27,27,27,27,27,27,27,1,0.79,0,0.05,0,0.95,0,0.67,0,16.76,"tta"
"28",28,28,28,28,28,28,28,28,28,28,28,28,28,28,28,28,28,1,1.01,0,0.2,0,0.8,0,0.67,0,21.55,"gtt"
"29",29,29,29,29,29,29,29,29,29,29,29,29,29,29,29,29,29,1,1.54,0.01,0.07,0.01,0.93,0,0.67,0,33.05,"gga"
"30",30,30,30,30,30,30,30,30,30,30,30,30,30,30,30,30,30,1,1.24,0.28,0.33,0,0.67,0,0.67,0,30.71,"gag"
"31",31,31,31,31,31,31,31,31,31,31,31,31,31,31,31,31,31,1,0.71,0.71,0.02,0.04,0.98,0,0.67,0,17.16,"ata"
"32",32,32,32,32,32,32,32,32,32,32,32,32,32,32,32,32,32,1,1.03,0.34,0.17,0,0.83,0,0.67,0,24.63,"gat"
"33",33,33,33,33,33,33,33,33,33,33,33,33,33,33,33,33,33,1,0.85,0.06,0,0.06,1,0,0.67,0,21,"ctc"
"34",34,34,34,34,34,34,34,34,34,34,34,34,34,34,34,34,34,1,0.7,0.28,0.26,0.02,0.74,0,0.67,0,19,"cct"
"35",35,35,35,35,35,35,35,35,35,35,35,35,35,35,35,35,35,1,0.92,0.69,0.12,0,0.88,0,0.67,0,23.49,"ctt"
"36",36,36,36,36,36,36,36,36,36,36,36,36,36,36,36,36,36,1,0.89,0.89,0.47,0,0.53,0,0.67,0,38.31,"gag"
"37",37,37,37,37,37,37,37,37,37,37,37,37,37,37,37,37,37,1,1.15,0,0.19,0,0.81,0,0.67,0,24.4,"ggc"
"38",38,38,38,38,38,38,38,38,38,38,38,38,38,38,38,38,38,1,0.97,0.97,0.02,0,0.98,0,0.67,0,21.41,"aca"
"39",39,39,39,39,39,39,39,39,39,39,39,39,39,39,39,39,39,1,1.39,0.86,0.04,0,0.96,0,0.67,0,31,"act"
"40",40,40,40,40,40,40,40,40,40,40,40,40,40,40,40,40,40,1,1.06,1.06,0.13,0.03,0.87,0,0.67,0,30.12,"aac"
"41",41,41,41,41,41,41,41,41,41,41,41,41,41,41,41,41,41,1,0.89,0.13,0.34,0.12,0.66,0,0.67,0,24.51,"cca"
"42",42,42,42,42,42,42,42,42,42,42,42,42,42,42,42,42,42,1,0.76,0.13,0.43,0.13,0.57,0,0.67,0,22.17,"aat"
"43",43,43,43,43,43,43,43,43,43,43,43,43,43,43,43,43,43,1,0.81,0,0.2,0,0.8,0,0.67,0,17.21,"ggt"
"44",44,44,44,44,44,44,44,44,44,44,44,44,44,44,44,44,44,1,1.42,0.03,1,0.03,0,0,0.67,0,31.4,"tat"
"45",45,45,45,45,45,45,45,45,45,45,45,45,45,45,45,45,45,1,0.94,0.05,1,0.05,0,0,0.67,0,22.14,"gcc"
"46",46,46,46,46,46,46,46,46,46,46,46,46,46,46,46,46,46,1,1.71,0.22,0.17,0,0.83,0,0.67,0,38.08,"aac"
"47",47,47,47,47,47,47,47,47,47,47,47,47,47,47,47,47,47,1,20.44,20.44,0,0,1,0,0.67,0,437.67,"tgg"
"48",48,48,48,48,48,48,48,48,48,48,48,48,48,48,48,48,48,1,1.22,0.49,0.04,0.01,0.96,0,0.67,0,27.23,"gac"
"49",49,49,49,49,49,49,49,49,49,49,49,49,49,49,49,49,49,1,0.62,0.62,0.02,0,0.98,0,0.67,0,13.67,"ata"
"50",50,50,50,50,50,50,50,50,50,50,50,50,50,50,50,50,50,1,2.49,0,0.19,0,0.81,0,0.67,0,52.84,"gat"
"51",51,51,51,51,51,51,51,51,51,51,51,51,51,51,51,51,51,1,1.8,0.02,0,0.02,1,0,0.67,0,39.2,"ata"
"52",52,52,52,52,52,52,52,52,52,52,52,52,52,52,52,52,52,1,0.42,0.14,0.12,0,0.88,0,0.67,0,9.79,"aca"
"53",53,53,53,53,53,53,53,53,53,53,53,53,53,53,53,53,53,1,1.1,0.01,0.08,0.01,0.92,0,0.67,0,23.59,"ggt"
"54",54,54,54,54,54,54,54,54,54,54,54,54,54,54,54,54,54,1,1.76,0.02,0.36,0.02,0.64,0,0.67,0,38.21,"tac"
"55",55,55,55,55,55,55,55,55,55,55,55,55,55,55,55,55,55,1,1.1,0.01,0.62,0.01,0.38,0,0.67,0,23.97,"gcg"
"56",56,56,56,56,56,56,56,56,56,56,56,56,56,56,56,56,56,1,1.3,0,0.19,0,0.81,0,0.67,0,27.69,"caa"
"57",57,57,57,57,57,57,57,57,57,57,57,57,57,57,57,57,57,1,1.56,0.02,0.68,0.02,0.32,0,0.67,0,33.84,"atg"
"58",58,58,58,58,58,58,58,58,58,58,58,58,58,58,58,58,58,1,0.53,0.53,0.03,0,0.97,0,0.67,0,11.9,"cgt"
"59",59,59,59,59,59,59,59,59,59,59,59,59,59,59,59,59,59,1,1.25,0,0.13,0,0.87,0,0.67,0,26.47,"aga"
"60",60,60,60,60,60,60,60,60,60,60,60,60,60,60,60,60,60,1,1.19,0,0.26,0,0.74,0,0.67,0,25.2,"aag"
"61",61,61,61,61,61,61,61,61,61,61,61,61,61,61,61,61,61,1,0.76,0.53,0.16,0,0.84,0,0.67,0,19.99,"gta"
"62",62,62,62,62,62,62,62,62,62,62,62,62,62,62,62,62,62,1,0.97,0,0.12,0,0.88,0,0.67,0,20.68,"gag"
"63",63,63,63,63,63,63,63,63,63,63,63,63,63,63,63,63,63,1,1.47,0.04,1,0.03,0,0,0.67,0,32.97,"cta"
"64",64,64,64,64,64,64,64,64,64,64,64,64,64,64,64,64,64,1,0.98,0.98,0.01,0.01,0.99,0,0.67,0,21.59,"ttc"
"65",65,65,65,65,65,65,65,65,65,65,65,65,65,65,65,65,65,1,1,0,0.22,0,0.78,0,0.67,0,21.23,"acc"
"66",66,66,66,66,66,66,66,66,66,66,66,66,66,66,66,66,66,1,1.2,1.2,0.02,0,0.98,0,0.67,0,26.64,"tac"
"67",67,67,67,67,67,67,67,67,67,67,67,67,67,67,67,67,67,1,28.62,28.62,0,0,1,0,0.67,0,610.75,"atg"
"68",68,68,68,68,68,68,68,68,68,68,68,68,68,68,68,68,68,1,0.53,0,0.02,0,0.98,0,0.67,0,11.19,"cgc"
"69",69,69,69,69,69,69,69,69,69,69,69,69,69,69,69,69,69,1,0.73,0,0.19,0,0.81,0,0.67,0,15.48,"ttt"
"70",70,70,70,70,70,70,70,70,70,70,70,70,70,70,70,70,70,1,0.94,0.02,0.19,0.02,0.81,0,0.67,0,20.7,"gat"
"71",71,71,71,71,71,71,71,71,71,71,71,71,71,71,71,71,71,1,0.81,0,0.07,0,0.93,0,0.67,0,17.21,"gca"
"72",72,72,72,72,72,72,72,72,72,72,72,72,72,72,72,72,72,1,1.19,0.31,0.04,0,0.96,0,0.67,0,25.98,"gag"
"73",73,73,73,73,73,73,73,73,73,73,73,73,73,73,73,73,73,1,0.52,0,0.07,0,0.93,0,0.67,0,11.04,"ttc"
"74",74,74,74,74,74,74,74,74,74,74,74,74,74,74,74,74,74,1,0.85,0,0.15,0,0.85,0,0.67,0,18.11,"act"
"75",75,75,75,75,75,75,75,75,75,75,75,75,75,75,75,75,75,1,1.28,1.28,0.01,0,0.99,0,0.67,0,28.01,"ttt"
"76",76,76,76,76,76,76,76,76,76,76,76,76,76,76,76,76,76,1,0.93,0.93,0.04,0,0.96,0,0.67,0,21.3,"gtt"
"77",77,77,77,77,77,77,77,77,77,77,77,77,77,77,77,77,77,1,0.97,0.04,1,0.03,0,0,0.67,0,22.51,"gcg"
"78",78,78,78,78,78,78,78,78,78,78,78,78,78,78,78,78,78,1,1.26,0.84,0.03,0.02,0.97,0,0.67,0,28.67,"tgc"
"79",79,79,79,79,79,79,79,79,79,79,79,79,79,79,79,79,79,1,0.82,0.25,0.22,0,0.78,0,0.67,0,20.09,"aca"
"80",80,80,80,80,80,80,80,80,80,80,80,80,80,80,80,80,80,1,0.92,0.6,0.33,0,0.67,0,0.67,0,28.72,"ccc"
"81",81,81,81,81,81,81,81,81,81,81,81,81,81,81,81,81,81,1,1.59,0.42,0.1,0.11,0.9,0,0.67,0,40.26,"acc"
"82",82,82,82,82,82,82,82,82,82,82,82,82,82,82,82,82,82,1,0.8,0.02,0,0.02,1,0,0.67,0,17.78,"ggg"
"83",83,83,83,83,83,83,83,83,83,83,83,83,83,83,83,83,83,1,0.77,0.77,0.58,0.03,0.42,0,0.67,0,37.74,"gaa"
"84",84,84,84,84,84,84,84,84,84,84,84,84,84,84,84,84,84,1,0.81,0.07,0,0.07,1,0,0.67,0,20.14,"gtt"
"85",85,85,85,85,85,85,85,85,85,85,85,85,85,85,85,85,85,1,0.5,0.5,0.13,0,0.87,0,0.67,0,13.66,"gtc"
"86",86,86,86,86,86,86,86,86,86,86,86,86,86,86,86,86,86,1,1.13,0.52,0.06,0.03,0.94,0,0.67,0,27.01,"cca"
"87",87,87,87,87,87,87,87,87,87,87,87,87,87,87,87,87,87,1,1.01,0.57,0.18,0.02,0.82,0,0.67,0,27.02,"caa"
"88",88,88,88,88,88,88,88,88,88,88,88,88,88,88,88,88,88,1,1.2,1.2,0.05,0.03,0.95,0,0.67,0,29.24,"ttg"
"89",89,89,89,89,89,89,89,89,89,89,89,89,89,89,89,89,89,1,0.83,0.83,0.02,0.01,0.98,0,0.67,0,18.81,"ctc"
"90",90,90,90,90,90,90,90,90,90,90,90,90,90,90,90,90,90,1,1.27,1.27,0.02,0,0.98,0,0.67,0,28.23,"caa"
"91",91,91,91,91,91,91,91,91,91,91,91,91,91,91,91,91,91,1,1.51,0,0.19,0,0.81,0,0.67,0,32,"tat"
"92",92,92,92,92,92,92,92,92,92,92,92,92,92,92,92,92,92,1,0,0,1,0,0,0,1,0,0,"atg"
"93",93,93,93,93,93,93,93,93,93,93,93,93,93,93,93,93,93,1,0.52,0.01,0.18,0.01,0.82,0,0.67,0,11.33,"ttt"
"94",94,94,94,94,94,94,94,94,94,94,94,94,94,94,94,94,94,1,1.27,0,0.2,0,0.8,0,0.67,0,26.88,"gtg"
"95",95,95,95,95,95,95,95,95,95,95,95,95,95,95,95,95,95,1,0.64,0.64,0.03,0,0.97,0,0.67,0,14.31,"cca"
"96",96,96,96,96,96,96,96,96,96,96,96,96,96,96,96,96,96,1,0.45,0,0.05,0,0.95,0,0.67,0,9.62,"cct"
"97",97,97,97,97,97,97,97,97,97,97,97,97,97,97,97,97,97,1,1.13,0,0.12,0,0.88,0,0.67,0,24.06,"gga"
"98",98,98,98,98,98,98,98,98,98,98,98,98,98,98,98,98,98,1,0.76,0,0.05,0,0.95,0,0.67,0,16.09,"gcc"
"99",99,99,99,99,99,99,99,99,99,99,99,99,99,99,99,99,99,1,0.92,0.92,0.04,0,0.96,0,0.67,0,21.18,"cct"
"100",100,100,100,100,100,100,100,100,100,100,100,100,100,100,100,100,100,1,1.4,0,0.19,0,0.81,0,0.67,0,29.69,"aag"
"101",101,101,101,101,101,101,101,101,101,101,101,101,101,101,101,101,101,1,0.96,0,0.14,0,0.86,0,0.67,0,20.47,"cca"
"102",102,102,102,102,102,102,102,102,102,102,102,102,102,102,102,102,102,1,1.13,0.94,0.16,0,0.84,0,0.67,0,30.97,"gat"
"103",103,103,103,103,103,103,103,103,103,103,103,103,103,103,103,103,103,1,0.93,0.86,0.14,0.04,0.86,0,0.67,0,26.5,"tcc"
"104",104,104,104,104,104,104,104,104,104,104,104,104,104,104,104,104,104,1,0.6,0,0.37,0,0.63,0,0.67,0,12.65,"agg"
"105",105,105,105,105,105,105,105,105,105,105,105,105,105,105,105,105,105,1,1.52,0.04,0.44,0.04,0.56,0,0.67,0,34.25,"gaa"
"106",106,106,106,106,106,106,106,106,106,106,106,106,106,106,106,106,106,1,1.04,0.11,0.2,0,0.8,0,0.67,0,23.07,"tcc"
"107",107,107,107,107,107,107,107,107,107,107,107,107,107,107,107,107,107,1,1.52,1.52,0,0.02,1,0,0.67,0,33.25,"ctt"
"108",108,108,108,108,108,108,108,108,108,108,108,108,108,108,108,108,108,1,0.75,0.75,0.1,0,0.9,0,0.67,0,19.42,"gca"
"109",109,109,109,109,109,109,109,109,109,109,109,109,109,109,109,109,109,1,0,0,1,0,0,0,1,0,0,"tgg"
"110",110,110,110,110,110,110,110,110,110,110,110,110,110,110,110,110,110,1,1.3,0,0.26,0,0.74,0,0.67,0,27.7,"caa"
"111",111,111,111,111,111,111,111,111,111,111,111,111,111,111,111,111,111,1,1.29,0.01,0.03,0.01,0.97,0,0.67,0,27.84,"acc"
"112",112,112,112,112,112,112,112,112,112,112,112,112,112,112,112,112,112,1,1.09,0.16,0.07,0,0.93,0,0.67,0,23.77,"gcc"
"113",113,113,113,113,113,113,113,113,113,113,113,113,113,113,113,113,113,1,1.48,0,0.27,0,0.73,0,0.67,0,31.49,"act"
"114",114,114,114,114,114,114,114,114,114,114,114,114,114,114,114,114,114,1,0.79,0,0.2,0,0.8,0,0.67,0,16.68,"aac"
"115",115,115,115,115,115,115,115,115,115,115,115,115,115,115,115,115,115,1,0.59,0,0.05,0,0.95,0,0.67,0,12.59,"ccc"
"116",116,116,116,116,116,116,116,116,116,116,116,116,116,116,116,116,116,1,0.54,0,0.04,0,0.96,0,0.67,0,11.42,"tca"
"117",117,117,117,117,117,117,117,117,117,117,117,117,117,117,117,117,117,1,0.66,0.66,0.18,0,0.82,0,0.67,0,19.65,"gtt"
"118",118,118,118,118,118,118,118,118,118,118,118,118,118,118,118,118,118,1,0.83,0,0.19,0,0.81,0,0.67,0,17.73,"ttt"
"119",119,119,119,119,119,119,119,119,119,119,119,119,119,119,119,119,119,1,1.14,0.4,0.09,0.02,0.91,0,0.67,0,26.57,"gtc"
"120",120,120,120,120,120,120,120,120,120,120,120,120,120,120,120,120,120,1,1.08,0,0.19,0,0.81,0,0.67,0,22.94,"aag"
"121",121,121,121,121,121,121,121,121,121,121,121,121,121,121,121,121,121,1,0.89,0.8,0.04,0.02,0.96,0,0.67,0,21.37,"ctg"
"122",122,122,122,122,122,122,122,122,122,122,122,122,122,122,122,122,122,1,0.63,0.09,0.06,0.08,0.94,0,0.67,0,16.99,"tca"
"123",123,123,123,123,123,123,123,123,123,123,123,123,123,123,123,123,123,1,1.12,0.19,0.18,0,0.82,0,0.67,0,25.41,"gac"
"124",124,124,124,124,124,124,124,124,124,124,124,124,124,124,124,124,124,1,0.91,0,0.14,0,0.86,0,0.67,0,19.29,"cct"
"125",125,125,125,125,125,125,125,125,125,125,125,125,125,125,125,125,125,1,0.49,0,0.05,0,0.95,0,0.67,0,10.47,"cca"
"126",126,126,126,126,126,126,126,126,126,126,126,126,126,126,126,126,126,1,1.08,0.02,0.14,0.02,0.86,0,0.67,0,23.74,"gcg"
"127",127,127,127,127,127,127,127,127,127,127,127,127,127,127,127,127,127,1,1.32,0,0.26,0,0.74,0,0.67,0,28.11,"cag"
"128",128,128,128,128,128,128,128,128,128,128,128,128,128,128,128,128,128,1,1.11,0,0.27,0,0.73,0,0.67,0,23.56,"gtt"
"129",129,129,129,129,129,129,129,129,129,129,129,129,129,129,129,129,129,1,0.81,0,0.04,0,0.96,0,0.67,0,17.14,"tca"
"130",130,130,130,130,130,130,130,130,130,130,130,130,130,130,130,130,130,1,1.09,0,0.2,0,0.8,0,0.67,0,23.17,"gtg"
"131",131,131,131,131,131,131,131,131,131,131,131,131,131,131,131,131,131,1,0.79,0,0.08,0,0.92,0,0.67,0,16.74,"cca"
"132",132,132,132,132,132,132,132,132,132,132,132,132,132,132,132,132,132,1,1.11,0,0.14,0,0.86,0,0.67,0,23.57,"ttc"
"133",133,133,133,133,133,133,133,133,133,133,133,133,133,133,133,133,133,1,0,0,1,0,0,0,1,0,0,"atg"
"134",134,134,134,134,134,134,134,134,134,134,134,134,134,134,134,134,134,1,0.64,0,0.04,0,0.96,0,0.67,0,13.51,"tca"
"135",135,135,135,135,135,135,135,135,135,135,135,135,135,135,135,135,135,1,0.73,0,0.15,0,0.85,0,0.67,0,15.51,"cct"
"136",136,136,136,136,136,136,136,136,136,136,136,136,136,136,136,136,136,1,0.73,0.56,0.03,0,0.97,0,0.67,0,16.33,"gcg"
"137",137,137,137,137,137,137,137,137,137,137,137,137,137,137,137,137,137,1,1.31,0.45,0.06,0,0.94,0,0.67,0,29,"agt"
"138",138,138,138,138,138,138,138,138,138,138,138,138,138,138,138,138,138,1,1.14,1.14,0.02,0,0.98,0,0.67,0,25.07,"gct"
"139",139,139,139,139,139,139,139,139,139,139,139,139,139,139,139,139,139,1,1.01,0,0.19,0,0.81,0,0.67,0,21.53,"tat"
"140",140,140,140,140,140,140,140,140,140,140,140,140,140,140,140,140,140,1,1.08,0,0.19,0,0.81,0,0.67,0,22.87,"caa"
"141",141,141,141,141,141,141,141,141,141,141,141,141,141,141,141,141,141,1,0,0,1,0,0,0,1,0,0,"tgg"
"142",142,142,142,142,142,142,142,142,142,142,142,142,142,142,142,142,142,1,0.71,0,0.2,0,0.8,0,0.67,0,15.19,"ttt"
"143",143,143,143,143,143,143,143,143,143,143,143,143,143,143,143,143,143,1,1.37,1.37,0.02,0,0.98,0,0.67,0,30.29,"tat"
"144",144,144,144,144,144,144,144,144,144,144,144,144,144,144,144,144,144,1,1.04,0,0.26,0,0.74,0,0.67,0,22.19,"gac"
"145",145,145,145,145,145,145,145,145,145,145,145,145,145,145,145,145,145,1,1.16,0,0.27,0,0.73,0,0.67,0,24.59,"gga"
"146",146,146,146,146,146,146,146,146,146,146,146,146,146,146,146,146,146,1,0.87,0,0.2,0,0.8,0,0.67,0,18.55,"tat"
"147",147,147,147,147,147,147,147,147,147,147,147,147,147,147,147,147,147,1,0.93,0.93,0.02,0,0.98,0,0.67,0,20.64,"ccc"
"148",148,148,148,148,148,148,148,148,148,148,148,148,148,148,148,148,148,1,0.81,0,0.01,0,0.99,0,0.67,0,17.11,"aca"
"149",149,149,149,149,149,149,149,149,149,149,149,149,149,149,149,149,149,1,0.88,0,0.25,0,0.75,0,0.67,0,18.75,"ttc"
"150",150,150,150,150,150,150,150,150,150,150,150,150,150,150,150,150,150,1,1.15,0.01,0.13,0.01,0.87,0,0.67,0,24.71,"gga"
"151",151,151,151,151,151,151,151,151,151,151,151,151,151,151,151,151,151,1,1.25,0.52,0.06,0.01,0.94,0,0.67,0,28.52,"gaa"
"152",152,152,152,152,152,152,152,152,152,152,152,152,152,152,152,152,152,1,1.05,0.01,0.2,0.01,0.8,0,0.67,0,22.6,"cac"
"153",153,153,153,153,153,153,153,153,153,153,153,153,153,153,153,153,153,1,0.89,0.31,0.36,0.02,0.64,0,0.67,0,24.6,"aaa"
"154",154,154,154,154,154,154,154,154,154,154,154,154,154,154,154,154,154,1,0.96,0.11,0.43,0,0.57,0,0.67,0,22.75,"cag"
"155",155,155,155,155,155,155,155,155,155,155,155,155,155,155,155,155,155,1,0.38,0.05,1,0.04,0,0,0.67,0,10.42,"gag"
"156",156,156,156,156,156,156,156,156,156,156,156,156,156,156,156,156,156,1,1.09,1.09,0.14,0.02,0.86,0,0.67,0,31,"aaa"
"157",157,157,157,157,157,157,157,157,157,157,157,157,157,157,157,157,157,1,1.07,0.02,0,0.02,1,0,0.67,0,23.34,"gat"
"158",158,158,158,158,158,158,158,158,158,158,158,158,158,158,158,158,158,1,0.82,0.43,0.12,0,0.88,0,0.67,0,19.84,"ctt"
"159",159,159,159,159,159,159,159,159,159,159,159,159,159,159,159,159,159,1,1.48,0.11,0.29,0.11,0.71,0,0.67,0,36.63,"gaa"
"160",160,160,160,160,160,160,160,160,160,160,160,160,160,160,160,160,160,1,1.35,0,0.19,0,0.81,0,0.67,0,28.64,"tac"
"161",161,161,161,161,161,161,161,161,161,161,161,161,161,161,161,161,161,1,0.88,0,0.27,0,0.73,0,0.67,0,18.77,"ggg"
"162",162,162,162,162,162,162,162,162,162,162,162,162,162,162,162,162,162,1,1.02,0.55,0.06,0,0.94,0,0.67,0,23.39,"gca"
"163",163,163,163,163,163,163,163,163,163,163,163,163,163,163,163,163,163,1,1.02,0,0.26,0,0.74,0,0.67,0,21.74,"tgt"
"164",164,164,164,164,164,164,164,164,164,164,164,164,164,164,164,164,164,1,1.32,0,0.13,0,0.87,0,0.67,0,27.99,"cct"
"165",165,165,165,165,165,165,165,165,165,165,165,165,165,165,165,165,165,1,1.83,0,0.15,0,0.85,0,0.67,0,38.82,"aat"
"166",166,166,166,166,166,166,166,166,166,166,166,166,166,166,166,166,166,1,1.61,0,0.33,0,0.67,0,0.67,0,34.18,"aac"
"167",167,167,167,167,167,167,167,167,167,167,167,167,167,167,167,167,167,1,0.24,0.24,0.08,0,0.92,0,0.67,0,5.94,"atg"
"168",168,168,168,168,168,168,168,168,168,168,168,168,168,168,168,168,168,1,0.54,0.02,1,0,0,0,0.67,0,12.53,"atg"
"169",169,169,169,169,169,169,169,169,169,169,169,169,169,169,169,169,169,1,1.13,0,0.13,0,0.87,0,0.67,0,24.09,"ggc"
"170",170,170,170,170,170,170,170,170,170,170,170,170,170,170,170,170,170,1,1.2,0.69,0.03,0,0.97,0,0.67,0,26.24,"acg"
"171",171,171,171,171,171,171,171,171,171,171,171,171,171,171,171,171,171,1,0.83,0,0.27,0,0.73,0,0.67,0,17.62,"ttc"
"172",172,172,172,172,172,172,172,172,172,172,172,172,172,172,172,172,172,1,0.8,0.8,0.05,0,0.95,0,0.67,0,18.74,"tca"
"173",173,173,173,173,173,173,173,173,173,173,173,173,173,173,173,173,173,1,0.78,0.06,0,0.06,1,0,0.67,0,19.05,"gtg"
"174",174,174,174,174,174,174,174,174,174,174,174,174,174,174,174,174,174,1,0.9,0,0.15,0,0.85,0,0.67,0,19.22,"cgg"
"175",175,175,175,175,175,175,175,175,175,175,175,175,175,175,175,175,175,1,0.46,0.06,1,0.05,0,0,0.67,0,12.5,"act"
"176",176,176,176,176,176,176,176,176,176,176,176,176,176,176,176,176,176,1,1.08,0,0.2,0,0.8,0,0.67,0,22.93,"gtg"
"177",177,177,177,177,177,177,177,177,177,177,177,177,177,177,177,177,177,1,1.38,0.01,0.26,0.01,0.74,0,0.67,0,29.64,"ggg"
"178",178,178,178,178,178,178,178,178,178,178,178,178,178,178,178,178,178,1,1.14,1.14,0.09,0.1,0.91,0,0.67,0,33.3,"acc"
"179",179,179,179,179,179,179,179,179,179,179,179,179,179,179,179,179,179,1,1.01,0.7,0.28,0,0.72,0,0.67,0,30.66,"tcc"
"180",180,180,180,180,180,180,180,180,180,180,180,180,180,180,180,180,180,1,0.83,0.05,0.27,0.03,0.73,0,0.67,0,19.01,"aag"
"181",181,181,181,181,181,181,181,181,181,181,181,181,181,181,181,181,181,1,1.05,0.01,0.39,0.01,0.61,0,0.67,0,22.72,"tcc"
"182",182,182,182,182,182,182,182,182,182,182,182,182,182,182,182,182,182,1,0.61,0.61,0.05,0.04,0.95,0,0.67,0,16.33,"aag"
"183",183,183,183,183,183,183,183,183,183,183,183,183,183,183,183,183,183,1,1.82,0.09,0.14,0.09,0.86,0,0.67,0,42.76,"tac"
"184",184,184,184,184,184,184,184,184,184,184,184,184,184,184,184,184,184,1,1.04,0.06,1,0.06,0,0,0.67,0,24.96,"cct"
"185",185,185,185,185,185,185,185,185,185,185,185,185,185,185,185,185,185,1,1.28,0.1,0.07,0.1,0.93,0,0.67,0,31.74,"tta"
"186",186,186,186,186,186,186,186,186,186,186,186,186,186,186,186,186,186,1,0.99,0.15,0.84,0.14,0.16,0,0.67,0,27.77,"gtg"
"187",187,187,187,187,187,187,187,187,187,187,187,187,187,187,187,187,187,1,0.58,0.47,0.38,0,0.62,0,0.67,0,20.74,"gtt"
"188",188,188,188,188,188,188,188,188,188,188,188,188,188,188,188,188,188,1,1.25,0,0.2,0,0.8,0,0.67,0,26.56,"agg"
"189",189,189,189,189,189,189,189,189,189,189,189,189,189,189,189,189,189,1,1.06,0.02,1,0.02,0,0,0.67,0,23.49,"att"
"190",190,190,190,190,190,190,190,190,190,190,190,190,190,190,190,190,190,1,0.88,0,0.27,0,0.73,0,0.67,0,18.75,"tac"
"191",191,191,191,191,191,191,191,191,191,191,191,191,191,191,191,191,191,1,0,0,0,0,1,0.04,0.61,1,0.23,"atg"
"192",192,192,192,192,192,192,192,192,192,192,192,192,192,192,192,192,192,1,1.09,0.01,0.02,0.01,0.98,0,0.67,0,23.57,"aga"
"193",193,193,193,193,193,193,193,193,193,193,193,193,193,193,193,193,193,1,1.1,0.03,0.54,0.03,0.46,0,0.67,0,24.67,"atg"
"194",194,194,194,194,194,194,194,194,194,194,194,194,194,194,194,194,194,1,1.49,0,0.12,0,0.88,0,0.67,0,31.67,"aag"
"195",195,195,195,195,195,195,195,195,195,195,195,195,195,195,195,195,195,1,0.94,0.01,0.3,0.01,0.7,0,0.67,0,20.39,"cac"
"196",196,196,196,196,196,196,196,196,196,196,196,196,196,196,196,196,196,1,0.62,0.62,0.05,0,0.95,0,0.67,0,14.55,"gtc"
"197",197,197,197,197,197,197,197,197,197,197,197,197,197,197,197,197,197,1,0.53,0.53,0.03,0,0.97,0,0.67,0,11.94,"agg"
"198",198,198,198,198,198,198,198,198,198,198,198,198,198,198,198,198,198,1,1.18,0,0.34,0,0.66,0,0.67,0,25.04,"gcg"
"199",199,199,199,199,199,199,199,199,199,199,199,199,199,199,199,199,199,1,204.13,5.89,0.01,0,0.99,0,0.67,0,4338.12,"tgg"
"200",200,200,200,200,200,200,200,200,200,200,200,200,200,200,200,200,200,1,1.18,1.18,0.11,0.01,0.89,0,0.67,0,31.71,"ata"
"201",201,201,201,201,201,201,201,201,201,201,201,201,201,201,201,201,201,1,0.66,0.66,0.03,0,0.97,0,0.67,0,14.91,"cct"
"202",202,202,202,202,202,202,202,202,202,202,202,202,202,202,202,202,202,1,1.33,0,0.2,0,0.8,0,0.67,0,28.16,"cgc"
"203",203,203,203,203,203,203,203,203,203,203,203,203,203,203,203,203,203,1,0.56,0,0,0,1,0,0.67,0,11.96,"ccg"
"204",204,204,204,204,204,204,204,204,204,204,204,204,204,204,204,204,204,1,0.74,0.14,0.09,0.02,0.91,0,0.67,0,17.24,"atg"
"205",205,205,205,205,205,205,205,205,205,205,205,205,205,205,205,205,205,1,1.65,1.65,0.01,0,0.99,0,0.67,0,36,"cgt"
"206",206,206,206,206,206,206,206,206,206,206,206,206,206,206,206,206,206,1,0.97,0.97,0.04,0,0.96,0,0.67,0,22.36,"aac"
"207",207,207,207,207,207,207,207,207,207,207,207,207,207,207,207,207,207,1,0.73,0.44,0.03,0.02,0.97,0,0.67,0,16.89,"caa"
"208",208,208,208,208,208,208,208,208,208,208,208,208,208,208,208,208,208,1,1.33,0.61,0.05,0,0.95,0,0.67,0,29.77,"aac"
"209",209,209,209,209,209,209,209,209,209,209,209,209,209,209,209,209,209,1,1.11,1.11,0.02,0,0.98,0,0.67,0,24.56,"tac"
"210",210,210,210,210,210,210,210,210,210,210,210,210,210,210,210,210,210,1,1.38,0.04,1,0.04,0,0,0.67,0,31.05,"cta"
"211",211,211,211,211,211,211,211,211,211,211,211,211,211,211,211,211,211,1,1.66,0.03,0.4,0.03,0.6,0,0.67,0,36.48,"ttc"
"212",212,212,212,212,212,212,212,212,212,212,212,212,212,212,212,212,212,1,0.6,0.6,0,0.01,1,0,0.67,0,13.47,"aaa"
"213",213,213,213,213,213,213,213,213,213,213,213,213,213,213,213,213,213,1,0.84,0.84,0.15,0,0.85,0,0.67,0,23.68,"gcc"
"214",214,214,214,214,214,214,214,214,214,214,214,214,214,214,214,214,214,1,1.45,0.03,0,0.03,1,0,0.67,0,32.33,"aac"
"215",215,215,215,215,215,215,215,215,215,215,215,215,215,215,215,215,215,1,0.48,0,0.14,0,0.86,0,0.67,0,10.25,"cca"
"216",216,216,216,216,216,216,216,216,216,216,216,216,216,216,216,216,216,1,0.78,0.02,0.82,0.02,0.18,0,0.67,0,17.38,"aat"
"217",217,217,217,217,217,217,217,217,217,217,217,217,217,217,217,217,217,1,1.39,0,0.26,0,0.74,0,0.67,0,29.46,"tat"
"218",218,218,218,218,218,218,218,218,218,218,218,218,218,218,218,218,218,1,0.5,0.16,0.71,0,0.29,0,0.67,0,16.09,"gct"
"219",219,219,219,219,219,219,219,219,219,219,219,219,219,219,219,219,219,1,1.89,1.37,0.02,0.04,0.98,0,0.67,0,43.39,"ggc"
"220",220,220,220,220,220,220,220,220,220,220,220,220,220,220,220,220,220,1,0.94,0.94,0.22,0.02,0.78,0,0.67,0,30.18,"aac"
"221",221,221,221,221,221,221,221,221,221,221,221,221,221,221,221,221,221,1,0.63,0.63,0.19,0.04,0.81,0,0.67,0,20.33,"tcc"
"222",222,222,222,222,222,222,222,222,222,222,222,222,222,222,222,222,222,1,1.66,1.66,0.01,0.01,0.99,0,0.67,0,36.14,"att"
"223",223,223,223,223,223,223,223,223,223,223,223,223,223,223,223,223,223,1,1.88,1.88,0.04,0.07,0.96,0,0.67,0,46.15,"aag"
"224",224,224,224,224,224,224,224,224,224,224,224,224,224,224,224,224,224,1,0.49,0.49,0.22,0,0.78,0,0.67,0,15.66,"cca"
"225",225,225,225,225,225,225,225,225,225,225,225,225,225,225,225,225,225,1,0.87,0.05,0.79,0.04,0.21,0,0.67,0,20.47,"act"
"226",226,226,226,226,226,226,226,226,226,226,226,226,226,226,226,226,226,1,0.75,0.09,0.53,0,0.47,0,0.67,0,18.25,"ggt"
"227",227,227,227,227,227,227,227,227,227,227,227,227,227,227,227,227,227,1,0.99,0.99,0.54,0,0.46,0,0.67,0,45.66,"gcc"
"228",228,228,228,228,228,228,228,228,228,228,228,228,228,228,228,228,228,1,0.79,0.17,0.21,0,0.79,0,0.67,0,18.39,"agt"
"229",229,229,229,229,229,229,229,229,229,229,229,229,229,229,229,229,229,1,0.86,0,0.07,0,0.93,0,0.67,0,18.26,"cgc"
"230",230,230,230,230,230,230,230,230,230,230,230,230,230,230,230,230,230,1,0.98,0.98,0.16,0.06,0.84,0,0.67,0,30.41,"aca"
"231",231,231,231,231,231,231,231,231,231,231,231,231,231,231,231,231,231,1,1.29,0.32,0.58,0,0.42,0,0.67,0,35.91,"gcg"
"232",232,232,232,232,232,232,232,232,232,232,232,232,232,232,232,232,232,1,1.17,1.17,0.03,0,0.97,0,0.67,0,26.43,"atc"
"233",233,233,233,233,233,233,233,233,233,233,233,233,233,233,233,233,233,1,1.01,1.01,0.06,0,0.94,0,0.67,0,24.41,"acc"
"234",234,234,234,234,234,234,234,234,234,234,234,234,234,234,234,234,234,1,1.42,0.13,0.64,0.12,0.36,0,0.67,0,36.15,"act"
