"","Site","Partition","X.alpha.","X.beta.","X.beta...alpha.","Prob..alpha...beta..","Prob..alpha...beta...1","BayesFactor..alpha...beta..","PSRF","Neff","consensus_codon","last_nuc","consensus_AA","potential_CpG","makesCpG","graphit4"
"1",1,1,2.757,0.574,-2.183,0.574,0.367,0.78,1.055,45.018,"atg","g","M","no",1,"0"
"2",2,1,1.834,0.767,-1.067,0.534,0.405,0.916,1.056,44.747,"cac","c","H","no",1,"0"
"3",3,1,1.628,0.785,-0.844,0.528,0.411,0.937,1.056,44.797,"gcc","c","A","no",0,"0"
"4",4,1,17.827,0.683,-17.143,0.91,0.07,0.101,1.025,86.424,"atc","c","I","no",1,"0"
"5",5,1,0.903,0.776,-0.127,0.502,0.434,1.033,1.055,45.174,"gct","t","A","no",0,"0"
"6",6,1,1.636,0.91,-0.727,0.521,0.417,0.964,1.055,44.922,"ccc","c","P","no",0,"0"
"7",7,1,1.498,0.622,-0.876,0.54,0.398,0.89,1.056,44.728,"agg","g","R","no",1,"0"
"8",8,1,0.937,0.679,-0.258,0.512,0.424,0.992,1.055,45.049,"ttg","g","L","no",1,"0"
"9",9,1,0.901,0.698,-0.203,0.508,0.428,1.007,1.055,45.095,"ctt","t","L","no",0,"0"
"10",10,1,0.901,0.698,-0.203,0.508,0.428,1.007,1.055,45.095,"ctt","t","L","no",0,"0"
"11",11,1,0.901,0.698,-0.203,0.508,0.428,1.007,1.055,45.095,"ctt","t","L","no",0,"0"
"12",12,1,1.011,0.598,-0.413,0.526,0.41,0.934,1.055,45.017,"ttt","t","F","yes",1,"4"
"13",13,1,0.9,0.652,-0.248,0.513,0.423,0.987,1.055,45.068,"gtt","t","V","no",0,"0"
"14",14,1,0.901,0.698,-0.203,0.508,0.428,1.007,1.055,45.095,"ctt","t","L","no",0,"0"
"15",15,1,0.901,0.703,-0.199,0.507,0.429,1.009,1.055,45.1,"tct","t","S","no",1,"0"
"16",16,1,0.901,0.697,-0.204,0.508,0.428,1.007,1.055,45.095,"ggt","t","G","no",0,"0"
"17",17,1,0.901,0.698,-0.203,0.508,0.428,1.007,1.055,45.095,"ctt","t","L","no",0,"0"
"18",18,1,1.314,0.905,-0.409,0.512,0.426,0.996,1.055,45.03,"ccg","g","P","no",0,"0"
"19",19,1,1.304,0.702,-0.603,0.525,0.412,0.944,1.056,44.824,"ggg","g","G","no",0,"0"
"20",20,1,0.94,0.675,-0.265,0.512,0.424,0.989,1.055,45.044,"aca","a","T","no",1,"0"
"21",21,1,1.628,0.775,-0.852,0.528,0.41,0.935,1.056,44.787,"cgc","c","R","no",0,"0"
"22",22,1,1.902,3.781,1.879,0.266,0.679,2.85,1.022,94.364,"ggc","c","G","no",0,"0"
"23",23,1,1.304,0.702,-0.603,0.525,0.412,0.944,1.056,44.824,"ggg","g","G","no",0,"0"
"24",24,1,1.305,0.713,-0.592,0.524,0.413,0.948,1.056,44.835,"tcg","g","S","no",0,"0"
"25",25,1,0.901,0.697,-0.204,0.508,0.428,1.007,1.055,45.095,"ggt","t","G","no",1,"0"
"26",26,1,1.617,0.657,-0.96,0.538,0.4,0.896,1.056,44.684,"gtc","c","V","no",0,"0"
"27",27,1,1.636,0.91,-0.727,0.521,0.417,0.964,1.055,44.922,"ccc","c","P","no",0,"0"
"28",28,1,0.941,0.718,-0.223,0.508,0.428,1.006,1.055,45.081,"gga","a","G","no",0,"0"
"29",29,1,0.945,0.898,-0.047,0.497,0.439,1.054,1.055,45.258,"cca","a","P","no",1,"0"
"30",30,1,1.01,0.585,-0.425,0.528,0.408,0.926,1.055,45.05,"att","t","I","no",0,"0"
"31",31,1,1.011,0.614,-0.398,0.524,0.412,0.944,1.055,44.992,"aat","t","N","yes",0,"3"
"32",32,1,1.636,0.91,-0.727,0.521,0.417,0.964,1.055,44.922,"ccc","c","P","no",0,"0"
"33",33,1,1.636,0.91,-0.727,0.521,0.417,0.964,1.055,44.922,"ccc","c","P","no",0,"0"
"34",34,1,1.819,0.634,-1.185,0.546,0.393,0.87,1.056,44.66,"aac","c","N","no",1,"0"
"35",35,1,2.913,30.265,27.352,0.019,0.955,28.565,0.999,620.915,"aac","c","N","no",1,"0"
"36",36,1,1.113,3.192,2.079,0.249,0.697,3.087,1.026,84.425,"gat","t","D","yes",1,"4"
"37",37,1,0.9,0.652,-0.248,0.513,0.423,0.987,1.055,45.068,"gtt","t","V","no",1,"0"
"38",38,1,0.9,0.652,-0.248,0.513,0.423,0.987,1.055,45.068,"gtt","t","V","no",0,"0"
"39",39,1,1.817,0.616,-1.201,0.548,0.39,0.861,1.056,44.677,"ttc","c","F","no",0,"0"
"40",40,1,1.314,0.905,-0.409,0.512,0.426,0.996,1.055,45.03,"ccg","g","P","no",0,"0"
"41",41,1,0.941,0.718,-0.223,0.508,0.428,1.006,1.055,45.081,"gga","a","G","no",0,"0"
"42",42,1,0.901,0.697,-0.204,0.508,0.428,1.007,1.055,45.095,"ggt","t","G","no",0,"0"
"43",43,1,1.622,0.71,-0.912,0.533,0.405,0.916,1.056,44.717,"tcc","c","S","no",0,"0"
"44",44,1,1.636,0.91,-0.727,0.521,0.417,0.964,1.055,44.922,"ccc","c","P","no",0,"0"
"45",45,1,1.301,0.655,-0.646,0.53,0.408,0.926,1.056,44.795,"gtg","g","V","no",1,"0"
"46",46,1,0.903,0.776,-0.127,0.502,0.434,1.033,1.055,45.174,"gct","t","A","no",0,"0"
"47",47,1,0.983,0.848,-0.134,0.502,0.435,1.035,1.055,45.187,"caa","a","Q","yes",1,"2"
"48",48,1,1.013,0.659,-0.354,0.518,0.418,0.967,1.055,44.977,"tat","t","Y","yes",0,"3"
"49",49,1,1.012,0.624,-0.388,0.522,0.414,0.95,1.055,44.981,"tgt","t","C","yes",1,"4"
"50",50,1,1.013,0.659,-0.354,0.518,0.418,0.967,1.055,44.977,"tat","t","Y","yes",1,"4"
"51",51,1,1.628,0.785,-0.844,0.528,0.411,0.937,1.056,44.797,"gcc","c","A","no",0,"0"
"52",52,1,1.013,0.659,-0.354,0.518,0.418,0.967,1.055,44.977,"tat","t","Y","yes",0,"3"
"53",53,1,1.636,0.91,-0.727,0.521,0.417,0.964,1.055,44.922,"ccc","c","P","no",0,"0"
"54",54,1,1.275,0.78,-0.495,0.518,0.42,0.972,1.055,44.925,"cgg","g","R","no",0,"0"
"55",55,1,0.937,0.679,-0.258,0.512,0.424,0.992,1.055,45.049,"ttg","g","L","no",1,"0"
"56",56,1,1.827,0.699,-1.128,0.539,0.4,0.895,1.056,44.677,"gac","c","D","no",0,"0"
"57",57,1,1.014,0.668,-0.346,0.517,0.419,0.971,1.055,44.981,"gat","t","D","yes",0,"3"
"58",58,1,1.636,0.91,-0.727,0.521,0.417,0.964,1.055,44.922,"ccc","c","P","no",0,"0"
"59",59,1,1.304,0.702,-0.603,0.525,0.412,0.944,1.056,44.824,"ggg","g","G","no",0,"0"
"60",60,1,1.636,0.91,-0.727,0.521,0.417,0.964,1.055,44.922,"ccc","c","P","no",0,"0"
"61",61,1,0.937,0.679,-0.258,0.512,0.424,0.992,1.055,45.049,"ttg","g","L","no",1,"0"
"62",62,1,0.901,0.697,-0.204,0.508,0.428,1.007,1.055,45.095,"ggt","t","G","no",0,"0"
"63",63,1,1.622,0.71,-0.912,0.533,0.405,0.916,1.056,44.717,"tcc","c","S","no",0,"0"
"64",64,1,1.308,0.781,-0.527,0.519,0.419,0.968,1.055,44.908,"gcg","g","A","no",0,"0"
"65",65,1,1.827,0.699,-1.128,0.539,0.4,0.895,1.056,44.677,"gac","c","D","no",0,"0"
"66",66,1,1.628,0.785,-0.844,0.528,0.411,0.937,1.056,44.797,"gcc","c","A","no",0,"0"
"67",67,1,1.304,0.702,-0.603,0.525,0.412,0.944,1.056,44.824,"ggg","g","G","no",0,"0"
"68",68,1,1.275,0.78,-0.495,0.518,0.42,0.972,1.055,44.925,"cgg","g","R","no",0,"0"
"69",69,1,0.983,0.848,-0.134,0.502,0.435,1.035,1.055,45.187,"caa","a","Q","yes",1,"2"
"70",70,1,1.827,0.699,-1.128,0.539,0.4,0.895,1.056,44.677,"gac","c","D","no",0,"0"
"71",71,1,1.211,4.863,3.653,0.223,0.726,3.573,1.02,102.686,"ctg","g","L","no",1,"0"
"72",72,1,1.636,0.91,-0.727,0.521,0.417,0.964,1.055,44.922,"ccc","c","P","no",0,"0"
"73",73,1,1.275,0.78,-0.495,0.518,0.42,0.972,1.055,44.925,"cgg","g","R","no",0,"0"
"74",74,1,1.628,0.775,-0.852,0.528,0.41,0.935,1.056,44.787,"cgc","c","R","no",0,"0"
"75",75,1,1.617,0.657,-0.96,0.538,0.4,0.896,1.056,44.684,"gtc","c","V","no",0,"0"
"76",76,1,1.617,0.657,-0.96,0.538,0.4,0.896,1.056,44.684,"gtc","c","V","no",0,"0"
"77",77,1,0.903,0.767,-0.136,0.502,0.434,1.031,1.055,45.165,"cgt","t","R","no",0,"0"
"78",78,1,1.834,0.767,-1.067,0.534,0.405,0.916,1.056,44.747,"cac","c","H","no",1,"0"
"79",79,1,1.624,0.696,-0.927,0.535,0.404,0.911,1.056,44.706,"gag","g","E","no",0,"0"
"80",80,1,1.636,0.91,-0.727,0.521,0.417,0.964,1.055,44.922,"ccc","c","P","no",0,"0"
"81",81,1,1.071,0.757,-0.314,0.512,0.425,0.995,1.055,45.025,"ctg","g","L","no",1,"0"
"82",82,1,1.622,0.704,-0.918,0.534,0.404,0.914,1.056,44.712,"ggc","c","G","no",0,"0"
"83",83,1,1.628,0.775,-0.852,0.528,0.41,0.935,1.056,44.787,"cgc","c","R","no",0,"0"
"84",84,1,1.305,0.713,-0.592,0.524,0.413,0.948,1.056,44.835,"tcg","g","S","no",0,"0"
"85",85,1,1.817,0.616,-1.201,0.548,0.39,0.861,1.056,44.677,"ttc","c","F","no",0,"0"
"86",86,1,1.622,0.705,-0.917,0.534,0.405,0.914,1.056,44.713,"ctc","c","L","no",0,"0"
"87",87,1,1.303,0.678,-0.624,0.527,0.41,0.935,1.056,44.806,"acg","g","T","no",1,"0"
"88",88,1,1.304,0.702,-0.603,0.525,0.412,0.944,1.056,44.824,"ggg","g","G","no",0,"0"
"89",89,1,1.304,0.702,-0.603,0.525,0.412,0.944,1.056,44.824,"ggg","g","G","no",0,"0"
"90",90,1,1.071,0.757,-0.314,0.512,0.425,0.995,1.055,45.025,"ctg","g","L","no",1,"0"
"91",91,1,0.9,0.652,-0.248,0.513,0.423,0.987,1.055,45.068,"gtt","t","V","no",0,"0"
"92",92,1,37.504,0.948,-36.556,0.998,0,0,1,537.606,"ttg","g","L","no",1,"0"
"93",93,1,1.071,0.757,-0.314,0.512,0.425,0.995,1.055,45.025,"ctg","g","L","no",1,"0"
"94",94,1,1.308,0.781,-0.527,0.519,0.419,0.968,1.055,44.908,"gcg","g","A","no",0,"0"
"95",95,1,1.314,0.905,-0.409,0.512,0.426,0.996,1.055,45.03,"ccg","g","P","no",0,"0"
"96",96,1,1.314,0.905,-0.409,0.512,0.426,0.996,1.055,45.03,"ccg","g","P","no",0,"0"
"97",97,1,0.94,0.652,-0.287,0.515,0.421,0.978,1.055,45.034,"gta","a","V","no",0,"0"
"98",98,1,1.628,0.775,-0.852,0.528,0.41,0.935,1.056,44.787,"cgc","c","R","no",0,"0"
"99",99,1,0.941,0.718,-0.223,0.508,0.428,1.006,1.055,45.081,"gga","a","G","no",0,"0"
"100",100,1,1.011,0.598,-0.413,0.526,0.41,0.934,1.055,45.017,"ttt","t","F","yes",1,"4"
"101",101,1,1.622,0.704,-0.918,0.534,0.404,0.914,1.056,44.712,"ggc","c","G","no",0,"0"
"102",102,1,0.943,0.776,-0.167,0.504,0.432,1.024,1.055,45.142,"gca","a","A","no",1,"0"
"103",103,1,1.636,0.91,-0.727,0.521,0.417,0.964,1.055,44.922,"ccc","c","P","no",0,"0"
"104",104,1,1.819,0.634,-1.185,0.546,0.393,0.87,1.056,44.66,"aac","c","N","no",1,"0"
"105",105,1,0.943,0.776,-0.167,0.504,0.432,1.024,1.055,45.142,"gca","a","A","no",1,"0"
"106",106,1,1.303,0.678,-0.624,0.527,0.41,0.935,1.056,44.806,"acg","g","T","no",0,"0"
"107",107,1,1.013,0.659,-0.354,0.518,0.418,0.967,1.055,44.977,"tat","t","Y","yes",1,"4"
"108",108,1,1.527,5.26,3.733,0.229,0.72,3.454,1.019,108.221,"gcg","g","A","no",0,"0"
"109",109,1,1.628,0.785,-0.844,0.528,0.411,0.937,1.056,44.797,"gcc","c","A","no",0,"0"
"110",110,1,7.117,5.533,-1.585,0.516,0.389,0.855,1.001,398.925,"cgt","t","R","no",1,"0"
"111",111,1,1.301,0.655,-0.646,0.53,0.408,0.926,1.056,44.795,"gtg","g","V","no",1,"0"
"112",112,1,1.303,0.678,-0.624,0.527,0.41,0.935,1.056,44.806,"acg","g","T","no",0,"0"
"113",113,1,1.823,0.665,-1.158,0.542,0.396,0.883,1.056,44.656,"tac","c","Y","no",0,"0"
"114",114,1,1.823,0.665,-1.158,0.542,0.396,0.883,1.056,44.656,"tac","c","Y","no",0,"0"
"115",115,1,1.275,0.78,-0.495,0.518,0.42,0.972,1.055,44.925,"cgg","g","R","no",0,"0"
"116",116,1,1.622,0.705,-0.917,0.534,0.405,0.914,1.056,44.713,"ctc","c","L","no",0,"0"
"117",117,1,1.62,0.681,-0.939,0.536,0.402,0.905,1.056,44.694,"acc","c","T","no",1,"0"
"118",118,1,1.628,0.775,-0.852,0.528,0.41,0.935,1.056,44.787,"cgc","c","R","no",0,"0"
"119",119,1,1.628,0.785,-0.844,0.528,0.411,0.937,1.056,44.797,"gcc","c","A","no",0,"0"
"120",120,1,1.821,0.649,-1.172,0.544,0.395,0.876,1.056,44.654,"tgc","c","C","no",1,"0"
"121",121,1,0.903,0.767,-0.136,0.502,0.434,1.031,1.055,45.165,"cgt","t","R","no",0,"0"
"122",122,1,1.971,5.832,3.861,0.234,0.714,3.366,1.017,117.377,"cag","g","Q","no",1,"0"
"123",123,1,1.636,0.91,-0.727,0.521,0.417,0.964,1.055,44.922,"ccc","c","P","no",0,"0"
"124",124,1,1.764,0.603,-1.162,0.549,0.389,0.857,1.056,44.706,"atc","c","I","no",1,"0"
"125",125,1,1.622,0.705,-0.917,0.534,0.405,0.914,1.056,44.713,"ctc","c","L","no",0,"0"
"126",126,1,0.901,0.698,-0.203,0.508,0.428,1.007,1.055,45.095,"ctt","t","L","no",0,"0"
"127",127,1,1.275,0.78,-0.495,0.518,0.42,0.972,1.055,44.925,"cgg","g","R","no",0,"0"
"128",128,1,1.633,0.81,-0.822,0.526,0.412,0.944,1.056,44.828,"cag","g","Q","no",1,"0"
"129",129,1,1.013,0.659,-0.354,0.518,0.418,0.967,1.055,44.977,"tat","t","Y","yes",1,"4"
"130",130,1,0.941,0.718,-0.223,0.508,0.428,1.006,1.055,45.081,"gga","a","G","no",0,"0"
"131",131,1,1.304,0.702,-0.603,0.525,0.412,0.944,1.056,44.824,"ggg","g","G","no",0,"0"
"132",132,1,1.012,0.624,-0.388,0.522,0.414,0.95,1.055,44.981,"tgt","t","C","yes",1,"4"
"133",133,1,1.628,0.775,-0.852,0.528,0.41,0.935,1.056,44.787,"cgc","c","R","no",0,"0"
"134",134,1,1.622,0.704,-0.918,0.534,0.404,0.914,1.056,44.712,"ggc","c","G","no",0,"0"
"135",135,1,14.908,0.819,-14.089,0.886,0.088,0.13,1.026,84.762,"ggc","c","G","no",0,"0"
"136",136,1,1.624,0.696,-0.927,0.535,0.404,0.911,1.056,44.706,"gag","g","E","no",0,"0"
"137",137,1,1.314,0.905,-0.409,0.512,0.426,0.996,1.055,45.03,"ccg","g","P","no",0,"0"
"138",138,1,1.314,0.905,-0.409,0.512,0.426,0.996,1.055,45.03,"ccg","g","P","no",0,"0"
"139",139,1,1.622,0.71,-0.912,0.533,0.405,0.916,1.056,44.717,"tcc","c","S","no",0,"0"
"140",140,1,0.945,0.898,-0.047,0.497,0.439,1.054,1.055,45.258,"cca","a","P","no",1,"0"
"141",141,1,1.616,0.621,-0.995,0.543,0.395,0.879,1.056,44.699,"aag","g","K","no",0,"0"
"142",142,1,1.303,0.678,-0.624,0.527,0.41,0.935,1.056,44.806,"acg","g","T","no",0,"0"
"143",143,1,1.821,0.649,-1.172,0.544,0.395,0.876,1.056,44.654,"tgc","c","C","no",1,"0"
"144",144,1,38.818,0.945,-37.874,0.998,0,0,0.998,913.049,"ggg","g","G","no",0,"0"
"145",145,1,1.305,0.713,-0.592,0.524,0.413,0.948,1.056,44.835,"tcg","g","S","no",0,"0"
"146",146,1,1.823,0.665,-1.158,0.542,0.396,0.883,1.056,44.656,"tac","c","Y","no",0,"0"
"147",147,1,1.303,0.678,-0.624,0.527,0.41,0.935,1.056,44.806,"acg","g","T","no",1,"0"
"148",148,1,1.823,0.665,-1.158,0.542,0.396,0.883,1.056,44.656,"tac","c","Y","no",0,"0"
"149",149,1,1.303,0.678,-0.624,0.527,0.41,0.935,1.056,44.806,"acg","g","T","no",1,"0"
"150",150,1,1.823,0.665,-1.158,0.542,0.396,0.883,1.056,44.656,"tac","c","Y","no",0,"0"
"151",151,1,1.633,0.81,-0.822,0.526,0.412,0.944,1.056,44.828,"cag","g","Q","no",1,"0"
"152",152,1,1.622,0.704,-0.918,0.534,0.404,0.914,1.056,44.712,"ggc","c","G","no",0,"0"
"153",153,1,1.622,0.704,-0.918,0.534,0.404,0.914,1.056,44.712,"ggc","c","G","no",0,"0"
"154",154,1,1.494,3.765,2.271,0.253,0.693,3.037,1.023,92.633,"ggg","g","G","no",0,"0"
"155",155,1,0.905,0.897,-0.008,0.495,0.441,1.063,1.055,45.289,"cct","t","P","no",0,"0"
"156",156,1,1.314,0.905,-0.409,0.512,0.426,0.996,1.055,45.03,"ccg","g","P","no",0,"0"
"157",157,1,1.62,0.681,-0.939,0.536,0.402,0.905,1.056,44.694,"acc","c","T","no",0,"0"
"158",158,1,1.275,0.78,-0.495,0.518,0.42,0.972,1.055,44.925,"cgg","g","R","no",0,"0"
"159",159,1,1.823,0.665,-1.158,0.542,0.396,0.883,1.056,44.656,"tac","c","Y","no",0,"0"
"160",160,1,0.903,0.776,-0.127,0.502,0.434,1.033,1.055,45.174,"gct","t","A","no",0,"0"
"161",161,1,1.622,0.705,-0.917,0.534,0.405,0.914,1.056,44.713,"ctc","c","L","no",0,"0"
"162",162,1,0.94,0.652,-0.287,0.515,0.421,0.978,1.055,45.034,"gta","a","V","no",0,"0"
"163",163,1,1.011,0.614,-0.398,0.524,0.412,0.944,1.055,44.992,"aat","t","N","yes",1,"4"
"164",164,1,0.903,0.776,-0.127,0.502,0.434,1.033,1.055,45.174,"gct","t","A","no",0,"0"
"165",165,1,1.622,0.71,-0.912,0.533,0.405,0.916,1.056,44.717,"tcc","c","S","no",0,"0"
"166",166,1,1.071,0.757,-0.314,0.512,0.425,0.995,1.055,45.025,"ctg","g","L","no",1,"0"
"167",167,1,1.071,0.757,-0.314,0.512,0.425,0.995,1.055,45.025,"ctg","g","L","no",1,"0"
"168",168,1,1.301,0.655,-0.646,0.53,0.408,0.926,1.056,44.795,"gtg","g","V","no",1,"0"
"169",169,1,1.574,7.804,6.23,0.199,0.754,4.125,1.015,128.917,"ccg","g","P","no",0,"0"
"170",170,1,1.764,0.603,-1.162,0.549,0.389,0.857,1.056,44.706,"atc","c","I","no",0,"0"
"171",171,1,2.792,0.714,-2.077,0.557,0.384,0.839,1.056,44.873,"tgg","g","W","no",1,"0"
"172",172,1,1.827,0.699,-1.128,0.539,0.4,0.895,1.056,44.677,"gac","c","D","no",0,"0"
"173",173,1,1.628,0.775,-0.852,0.528,0.41,0.935,1.056,44.787,"cgc","c","R","no",0,"0"
"174",174,1,18.214,6.492,-11.722,0.686,0.226,0.392,0.998,835.855,"gcc","c","A","no",0,"0"
"175",175,1,1.308,0.781,-0.527,0.519,0.419,0.968,1.055,44.908,"gcg","g","A","no",0,"0"
"176",176,1,1.624,0.696,-0.927,0.535,0.404,0.911,1.056,44.706,"gag","g","E","no",0,"0"
"177",177,1,0.94,0.675,-0.265,0.512,0.424,0.989,1.055,45.044,"aca","a","T","no",1,"0"
"178",178,1,1.817,0.616,-1.201,0.548,0.39,0.861,1.056,44.677,"ttc","c","F","no",0,"0"
"179",179,1,1.624,0.696,-0.927,0.535,0.404,0.911,1.056,44.706,"gag","g","E","no",0,"0"
"180",180,1,1.823,0.665,-1.158,0.542,0.396,0.883,1.056,44.656,"tac","c","Y","no",0,"0"
"181",181,1,1.633,0.81,-0.822,0.526,0.412,0.944,1.056,44.828,"cag","g","Q","no",1,"0"
"182",182,1,1.764,0.603,-1.162,0.549,0.389,0.857,1.056,44.706,"atc","c","I","no",0,"0"
"183",183,1,0.979,0.713,-0.266,0.511,0.425,0.996,1.055,45.046,"gaa","a","E","yes",0,"1"
"184",184,1,1.622,0.705,-0.917,0.534,0.405,0.914,1.056,44.713,"ctc","c","L","no",0,"0"
"185",185,1,17.855,4.645,-13.211,0.728,0.197,0.331,0.999,604.376,"ggc","c","G","no",0,"0"
"186",186,1,1.622,0.704,-0.918,0.534,0.404,0.914,1.056,44.712,"ggc","c","G","no",0,"0"
"187",187,1,1.624,0.696,-0.927,0.535,0.404,0.911,1.056,44.706,"gag","g","E","no",0,"0"
"188",188,1,1.071,0.757,-0.314,0.512,0.425,0.995,1.055,45.025,"ctg","g","L","no",1,"0"
"189",189,1,1.834,0.767,-1.067,0.534,0.405,0.916,1.056,44.747,"cac","c","H","no",1,"0"
"190",190,1,1.301,0.655,-0.646,0.53,0.408,0.926,1.056,44.795,"gtg","g","V","no",1,"0"
"191",191,1,0.901,0.697,-0.204,0.508,0.428,1.007,1.055,45.095,"ggt","t","G","no",0,"0"
"192",192,1,1.071,0.757,-0.314,0.512,0.425,0.995,1.055,45.025,"ctg","g","L","no",1,"0"
"193",193,1,0.937,0.679,-0.258,0.512,0.424,0.992,1.055,45.049,"ttg","g","L","no",1,"0"
"194",194,1,2.792,0.714,-2.077,0.557,0.384,0.839,1.056,44.873,"tgg","g","W","no",1,"0"
"195",195,1,0.94,0.652,-0.287,0.515,0.421,0.978,1.055,45.034,"gta","a","V","no",0,"0"
"196",196,1,1.624,0.696,-0.927,0.535,0.404,0.911,1.056,44.706,"gag","g","E","no",0,"0"
"197",197,1,1.301,0.655,-0.646,0.53,0.408,0.926,1.056,44.795,"gtg","g","V","no",1,"0"
"198",198,1,1.622,0.704,-0.918,0.534,0.404,0.914,1.056,44.712,"ggc","c","G","no",0,"0"
"199",199,1,1.304,0.702,-0.603,0.525,0.412,0.944,1.056,44.824,"ggg","g","G","no",0,"0"
"200",200,1,16.638,0.817,-15.821,0.897,0.08,0.117,1.024,88.481,"gag","g","E","no",0,"0"
"201",201,1,1.622,0.704,-0.918,0.534,0.404,0.914,1.056,44.712,"ggc","c","G","no",0,"0"
"202",202,1,1.636,0.91,-0.727,0.521,0.417,0.964,1.055,44.922,"ccc","c","P","no",0,"0"
"203",203,1,1.622,0.704,-0.918,0.534,0.404,0.914,1.056,44.712,"ggc","c","G","no",0,"0"
"204",204,1,2.57,48.595,46.025,0.001,0.986,97.287,1.007,215.443,"ccc","c","P","no",0,"0"
"205",205,1,1.62,0.681,-0.939,0.536,0.402,0.905,1.056,44.694,"acc","c","T","no",1,"0"
"206",206,1,1.628,0.785,-0.844,0.528,0.411,0.937,1.056,44.797,"gcc","c","A","no",0,"0"
"207",207,1,1.636,0.91,-0.727,0.521,0.417,0.964,1.055,44.922,"ccc","c","P","no",0,"0"
"208",208,1,0.945,0.898,-0.047,0.497,0.439,1.054,1.055,45.258,"cca","a","P","no",1,"0"
"209",209,1,1.633,0.81,-0.822,0.526,0.412,0.944,1.056,44.828,"cag","g","Q","no",1,"0"
"210",210,1,1.308,0.781,-0.527,0.519,0.419,0.968,1.055,44.908,"gcg","g","A","no",0,"0"
"211",211,1,1.308,0.781,-0.527,0.519,0.419,0.968,1.055,44.908,"gcg","g","A","no",0,"0"
"212",212,1,1.142,28.564,27.422,0.004,0.988,112.294,0.998,919.067,"cgt","t","R","no",1,"0"
"213",213,1,1.308,0.781,-0.527,0.519,0.419,0.968,1.055,44.908,"gcg","g","A","no",0,"0"
"214",214,1,1.624,0.696,-0.927,0.535,0.404,0.911,1.056,44.706,"gag","g","E","no",0,"0"
"215",215,1,1.622,0.704,-0.918,0.534,0.404,0.914,1.056,44.712,"ggc","c","G","no",0,"0"
"216",216,1,1.622,0.704,-0.918,0.534,0.404,0.914,1.056,44.712,"ggc","c","G","no",0,"0"
"217",217,1,1.314,0.905,-0.409,0.512,0.426,0.996,1.055,45.03,"ccg","g","P","no",0,"0"
"218",218,1,1.821,0.649,-1.172,0.544,0.395,0.876,1.056,44.654,"tgc","c","C","no",1,"0"
"219",219,1,1.617,0.657,-0.96,0.538,0.4,0.896,1.056,44.684,"gtc","c","V","no",0,"0"
"220",220,1,1.636,0.91,-0.727,0.521,0.417,0.964,1.055,44.922,"ccc","c","P","no",0,"0"
"221",221,1,1.314,0.905,-0.409,0.512,0.426,0.996,1.055,45.03,"ccg","g","P","no",0,"0"
"222",222,1,1.617,0.657,-0.96,0.538,0.4,0.896,1.056,44.684,"gtc","c","V","no",0,"0"
"223",223,1,1.636,0.91,-0.727,0.521,0.417,0.964,1.055,44.922,"ccc","c","P","no",0,"0"
"224",224,1,1.308,0.781,-0.527,0.519,0.419,0.968,1.055,44.908,"gcg","g","A","no",0,"0"
"225",225,1,1.622,0.704,-0.918,0.534,0.404,0.914,1.056,44.712,"ggc","c","G","no",0,"0"
"226",226,1,16.422,0.932,-15.49,0.891,0.084,0.124,1.023,92.721,"cgc","c","R","no",0,"0"
"227",227,1,1.314,0.905,-0.409,0.512,0.426,0.996,1.055,45.03,"ccg","g","P","no",0,"0"
"228",228,1,3.389,3.869,0.48,0.302,0.643,2.418,1.02,102.376,"tgg","g","W","no",1,"0"
"229",229,1,1.628,0.775,-0.852,0.528,0.41,0.935,1.056,44.787,"cgc","c","R","no",0,"0"
"230",230,1,1.305,0.713,-0.592,0.524,0.413,0.948,1.056,44.835,"tcg","g","S","no",0,"0"
"231",231,1,1.301,0.655,-0.646,0.53,0.408,0.926,1.056,44.795,"gtg","g","V","no",1,"0"
"232",232,1,1.636,0.91,-0.727,0.521,0.417,0.964,1.055,44.922,"ccc","c","P","no",0,"0"
"233",233,1,1.314,0.905,-0.409,0.512,0.426,0.996,1.055,45.03,"ccg","g","P","no",0,"0"
"234",234,1,0.94,0.652,-0.287,0.515,0.421,0.978,1.055,45.034,"gta","a","V","no",0,"0"
"235",235,1,2.792,0.714,-2.077,0.557,0.384,0.839,1.056,44.873,"tgg","g","W","no",1,"0"
"236",236,1,1.013,0.659,-0.354,0.518,0.418,0.967,1.055,44.977,"tat","t","Y","yes",0,"3"
"237",237,1,1.622,0.71,-0.912,0.533,0.405,0.916,1.056,44.717,"tcc","c","S","no",0,"0"
"238",238,1,1.628,0.785,-0.844,0.528,0.411,0.937,1.056,44.797,"gcc","c","A","no",0,"0"
"239",239,1,1.636,0.91,-0.727,0.521,0.417,0.964,1.055,44.922,"ccc","c","P","no",0,"0"
"240",240,1,1.819,0.634,-1.185,0.546,0.393,0.87,1.056,44.66,"aac","c","N","no",1,"0"
"241",241,1,1.636,0.91,-0.727,0.521,0.417,0.964,1.055,44.922,"ccc","c","P","no",0,"0"
"242",242,1,1.304,0.702,-0.603,0.525,0.412,0.944,1.056,44.824,"ggg","g","G","no",0,"0"
"243",243,1,1.011,0.598,-0.413,0.526,0.41,0.934,1.055,45.017,"ttt","t","F","yes",0,"3"
"244",244,1,0.903,0.767,-0.136,0.502,0.434,1.031,1.055,45.165,"cgt","t","R","no",1,"0"
"245",245,1,1.622,0.704,-0.918,0.534,0.404,0.914,1.056,44.712,"ggc","c","G","no",0,"0"
"246",246,1,1.071,0.757,-0.314,0.512,0.425,0.995,1.055,45.025,"ctg","g","L","no",1,"0"
"247",247,1,0.903,0.767,-0.136,0.502,0.434,1.031,1.055,45.165,"cgt","t","R","no",0,"0"
"248",248,1,1.817,0.616,-1.201,0.548,0.39,0.861,1.056,44.677,"ttc","c","F","no",0,"0"
"249",249,1,1.275,0.78,-0.495,0.518,0.42,0.972,1.055,44.925,"cgg","g","R","no",0,"0"
"250",250,1,1.624,0.696,-0.927,0.535,0.404,0.911,1.056,44.706,"gag","g","E","no",0,"0"
"251",251,1,1.628,0.775,-0.852,0.528,0.41,0.935,1.056,44.787,"cgc","c","R","no",0,"0"
"252",252,1,1.012,0.624,-0.388,0.522,0.414,0.95,1.055,44.981,"tgt","t","C","yes",1,"4"
"253",253,1,1.071,0.757,-0.314,0.512,0.425,0.995,1.055,45.025,"ctg","g","L","no",1,"0"
"254",254,1,1.636,0.91,-0.727,0.521,0.417,0.964,1.055,44.922,"ccc","c","P","no",0,"0"
"255",255,1,0.945,0.898,-0.047,0.497,0.439,1.054,1.055,45.258,"cca","a","P","no",1,"0"
"256",256,1,1.633,0.81,-0.822,0.526,0.412,0.944,1.056,44.828,"cag","g","Q","no",1,"0"
"257",257,1,1.303,0.678,-0.624,0.527,0.41,0.935,1.056,44.806,"acg","g","T","no",0,"0"
"258",258,1,1.636,0.91,-0.727,0.521,0.417,0.964,1.055,44.922,"ccc","c","P","no",0,"0"
"259",259,1,1.628,0.785,-0.844,0.528,0.411,0.937,1.056,44.797,"gcc","c","A","no",0,"0"
"260",260,1,1.628,0.785,-0.844,0.528,0.411,0.937,1.056,44.797,"gcc","c","A","no",0,"0"
"261",261,1,1.636,0.91,-0.727,0.521,0.417,0.964,1.055,44.922,"ccc","c","P","no",0,"0"
"262",262,1,1.818,0.628,-1.19,0.547,0.392,0.867,1.056,44.664,"agc","c","S","no",1,"0"
"263",263,1,1.827,0.699,-1.128,0.539,0.4,0.895,1.056,44.677,"gac","c","D","no",0,"0"
"264",264,1,0.849,0.754,-0.095,0.5,0.436,1.041,1.055,45.198,"cta","a","L","no",0,"0"
"265",265,1,0.945,0.898,-0.047,0.497,0.439,1.054,1.055,45.258,"cca","a","P","no",1,"0"
"266",266,1,1.628,0.775,-0.852,0.528,0.41,0.935,1.056,44.787,"cgc","c","R","no",0,"0"
"267",267,1,1.617,0.657,-0.96,0.538,0.4,0.896,1.056,44.684,"gtc","c","V","no",0,"0"
"268",268,1,0.903,0.776,-0.127,0.502,0.434,1.033,1.055,45.174,"gct","t","A","no",0,"0"
"269",269,1,1.011,0.598,-0.413,0.526,0.41,0.934,1.055,45.017,"ttt","t","F","yes",1,"4"
"270",270,1,0.903,0.776,-0.127,0.502,0.434,1.033,1.055,45.174,"gct","t","A","no",0,"0"
"271",271,1,1.636,0.91,-0.727,0.521,0.417,0.964,1.055,44.922,"ccc","c","P","no",0,"0"
"272",272,1,1.633,0.81,-0.822,0.526,0.412,0.944,1.056,44.828,"cag","g","Q","no",1,"0"
"273",273,1,1.818,0.628,-1.19,0.547,0.392,0.867,1.056,44.664,"agc","c","S","no",0,"0"
"274",274,1,1.071,0.757,-0.314,0.512,0.425,0.995,1.055,45.025,"ctg","g","L","no",1,"0"
"275",275,1,1.071,0.757,-0.314,0.512,0.425,0.995,1.055,45.025,"ctg","g","L","no",1,"0"
"276",276,1,1.301,0.655,-0.646,0.53,0.408,0.926,1.056,44.795,"gtg","g","V","no",1,"0"
"277",277,1,1.304,0.702,-0.603,0.525,0.412,0.944,1.056,44.824,"ggg","g","G","no",0,"0"
"278",278,1,1.01,0.585,-0.425,0.528,0.408,0.926,1.055,45.05,"att","t","I","no",0,"0"
"279",279,1,1.303,0.678,-0.624,0.527,0.41,0.935,1.056,44.806,"acg","g","T","no",0,"0"
"280",280,1,1.622,0.704,-0.918,0.534,0.404,0.914,1.056,44.712,"ggc","c","G","no",0,"0"
"281",281,1,1.628,0.775,-0.852,0.528,0.41,0.935,1.056,44.787,"cgc","c","R","no",0,"0"
"282",282,1,1.303,0.678,-0.624,0.527,0.41,0.935,1.056,44.806,"acg","g","T","no",1,"0"
"283",283,1,1.011,0.598,-0.413,0.526,0.41,0.934,1.055,45.017,"ttt","t","F","yes",0,"3"
"284",284,1,1.01,0.585,-0.425,0.528,0.408,0.926,1.055,45.05,"att","t","I","no",0,"0"
"285",285,1,1.275,0.78,-0.495,0.518,0.42,0.972,1.055,44.925,"cgg","g","R","no",0,"0"
"286",286,1,2.757,0.574,-2.183,0.574,0.367,0.78,1.055,45.018,"atg","g","M","no",1,"0"
"287",287,1,0.943,0.776,-0.167,0.504,0.432,1.024,1.055,45.142,"gca","a","A","no",1,"0"
"288",288,1,0.932,0.873,-0.06,0.498,0.439,1.051,1.055,45.248,"cga","a","R","no",0,"0"
"289",289,1,1.636,0.91,-0.727,0.521,0.417,0.964,1.055,44.922,"ccc","c","P","no",0,"0"
"290",290,1,1.303,0.678,-0.624,0.527,0.41,0.935,1.056,44.806,"acg","g","T","no",1,"0"
"291",291,1,1.231,15.635,14.403,0.039,0.936,19.751,0.997,1158.208,"gaa","a","E","yes",0,"1"
"292",292,1,1.947,0.703,-1.244,0.542,0.398,0.888,1.056,44.675,"gac","c","D","no",0,"0"
"293",293,1,1.622,0.703,-0.919,0.534,0.404,0.913,1.056,44.711,"gtc","c","V","no",0,"0"
"294",294,1,1.304,0.702,-0.603,0.525,0.412,0.944,1.056,44.824,"ggg","g","G","no",0,"0"
"295",295,1,1.617,0.657,-0.96,0.538,0.4,0.896,1.056,44.684,"gtc","c","V","no",0,"0"
"296",296,1,8.609,0.856,-7.753,0.834,0.13,0.201,1.028,80.228,"ctg","g","L","no",1,"0"
"297",297,1,12.19,1.085,-11.105,0.855,0.112,0.17,1.024,89.791,"ccg","g","P","no",0,"0"
"298",298,1,1.636,0.91,-0.727,0.521,0.417,0.964,1.055,44.922,"ccc","c","P","no",0,"0"
"299",299,1,1.016,0.721,-0.295,0.512,0.424,0.992,1.055,45.026,"cat","t","H","yes",1,"4"
"300",300,1,2.792,0.714,-2.077,0.557,0.384,0.839,1.056,44.873,"tgg","g","W","no",1,"0"
"301",301,1,1.628,0.785,-0.844,0.528,0.411,0.937,1.056,44.797,"gcc","c","A","no",0,"0"
"302",302,1,1.636,0.91,-0.727,0.521,0.417,0.964,1.055,44.922,"ccc","c","P","no",0,"0"
"303",303,1,1.304,0.702,-0.603,0.525,0.412,0.944,1.056,44.824,"ggg","g","G","no",0,"0"
"304",304,1,1.955,5.293,3.337,0.242,0.706,3.23,1.018,111.473,"gcc","c","A","no",0,"0"
"305",305,1,0.849,0.754,-0.095,0.5,0.436,1.041,1.055,45.198,"cta","a","L","no",0,"0"
"306",306,1,1.112,3.176,2.064,0.25,0.696,3.082,1.026,84.231,"gat","t","D","yes",1,"4"
"307",307,1,1.827,0.699,-1.128,0.539,0.4,0.895,1.056,44.677,"gac","c","D","no",0,"0"
"308",308,1,0.901,0.697,-0.204,0.508,0.428,1.007,1.055,45.095,"ggt","t","G","no",0,"0"
"309",309,1,1.314,0.905,-0.409,0.512,0.426,0.996,1.055,45.03,"ccg","g","P","no",0,"0"
"310",310,1,25.732,0.827,-24.905,0.986,0.007,0.01,1.006,226.739,"tat","t","Y","yes",1,"4"
"311",311,1,1.628,0.785,-0.844,0.528,0.411,0.937,1.056,44.797,"gcc","c","A","no",0,"0"
"312",312,1,1.636,0.91,-0.727,0.521,0.417,0.964,1.055,44.922,"ccc","c","P","no",0,"0"
"313",313,1,1.817,0.616,-1.201,0.548,0.39,0.861,1.056,44.677,"ttc","c","F","no",0,"0"
"314",314,1,0.945,0.898,-0.047,0.497,0.439,1.054,1.055,45.258,"cca","a","P","no",1,"0"
"315",315,1,1.636,0.91,-0.727,0.521,0.417,0.964,1.055,44.922,"ccc","c","P","no",0,"0"
"316",316,1,1.628,0.775,-0.852,0.528,0.41,0.935,1.056,44.787,"cgc","c","R","no",0,"0"
"317",317,1,1.314,0.905,-0.409,0.512,0.426,0.996,1.055,45.03,"ccg","g","P","no",0,"0"
"318",318,1,1.275,0.78,-0.495,0.518,0.42,0.972,1.055,44.925,"cgg","g","R","no",0,"0"
"319",319,1,1.011,0.598,-0.413,0.526,0.41,0.934,1.055,45.017,"ttt","t","F","yes",0,"3"
"320",320,1,0.932,0.873,-0.06,0.498,0.439,1.051,1.055,45.248,"cga","a","R","no",0,"0"
"321",321,1,16.171,0.93,-15.241,0.889,0.085,0.126,1.023,91.982,"cgc","c","R","no",0,"0"
"322",322,1,1.628,0.785,-0.844,0.528,0.411,0.937,1.056,44.797,"gcc","c","A","no",0,"0"
"323",323,1,1.071,0.757,-0.314,0.512,0.425,0.995,1.055,45.025,"ctg","g","L","no",1,"0"
"324",324,1,1.275,0.78,-0.495,0.518,0.42,0.972,1.055,44.925,"cgg","g","R","no",0,"0"
"325",325,1,0.94,0.675,-0.265,0.512,0.424,0.989,1.055,45.044,"aca","a","T","no",1,"0"
"326",326,1,1.827,0.699,-1.128,0.539,0.4,0.895,1.056,44.677,"gac","c","D","no",0,"0"
"327",327,1,1.636,0.91,-0.727,0.521,0.417,0.964,1.055,44.922,"ccc","c","P","no",0,"0"
"328",328,1,2.352,13.612,11.26,0.075,0.887,10.55,0.997,1281.795,"gag","g","E","no",0,"0"
"329",329,1,1.304,0.702,-0.603,0.525,0.412,0.944,1.056,44.824,"ggg","g","G","no",0,"0"
"330",330,1,1.617,0.657,-0.96,0.538,0.4,0.896,1.056,44.684,"gtc","c","V","no",0,"0"
"331",331,1,9.38,10.397,1.017,0.337,0.613,2.127,0.997,1599.616,"gac","c","D","no",0,"0"
"332",332,1,1.636,0.91,-0.727,0.521,0.417,0.964,1.055,44.922,"ccc","c","P","no",0,"0"
"333",333,1,1.827,0.699,-1.128,0.539,0.4,0.895,1.056,44.677,"gac","c","D","no",0,"0"
"334",334,1,0.9,0.652,-0.248,0.513,0.423,0.987,1.055,45.068,"gtt","t","V","no",0,"0"
"335",335,1,1.275,0.78,-0.495,0.518,0.42,0.972,1.055,44.925,"cgg","g","R","no",0,"0"
"336",336,1,1.628,0.785,-0.844,0.528,0.411,0.937,1.056,44.797,"gcc","c","A","no",0,"0"
"337",337,1,1.636,0.91,-0.727,0.521,0.417,0.964,1.055,44.922,"ccc","c","P","no",0,"0"
"338",338,1,1.151,32.799,31.648,0.003,0.992,157.171,0.998,768.483,"cga","a","R","no",0,"0"
"339",339,1,1.62,0.681,-0.939,0.536,0.402,0.905,1.056,44.694,"acc","c","T","no",0,"0"
"340",340,1,1.304,0.702,-0.603,0.525,0.412,0.944,1.056,44.824,"ggg","g","G","no",0,"0"
"341",341,1,1.275,0.78,-0.495,0.518,0.42,0.972,1.055,44.925,"cgg","g","R","no",0,"0"
"342",342,1,1.628,0.775,-0.852,0.528,0.41,0.935,1.056,44.787,"cgc","c","R","no",0,"0"
"343",343,1,1.622,0.705,-0.917,0.534,0.405,0.914,1.056,44.713,"ctc","c","L","no",0,"0"
"344",344,1,2.757,0.574,-2.183,0.574,0.367,0.78,1.055,45.018,"atg","g","M","no",1,"0"
"345",345,1,1.628,0.785,-0.844,0.528,0.411,0.937,1.056,44.797,"gcc","c","A","no",0,"0"
"346",346,1,0.937,0.679,-0.258,0.512,0.424,0.992,1.055,45.049,"ttg","g","L","no",1,"0"
"347",347,1,1.62,0.681,-0.939,0.536,0.402,0.905,1.056,44.694,"acc","c","T","no",0,"0"
"348",348,1,1.624,0.696,-0.927,0.535,0.404,0.911,1.056,44.706,"gag","g","E","no",0,"0"
"349",349,1,2.911,29.208,26.297,0.022,0.952,26.516,0.998,738.958,"gac","c","D","no",0,"0"
"350",350,1,1.308,0.781,-0.527,0.519,0.419,0.968,1.055,44.908,"gcg","g","A","no",0,"0"
"351",351,1,1.622,0.71,-0.912,0.533,0.405,0.916,1.056,44.717,"tcc","c","S","no",0,"0"
"352",352,1,1.622,0.71,-0.912,0.533,0.405,0.916,1.056,44.717,"tcc","c","S","no",0,"0"
"353",353,1,1.014,0.668,-0.346,0.517,0.419,0.971,1.055,44.981,"gat","t","D","yes",0,"3"
"354",354,1,1.305,0.713,-0.592,0.524,0.413,0.948,1.056,44.835,"tcg","g","S","no",0,"0"
"355",355,1,0.905,0.897,-0.008,0.495,0.441,1.063,1.055,45.289,"cct","t","P","no",0,"0"
"356",356,1,1.303,0.678,-0.624,0.527,0.41,0.935,1.056,44.806,"acg","g","T","no",0,"0"
"357",357,1,1.622,0.71,-0.912,0.533,0.405,0.916,1.056,44.717,"tcc","c","S","no",0,"0"
"358",358,1,0.903,0.776,-0.127,0.502,0.434,1.033,1.055,45.174,"gct","t","A","no",0,"0"
"359",359,1,1.314,0.905,-0.409,0.512,0.426,0.996,1.055,45.03,"ccg","g","P","no",0,"0"
"360",360,1,1.624,0.696,-0.927,0.535,0.404,0.911,1.056,44.706,"gag","g","E","no",0,"0"
"361",361,1,1.616,0.621,-0.995,0.543,0.395,0.879,1.056,44.699,"aag","g","K","no",0,"0"
"362",362,1,1.303,0.678,-0.624,0.527,0.41,0.935,1.056,44.806,"acg","g","T","no",0,"0"
"363",363,1,1.636,0.91,-0.727,0.521,0.417,0.964,1.055,44.922,"ccc","c","P","no",0,"0"
"364",364,1,1.622,0.705,-0.917,0.534,0.405,0.914,1.056,44.713,"ctc","c","L","no",0,"0"
"365",365,1,0.905,0.897,-0.008,0.495,0.441,1.063,1.055,45.289,"cct","t","P","no",1,"0"
"366",366,1,1.301,0.655,-0.646,0.53,0.408,0.926,1.056,44.795,"gtg","g","V","no",1,"0"
"367",367,1,1.305,0.713,-0.592,0.524,0.413,0.948,1.056,44.835,"tcg","g","S","no",0,"0"
"368",368,1,1.628,0.785,-0.844,0.528,0.411,0.937,1.056,44.797,"gcc","c","A","no",0,"0"
"369",369,1,1.62,0.681,-0.939,0.536,0.402,0.905,1.056,44.694,"acc","c","T","no",1,"0"
"370",370,1,1.628,0.785,-0.844,0.528,0.411,0.937,1.056,44.797,"gcc","c","A","no",0,"0"
"371",371,1,2.757,0.574,-2.183,0.574,0.367,0.78,1.055,45.018,"atg","g","M","no",1,"0"
"372",372,1,12.162,0.913,-11.249,0.862,0.107,0.161,1.026,84.202,"gcg","g","A","no",0,"0"
"373",373,1,1.636,0.91,-0.727,0.521,0.417,0.964,1.055,44.922,"ccc","c","P","no",0,"0"
"374",374,1,0.942,0.718,-0.223,0.508,0.428,1.006,1.055,45.081,"tca","a","S","no",1,"0"
"375",375,1,16.133,0.757,-15.375,0.897,0.08,0.117,1.026,84.898,"gtc","c","V","no",0,"0"
"376",376,1,1.827,0.699,-1.128,0.539,0.4,0.895,1.056,44.677,"gac","c","D","no",0,"0"
"377",377,1,0.945,0.898,-0.047,0.497,0.439,1.054,1.055,45.258,"cca","a","P","no",1,"0"
"378",378,1,1.818,0.628,-1.19,0.547,0.392,0.867,1.056,44.664,"agc","c","S","no",0,"0"
"379",379,1,1.308,0.781,-0.527,0.519,0.419,0.968,1.055,44.908,"gcg","g","A","no",0,"0"
"380",380,1,0.979,0.713,-0.266,0.511,0.425,0.996,1.055,45.046,"gaa","a","E","yes",0,"1"
"381",381,1,1.314,0.905,-0.409,0.512,0.426,0.996,1.055,45.03,"ccg","g","P","no",0,"0"
"382",382,1,1.62,0.681,-0.939,0.536,0.402,0.905,1.056,44.694,"acc","c","T","no",0,"0"
"383",383,1,1.956,5.317,3.361,0.241,0.706,3.236,1.018,111.719,"gcc","c","A","no",0,"0"
"384",384,1,1.636,0.91,-0.727,0.521,0.417,0.964,1.055,44.922,"ccc","c","P","no",0,"0"
"385",385,1,1.045,5.242,4.197,0.211,0.741,3.845,1.02,103.876,"gca","a","A","no",1,"0"
"386",386,1,1.62,0.681,-0.939,0.536,0.402,0.905,1.056,44.694,"acc","c","T","no",0,"0"
"387",387,1,0.901,0.675,-0.226,0.51,0.426,0.997,1.055,45.077,"act","t","T","no",1,"0"
"388",388,1,0.901,0.675,-0.226,0.51,0.426,0.997,1.055,45.077,"act","t","T","no",0,"0"
"389",389,1,1.636,0.91,-0.727,0.521,0.417,0.964,1.055,44.922,"ccc","c","P","no",0,"0"
"390",390,1,1.636,0.91,-0.727,0.521,0.417,0.964,1.055,44.922,"ccc","c","P","no",0,"0"
"391",391,1,1.827,0.699,-1.128,0.539,0.4,0.895,1.056,44.677,"gac","c","D","no",0,"0"
"392",392,1,1.624,0.696,-0.927,0.535,0.404,0.911,1.056,44.706,"gag","g","E","no",0,"0"
"393",393,1,2.757,0.574,-2.183,0.574,0.367,0.78,1.055,45.018,"atg","g","M","no",1,"0"
"394",394,1,1.628,0.785,-0.844,0.528,0.411,0.937,1.056,44.797,"gcc","c","A","no",0,"0"
"395",395,1,1.024,3.326,2.302,0.242,0.705,3.215,1.025,85.615,"aca","a","T","no",1,"0"
"396",396,1,0.983,0.848,-0.134,0.502,0.435,1.035,1.055,45.187,"caa","a","Q","yes",1,"2"
"397",397,1,1.628,0.785,-0.844,0.528,0.411,0.937,1.056,44.797,"gcc","c","A","no",0,"0"
"398",398,1,0.943,0.776,-0.167,0.504,0.432,1.024,1.055,45.142,"gca","a","A","no",1,"0"
"399",399,1,1.303,0.678,-0.624,0.527,0.41,0.935,1.056,44.806,"acg","g","T","no",0,"0"
"400",400,1,1.617,0.657,-0.96,0.538,0.4,0.896,1.056,44.684,"gtc","c","V","no",0,"0"
"401",401,1,1.628,0.785,-0.844,0.528,0.411,0.937,1.056,44.797,"gcc","c","A","no",0,"0"
"402",402,1,0.9,0.652,-0.248,0.513,0.423,0.987,1.055,45.068,"gtt","t","V","no",0,"0"
"403",403,1,1.303,0.678,-0.624,0.527,0.41,0.935,1.056,44.806,"acg","g","T","no",0,"0"
"404",404,1,1.314,0.905,-0.409,0.512,0.426,0.996,1.055,45.03,"ccg","g","P","no",0,"0"
"405",405,1,2.423,13.74,11.317,0.076,0.886,10.417,0.997,1290.899,"gag","g","E","no",0,"0"
"406",406,1,0.979,0.713,-0.266,0.511,0.425,0.996,1.055,45.046,"gaa","a","E","yes",0,"1"
"407",407,1,1.303,0.678,-0.624,0.527,0.41,0.935,1.056,44.806,"acg","g","T","no",0,"0"
"408",408,1,0.943,0.776,-0.167,0.504,0.432,1.024,1.055,45.142,"gca","a","A","no",1,"0"
"409",409,1,1.617,0.657,-0.96,0.538,0.4,0.896,1.056,44.684,"gtc","c","V","no",0,"0"
"410",410,1,1.628,0.785,-0.844,0.528,0.411,0.937,1.056,44.797,"gcc","c","A","no",0,"0"
"411",411,1,1.622,0.71,-0.912,0.533,0.405,0.916,1.056,44.717,"tcc","c","S","no",0,"0"
"412",412,1,12.176,1.085,-11.091,0.855,0.112,0.17,1.024,89.764,"ccg","g","P","no",0,"0"
"413",413,1,1.636,0.91,-0.727,0.521,0.417,0.964,1.055,44.922,"ccc","c","P","no",0,"0"
"414",414,1,1.308,0.781,-0.527,0.519,0.419,0.968,1.055,44.908,"gcg","g","A","no",0,"0"
"415",415,1,0.901,0.675,-0.226,0.51,0.426,0.997,1.055,45.077,"act","t","T","no",1,"0"
"416",416,1,6.451,0.862,-5.588,0.81,0.15,0.237,1.028,79.956,"gca","a","A","no",1,"0"
"417",417,1,1.622,0.71,-0.912,0.533,0.405,0.916,1.056,44.717,"tcc","c","S","no",0,"0"
"418",418,1,1.301,0.655,-0.646,0.53,0.408,0.926,1.056,44.795,"gtg","g","V","no",1,"0"
"419",419,1,1.624,0.696,-0.927,0.535,0.404,0.911,1.056,44.706,"gag","g","E","no",0,"0"
"420",420,1,1.305,0.713,-0.592,0.524,0.413,0.948,1.056,44.835,"tcg","g","S","no",0,"0"
"421",421,1,1.305,0.713,-0.592,0.524,0.413,0.948,1.056,44.835,"tcg","g","S","no",0,"0"
"422",422,1,0.945,0.898,-0.047,0.497,0.439,1.054,1.055,45.258,"cca","a","P","no",1,"0"
"423",423,1,2.534,43.39,40.856,0.004,0.981,70.788,1.003,330.55,"ctc","c","L","no",0,"0"
"424",424,1,1.636,0.91,-0.727,0.521,0.417,0.964,1.055,44.922,"ccc","c","P","no",0,"0"
"425",425,1,1.628,0.785,-0.844,0.528,0.411,0.937,1.056,44.797,"gcc","c","A","no",0,"0"
"426",426,1,1.308,0.781,-0.527,0.519,0.419,0.968,1.055,44.908,"gcg","g","A","no",0,"0"
"427",427,1,1.308,0.781,-0.527,0.519,0.419,0.968,1.055,44.908,"gcg","g","A","no",0,"0"
"428",428,1,0.943,0.776,-0.167,0.504,0.432,1.024,1.055,45.142,"gca","a","A","no",1,"0"
"429",429,1,1.303,0.678,-0.624,0.527,0.41,0.935,1.056,44.806,"acg","g","T","no",0,"0"
"430",430,1,1.636,0.91,-0.727,0.521,0.417,0.964,1.055,44.922,"ccc","c","P","no",0,"0"
"431",431,1,1.304,0.702,-0.603,0.525,0.412,0.944,1.056,44.824,"ggg","g","G","no",0,"0"
"432",432,1,1.628,0.785,-0.844,0.528,0.411,0.937,1.056,44.797,"gcc","c","A","no",0,"0"
"433",433,1,1.304,0.702,-0.603,0.525,0.412,0.944,1.056,44.824,"ggg","g","G","no",0,"0"
"434",434,1,1.834,0.767,-1.067,0.534,0.405,0.916,1.056,44.747,"cac","c","H","no",1,"0"
"435",435,1,1.303,0.678,-0.624,0.527,0.41,0.935,1.056,44.806,"acg","g","T","no",1,"0"
"436",436,1,34.806,0.795,-34.01,0.995,0.002,0.003,1.001,407.646,"aac","c","N","no",0,"0"
"437",437,1,1.62,0.681,-0.939,0.536,0.402,0.905,1.056,44.694,"acc","c","T","no",1,"0"
"438",438,1,1.818,0.628,-1.19,0.547,0.392,0.867,1.056,44.664,"agc","c","S","no",1,"0"
"439",439,1,1.818,0.628,-1.19,0.547,0.392,0.867,1.056,44.664,"agc","c","S","no",1,"0"
"440",440,1,1.628,0.785,-0.844,0.528,0.411,0.937,1.056,44.797,"gcc","c","A","no",0,"0"
"441",441,1,2.49,24.92,22.429,0.025,0.95,25.29,0.998,977.486,"tcc","c","S","no",0,"0"
"442",442,1,0.943,0.776,-0.167,0.504,0.432,1.024,1.055,45.142,"gca","a","A","no",1,"0"
"443",443,1,1.308,0.781,-0.527,0.519,0.419,0.968,1.055,44.908,"gcg","g","A","no",0,"0"
"444",444,1,0.976,0.629,-0.347,0.52,0.416,0.959,1.055,45.006,"aaa","a","K","yes",0,"1"
"445",445,1,1.303,0.678,-0.624,0.527,0.41,0.935,1.056,44.806,"acg","g","T","no",0,"0"
"446",446,1,1.636,0.91,-0.727,0.521,0.417,0.964,1.055,44.922,"ccc","c","P","no",0,"0"
"447",447,1,1.636,0.91,-0.727,0.521,0.417,0.964,1.055,44.922,"ccc","c","P","no",0,"0"
"448",448,1,1.62,0.681,-0.939,0.536,0.402,0.905,1.056,44.694,"acc","c","T","no",1,"0"
"449",449,1,0.94,0.675,-0.265,0.512,0.424,0.989,1.055,45.044,"aca","a","T","no",1,"0"
"450",450,1,0.945,0.898,-0.047,0.497,0.439,1.054,1.055,45.258,"cca","a","P","no",1,"0"
"451",451,1,1.635,0.786,-0.849,0.528,0.411,0.937,1.056,44.797,"gcc","c","A","no",0,"0"
"452",452,1,1.643,0.914,-0.729,0.521,0.417,0.964,1.055,44.923,"ccc","c","P","no",0,"0"
"453",453,1,1.309,0.681,-0.628,0.527,0.41,0.936,1.056,44.804,"acg","g","T","no",1,"0"
"454",454,1,1.62,0.682,-0.937,0.536,0.402,0.906,1.056,44.695,"acc","c","T","no",0,"0"
"455",455,1,1.636,0.91,-0.727,0.521,0.417,0.964,1.055,44.922,"ccc","c","P","no",0,"0"
"456",456,1,1.314,0.905,-0.409,0.512,0.426,0.996,1.055,45.03,"ccg","g","P","no",0,"0"
"457",457,1,1.636,0.91,-0.727,0.521,0.417,0.964,1.055,44.922,"ccc","c","P","no",0,"0"
"458",458,1,1.303,0.678,-0.624,0.527,0.41,0.935,1.056,44.806,"acg","g","T","no",1,"0"
"459",459,1,0.901,0.703,-0.199,0.507,0.429,1.009,1.055,45.1,"tct","t","S","no",0,"0"
"460",460,1,1.62,0.681,-0.939,0.536,0.402,0.905,1.056,44.694,"acc","c","T","no",0,"0"
"461",461,1,1.834,0.767,-1.067,0.534,0.405,0.916,1.056,44.747,"cac","c","H","no",1,"0"
"462",462,1,12.085,0.913,-11.172,0.862,0.108,0.162,1.026,84.097,"gcg","g","A","no",0,"0"
"463",463,1,1.62,0.681,-0.939,0.536,0.402,0.905,1.056,44.694,"acc","c","T","no",0,"0"
"464",464,1,1.636,0.91,-0.727,0.521,0.417,0.964,1.055,44.922,"ccc","c","P","no",0,"0"
"465",465,1,1.954,5.136,3.182,0.244,0.704,3.194,1.018,110.254,"cgc","c","R","no",0,"0"
"466",466,1,1.636,0.91,-0.727,0.521,0.417,0.964,1.055,44.922,"ccc","c","P","no",0,"0"
"467",467,1,12.226,0.771,-11.455,0.87,0.101,0.152,1.028,79.48,"acg","g","T","no",1,"0"
"468",468,1,0.901,0.675,-0.226,0.51,0.426,0.997,1.055,45.077,"act","t","T","no",0,"0"
"469",469,1,1.314,0.905,-0.409,0.512,0.426,0.996,1.055,45.03,"ccg","g","P","no",0,"0"
"470",470,1,1.304,0.702,-0.603,0.525,0.412,0.944,1.056,44.824,"ggg","g","G","no",0,"0"
"471",471,1,1.636,0.91,-0.727,0.521,0.417,0.964,1.055,44.922,"ccc","c","P","no",0,"0"
"472",472,1,22.813,1.14,-21.673,0.974,0.014,0.019,0.998,750.995,"caa","a","Q","yes",1,"2"
"473",473,1,0.94,0.675,-0.265,0.512,0.424,0.989,1.055,45.044,"aca","a","T","no",1,"0"
"474",474,1,1.62,0.681,-0.939,0.536,0.402,0.905,1.056,44.694,"acc","c","T","no",0,"0"
"475",475,1,0.905,0.897,-0.008,0.495,0.441,1.063,1.055,45.289,"cct","t","P","no",0,"0"
"476",476,1,2.028,7.873,5.845,0.211,0.741,3.839,1.014,134.894,"ccc","c","P","no",0,"0"
"477",477,1,0.941,0.718,-0.223,0.508,0.428,1.006,1.055,45.081,"gga","a","G","no",0,"0"
"478",478,1,1.636,0.91,-0.727,0.521,0.417,0.964,1.055,44.922,"ccc","c","P","no",0,"0"
"479",479,1,0.943,0.776,-0.167,0.504,0.432,1.024,1.055,45.142,"gca","a","A","no",1,"0"
"480",480,1,1.62,0.681,-0.939,0.536,0.402,0.905,1.056,44.694,"acc","c","T","no",0,"0"
"481",481,1,1.314,0.905,-0.409,0.512,0.426,0.996,1.055,45.03,"ccg","g","P","no",0,"0"
"482",482,1,0.901,0.697,-0.204,0.508,0.428,1.007,1.055,45.095,"ggt","t","G","no",0,"0"
"483",483,1,1.314,0.905,-0.409,0.512,0.426,0.996,1.055,45.03,"ccg","g","P","no",0,"0"
"484",484,1,1.301,0.655,-0.646,0.53,0.408,0.926,1.056,44.795,"gtg","g","V","no",1,"0"
"485",485,1,1.622,0.704,-0.918,0.534,0.404,0.914,1.056,44.712,"ggc","c","G","no",0,"0"
"486",486,1,1.628,0.785,-0.844,0.528,0.411,0.937,1.056,44.797,"gcc","c","A","no",0,"0"
"487",487,1,1.622,0.71,-0.912,0.533,0.405,0.916,1.056,44.717,"tcc","c","S","no",0,"0"
"488",488,1,1.628,0.785,-0.844,0.528,0.411,0.937,1.056,44.797,"gcc","c","A","no",0,"0"
"489",489,1,27.659,1.047,-26.612,0.984,0.008,0.011,0.998,841.957,"gcg","g","A","no",0,"0"
"490",490,1,1.636,0.91,-0.727,0.521,0.417,0.964,1.055,44.922,"ccc","c","P","no",0,"0"
"491",491,1,1.303,0.678,-0.624,0.527,0.41,0.935,1.056,44.806,"acg","g","T","no",1,"0"
"492",492,1,1.628,0.785,-0.844,0.528,0.411,0.937,1.056,44.797,"gcc","c","A","no",0,"0"
"493",493,1,1.014,0.668,-0.346,0.517,0.419,0.971,1.055,44.981,"gat","t","D","yes",0,"3"
"494",494,1,1.622,0.71,-0.912,0.533,0.405,0.916,1.056,44.717,"tcc","c","S","no",0,"0"
"495",495,1,1.636,0.91,-0.727,0.521,0.417,0.964,1.055,44.922,"ccc","c","P","no",0,"0"
"496",496,1,1.622,0.705,-0.917,0.534,0.405,0.914,1.056,44.713,"ctc","c","L","no",0,"0"
"497",497,1,1.62,0.681,-0.939,0.536,0.402,0.905,1.056,44.694,"acc","c","T","no",1,"0"
"498",498,1,1.628,0.785,-0.844,0.528,0.411,0.937,1.056,44.797,"gcc","c","A","no",0,"0"
"499",499,1,1.79,14.812,13.021,0.056,0.912,13.975,0.997,1179.161,"tcg","g","S","no",0,"0"
"500",500,1,1.636,0.91,-0.727,0.521,0.417,0.964,1.055,44.922,"ccc","c","P","no",0,"0"
"501",501,1,1.636,0.91,-0.727,0.521,0.417,0.964,1.055,44.922,"ccc","c","P","no",0,"0"
"502",502,1,0.903,0.776,-0.127,0.502,0.434,1.033,1.055,45.174,"gct","t","A","no",0,"0"
"503",503,1,1.882,3.386,1.504,0.274,0.671,2.745,1.024,89.214,"acc","c","T","no",0,"0"
"504",504,1,1.308,0.781,-0.527,0.519,0.419,0.968,1.055,44.908,"gcg","g","A","no",0,"0"
"505",505,1,1.314,0.905,-0.409,0.512,0.426,0.996,1.055,45.03,"ccg","g","P","no",0,"0"
"506",506,1,1.304,0.702,-0.603,0.525,0.412,0.944,1.056,44.824,"ggg","g","G","no",0,"0"
"507",507,1,1.636,0.91,-0.727,0.521,0.417,0.964,1.055,44.922,"ccc","c","P","no",0,"0"
"508",508,1,1.305,0.713,-0.592,0.524,0.413,0.948,1.056,44.835,"tcg","g","S","no",0,"0"
"509",509,1,1.628,0.785,-0.844,0.528,0.411,0.937,1.056,44.797,"gcc","c","A","no",0,"0"
"510",510,1,1.628,0.785,-0.844,0.528,0.411,0.937,1.056,44.797,"gcc","c","A","no",0,"0"
"511",511,1,1.819,0.634,-1.185,0.546,0.393,0.87,1.056,44.66,"aac","c","N","no",1,"0"
"512",512,1,0.9,0.652,-0.248,0.513,0.423,0.987,1.055,45.068,"gtt","t","V","no",0,"0"
"513",513,1,1.305,0.713,-0.592,0.524,0.413,0.948,1.056,44.835,"tcg","g","S","no",0,"0"
"514",514,1,1.617,0.657,-0.96,0.538,0.4,0.896,1.056,44.684,"gtc","c","V","no",0,"0"
"515",515,1,18.649,6.502,-12.147,0.692,0.221,0.381,0.998,863.099,"gcc","c","A","no",0,"0"
"516",516,1,1.308,0.781,-0.527,0.519,0.419,0.968,1.055,44.908,"gcg","g","A","no",0,"0"
"517",517,1,1.62,0.681,-0.939,0.536,0.402,0.905,1.056,44.694,"acc","c","T","no",0,"0"
"518",518,1,1.62,0.681,-0.939,0.536,0.402,0.905,1.056,44.694,"acc","c","T","no",1,"0"
"519",519,1,1.628,0.785,-0.844,0.528,0.411,0.937,1.056,44.797,"gcc","c","A","no",0,"0"
"520",520,1,1.303,0.678,-0.624,0.527,0.41,0.935,1.056,44.806,"acg","g","T","no",1,"0"
"521",521,1,1.636,0.91,-0.727,0.521,0.417,0.964,1.055,44.922,"ccc","c","P","no",0,"0"
"522",522,1,0.941,0.718,-0.223,0.508,0.428,1.006,1.055,45.081,"gga","a","G","no",0,"0"
"523",523,1,1.62,0.681,-0.939,0.536,0.402,0.905,1.056,44.694,"acc","c","T","no",0,"0"
"524",524,1,1.275,0.78,-0.495,0.518,0.42,0.972,1.055,44.925,"cgg","g","R","no",0,"0"
"525",525,1,1.622,0.704,-0.918,0.534,0.404,0.914,1.056,44.712,"ggc","c","G","no",0,"0"
"526",526,1,1.62,0.681,-0.939,0.536,0.402,0.905,1.056,44.694,"acc","c","T","no",1,"0"
"527",527,1,1.628,0.785,-0.844,0.528,0.411,0.937,1.056,44.797,"gcc","c","A","no",0,"0"
"528",528,1,0.903,0.767,-0.136,0.502,0.434,1.031,1.055,45.165,"cgt","t","R","no",0,"0"
"529",529,1,1.62,0.681,-0.939,0.536,0.402,0.905,1.056,44.694,"acc","c","T","no",0,"0"
"530",530,1,1.636,0.91,-0.727,0.521,0.417,0.964,1.055,44.922,"ccc","c","P","no",0,"0"
"531",531,1,0.945,0.898,-0.047,0.497,0.439,1.054,1.055,45.258,"cca","a","P","no",1,"0"
"532",532,1,1.303,0.678,-0.624,0.527,0.41,0.935,1.056,44.806,"acg","g","T","no",0,"0"
"533",533,1,1.827,0.699,-1.128,0.539,0.4,0.895,1.056,44.677,"gac","c","D","no",0,"0"
"534",534,1,0.945,0.898,-0.047,0.497,0.439,1.054,1.055,45.258,"cca","a","P","no",1,"0"
"535",535,1,1.616,0.621,-0.995,0.543,0.395,0.879,1.056,44.699,"aag","g","K","no",0,"0"
"536",536,1,1.303,0.678,-0.624,0.527,0.41,0.935,1.056,44.806,"acg","g","T","no",0,"0"
"537",537,1,1.834,0.767,-1.067,0.534,0.405,0.916,1.056,44.747,"cac","c","H","no",1,"0"
"538",538,1,0.945,0.898,-0.047,0.497,0.439,1.054,1.055,45.258,"cca","a","P","no",1,"0"
"539",539,1,1.834,0.767,-1.067,0.534,0.405,0.916,1.056,44.747,"cac","c","H","no",1,"0"
"540",540,1,0.941,0.718,-0.223,0.508,0.428,1.006,1.055,45.081,"gga","a","G","no",0,"0"
"541",541,1,1.636,0.91,-0.727,0.521,0.417,0.964,1.055,44.922,"ccc","c","P","no",0,"0"
"542",542,1,1.308,0.781,-0.527,0.519,0.419,0.968,1.055,44.908,"gcg","g","A","no",0,"0"
"543",543,1,1.827,0.699,-1.128,0.539,0.4,0.895,1.056,44.677,"gac","c","D","no",0,"0"
"544",544,1,0.903,0.776,-0.127,0.502,0.434,1.033,1.055,45.174,"gct","t","A","no",0,"0"
"545",545,1,1.636,0.91,-0.727,0.521,0.417,0.964,1.055,44.922,"ccc","c","P","no",0,"0"
"546",546,1,1.636,0.91,-0.727,0.521,0.417,0.964,1.055,44.922,"ccc","c","P","no",0,"0"
"547",547,1,1.622,0.704,-0.918,0.534,0.404,0.914,1.056,44.712,"ggc","c","G","no",0,"0"
"548",548,1,1.309,0.713,-0.596,0.524,0.413,0.948,1.056,44.833,"tcg","g","S","no",0,"0"
"549",549,1,0.945,0.898,-0.047,0.497,0.439,1.054,1.055,45.258,"cca","a","P","no",1,"0"
"550",550,1,1.958,5.358,3.4,0.241,0.707,3.246,1.018,112.161,"gcc","c","A","no",0,"0"
"551",551,1,1.636,0.91,-0.727,0.521,0.417,0.964,1.055,44.922,"ccc","c","P","no",0,"0"
"552",552,1,0.945,0.898,-0.047,0.497,0.439,1.054,1.055,45.258,"cca","a","P","no",1,"0"
"553",553,1,1.636,0.91,-0.727,0.521,0.417,0.964,1.055,44.922,"ccc","c","P","no",0,"0"
"554",554,1,1.636,0.91,-0.727,0.521,0.417,0.964,1.055,44.922,"ccc","c","P","no",0,"0"
"555",555,1,0.979,0.713,-0.266,0.511,0.425,0.996,1.055,45.046,"gaa","a","E","yes",0,"1"
"556",556,1,7.68,0.804,-6.876,0.828,0.135,0.21,1.028,78.592,"cat","t","H","yes",1,"4"
"557",557,1,1.628,0.775,-0.852,0.528,0.41,0.935,1.056,44.787,"cgc","c","R","no",0,"0"
"558",558,1,1.622,0.704,-0.918,0.534,0.404,0.914,1.056,44.712,"ggc","c","G","no",0,"0"
"559",559,1,0.941,0.718,-0.223,0.508,0.428,1.006,1.055,45.081,"gga","a","G","no",0,"0"
"560",560,1,1.636,0.91,-0.727,0.521,0.417,0.964,1.055,44.922,"ccc","c","P","no",0,"0"
"561",561,1,1.624,0.696,-0.927,0.535,0.404,0.911,1.056,44.706,"gag","g","E","no",0,"0"
"562",562,1,1.624,0.696,-0.927,0.535,0.404,0.911,1.056,44.706,"gag","g","E","no",0,"0"
"563",563,1,1.011,0.598,-0.413,0.526,0.41,0.934,1.055,45.017,"ttt","t","F","yes",1,"4"
"564",564,1,1.624,0.696,-0.927,0.535,0.404,0.911,1.056,44.706,"gag","g","E","no",0,"0"
"565",565,1,1.622,0.704,-0.918,0.534,0.404,0.914,1.056,44.712,"ggc","c","G","no",0,"0"
"566",566,1,1.628,0.785,-0.844,0.528,0.411,0.937,1.056,44.797,"gcc","c","A","no",0,"0"
"567",567,1,1.304,0.702,-0.603,0.525,0.412,0.944,1.056,44.824,"ggg","g","G","no",0,"0"
"568",568,1,1.827,0.699,-1.128,0.539,0.4,0.895,1.056,44.677,"gac","c","D","no",0,"0"
"569",569,1,1.622,0.704,-0.918,0.534,0.404,0.914,1.056,44.712,"ggc","c","G","no",0,"0"
"570",570,1,0.979,0.713,-0.266,0.511,0.425,0.996,1.055,45.046,"gaa","a","E","yes",0,"1"
"571",571,1,1.636,0.91,-0.727,0.521,0.417,0.964,1.055,44.922,"ccc","c","P","no",0,"0"
"572",572,1,18.604,9.336,-9.269,0.626,0.268,0.492,0.998,875.045,"ccc","c","P","no",0,"0"
"573",573,1,2.298,13.681,11.383,0.073,0.889,10.776,0.997,1271.213,"gag","g","E","no",0,"0"
"574",574,1,1.827,0.699,-1.128,0.539,0.4,0.895,1.056,44.677,"gac","c","D","no",0,"0"
"575",575,1,1.827,0.699,-1.128,0.539,0.4,0.895,1.056,44.677,"gac","c","D","no",0,"0"
"576",576,1,1.827,0.699,-1.128,0.539,0.4,0.895,1.056,44.677,"gac","c","D","no",0,"0"
"577",577,1,1.818,0.628,-1.19,0.547,0.392,0.867,1.056,44.664,"agc","c","S","no",1,"0"
"578",578,1,2.403,18.642,16.24,0.054,0.913,14.124,0.997,1105.961,"gcc","c","A","no",0,"0"
"579",579,1,1.62,0.681,-0.939,0.536,0.402,0.905,1.056,44.694,"acc","c","T","no",1,"0"
"580",580,1,1.622,0.704,-0.918,0.534,0.404,0.914,1.056,44.712,"ggc","c","G","no",0,"0"
"581",581,1,1.622,0.705,-0.917,0.534,0.405,0.914,1.056,44.713,"ctc","c","L","no",0,"0"
"582",582,1,1.628,0.785,-0.844,0.528,0.411,0.937,1.056,44.797,"gcc","c","A","no",0,"0"
"583",583,1,1.817,0.616,-1.201,0.548,0.39,0.861,1.056,44.677,"ttc","c","F","no",0,"0"
"584",584,1,1.047,7.361,6.315,0.185,0.771,4.524,1.017,118.767,"cga","a","R","no",0,"0"
"585",585,1,5.882,0.732,-5.15,0.812,0.148,0.234,1.029,76.365,"act","t","T","no",0,"0"
"586",586,1,12.76,1.091,-11.669,0.859,0.109,0.164,1.024,90.883,"ccg","g","P","no",0,"0"
"587",587,1,1.819,0.634,-1.185,0.546,0.393,0.87,1.056,44.66,"aac","c","N","no",0,"0"
"588",588,1,1.636,0.91,-0.727,0.521,0.417,0.964,1.055,44.922,"ccc","c","P","no",0,"0"
"589",589,1,1.819,0.634,-1.185,0.546,0.393,0.87,1.056,44.66,"aac","c","N","no",1,"0"
"590",590,1,0.976,0.629,-0.347,0.52,0.416,0.959,1.055,45.006,"aaa","a","K","yes",1,"2"
"591",591,1,0.945,0.898,-0.047,0.497,0.439,1.054,1.055,45.258,"cca","a","P","no",1,"0"
"592",592,1,1.636,0.91,-0.727,0.521,0.417,0.964,1.055,44.922,"ccc","c","P","no",0,"0"
"593",593,1,1.636,0.91,-0.727,0.521,0.417,0.964,1.055,44.922,"ccc","c","P","no",0,"0"
"594",594,1,12.504,0.916,-11.588,0.865,0.105,0.158,1.026,84.683,"gcg","g","A","no",0,"0"
"595",595,1,1.628,0.775,-0.852,0.528,0.41,0.935,1.056,44.787,"cgc","c","R","no",0,"0"
"596",596,1,1.636,0.91,-0.727,0.521,0.417,0.964,1.055,44.922,"ccc","c","P","no",0,"0"
"597",597,1,1.304,0.702,-0.603,0.525,0.412,0.944,1.056,44.824,"ggg","g","G","no",0,"0"
"598",598,1,1.636,0.91,-0.727,0.521,0.417,0.964,1.055,44.922,"ccc","c","P","no",0,"0"
"599",599,1,17.559,0.682,-16.877,0.909,0.071,0.103,1.025,85.636,"atc","c","I","no",1,"0"
"600",600,1,1.628,0.775,-0.852,0.528,0.41,0.935,1.056,44.787,"cgc","c","R","no",0,"0"
"601",601,1,1.636,0.91,-0.727,0.521,0.417,0.964,1.055,44.922,"ccc","c","P","no",0,"0"
"602",602,1,1.303,0.678,-0.624,0.527,0.41,0.935,1.056,44.806,"acg","g","T","no",1,"0"
"603",603,1,1.622,0.705,-0.917,0.534,0.405,0.914,1.056,44.713,"ctc","c","L","no",0,"0"
"604",604,1,1.314,0.905,-0.409,0.512,0.426,0.996,1.055,45.03,"ccg","g","P","no",0,"0"
"605",605,1,0.945,0.898,-0.047,0.497,0.439,1.054,1.055,45.258,"cca","a","P","no",1,"0"
"606",606,1,0.941,0.718,-0.223,0.508,0.428,1.006,1.055,45.081,"gga","a","G","no",0,"0"
"607",607,1,1.01,0.585,-0.425,0.528,0.408,0.926,1.055,45.05,"att","t","I","no",0,"0"
"608",608,1,5.78,0.76,-5.02,0.808,0.152,0.24,1.029,77.135,"ctt","t","L","no",1,"0"
"609",609,1,1.304,0.702,-0.603,0.525,0.412,0.944,1.056,44.824,"ggg","g","G","no",0,"0"
"610",610,1,1.314,0.905,-0.409,0.512,0.426,0.996,1.055,45.03,"ccg","g","P","no",0,"0"
"611",611,1,1.622,0.705,-0.917,0.534,0.405,0.914,1.056,44.713,"ctc","c","L","no",0,"0"
"612",612,1,1.628,0.785,-0.844,0.528,0.411,0.937,1.056,44.797,"gcc","c","A","no",0,"0"
"613",613,1,1.636,0.91,-0.727,0.521,0.417,0.964,1.055,44.922,"ccc","c","P","no",0,"0"
"614",614,1,1.819,0.634,-1.185,0.546,0.393,0.87,1.056,44.66,"aac","c","N","no",1,"0"
"615",615,1,13.513,4.027,-9.486,0.683,0.239,0.422,1.001,409.92,"acg","g","T","no",1,"0"
"616",616,1,5.806,1.005,-4.801,0.794,0.164,0.263,1.026,82.754,"cct","t","P","no",0,"0"
"617",617,1,1.955,5.185,3.23,0.243,0.704,3.206,1.018,110.747,"cgc","c","R","no",0,"0"
"618",618,1,1.636,0.91,-0.727,0.521,0.417,0.964,1.055,44.922,"ccc","c","P","no",0,"0"
"619",619,1,1.636,0.91,-0.727,0.521,0.417,0.964,1.055,44.922,"ccc","c","P","no",0,"0"
"620",620,1,2.406,19.058,16.652,0.053,0.915,14.452,0.997,1090.449,"gcc","c","A","no",0,"0"
"621",621,1,0.983,0.848,-0.134,0.502,0.435,1.035,1.055,45.187,"caa","a","Q","yes",1,"2"
"622",622,1,0.903,0.776,-0.127,0.502,0.434,1.033,1.055,45.174,"gct","t","A","no",0,"0"
"623",623,1,1.636,0.91,-0.727,0.521,0.417,0.964,1.055,44.922,"ccc","c","P","no",0,"0"
"624",624,1,0.903,0.776,-0.127,0.502,0.434,1.033,1.055,45.174,"gct","t","A","no",0,"0"
"625",625,1,1.616,0.621,-0.995,0.543,0.395,0.879,1.056,44.699,"aag","g","K","no",0,"0"
"626",626,1,1.827,0.699,-1.128,0.539,0.4,0.895,1.056,44.677,"gac","c","D","no",0,"0"
"627",627,1,2.757,0.574,-2.183,0.574,0.367,0.78,1.055,45.018,"atg","g","M","no",1,"0"
"628",628,1,1.636,0.91,-0.727,0.521,0.417,0.964,1.055,44.922,"ccc","c","P","no",0,"0"
"629",629,1,1.49,3.957,2.467,0.249,0.697,3.101,1.022,95.025,"tcg","g","S","no",0,"0"
"630",630,1,1.622,0.704,-0.918,0.534,0.404,0.914,1.056,44.712,"ggc","c","G","no",0,"0"
"631",631,1,1.636,0.91,-0.727,0.521,0.417,0.964,1.055,44.922,"ccc","c","P","no",0,"0"
"632",632,1,0.94,0.675,-0.265,0.512,0.424,0.989,1.055,45.044,"aca","a","T","no",1,"0"
"633",633,1,1.636,0.91,-0.727,0.521,0.417,0.964,1.055,44.922,"ccc","c","P","no",0,"0"
"634",634,1,0.983,0.848,-0.134,0.502,0.435,1.035,1.055,45.187,"caa","a","Q","yes",1,"2"
"635",635,1,1.834,0.767,-1.067,0.534,0.405,0.916,1.056,44.747,"cac","c","H","no",1,"0"
"636",636,1,1.764,0.603,-1.162,0.549,0.389,0.857,1.056,44.706,"atc","c","I","no",1,"0"
"637",637,1,1.636,0.91,-0.727,0.521,0.417,0.964,1.055,44.922,"ccc","c","P","no",0,"0"
"638",638,1,1.071,0.757,-0.314,0.512,0.425,0.995,1.055,45.025,"ctg","g","L","no",1,"0"
"639",639,1,1.817,0.616,-1.201,0.548,0.39,0.861,1.056,44.677,"ttc","c","F","no",0,"0"
"640",640,1,2.792,0.714,-2.077,0.557,0.384,0.839,1.056,44.873,"tgg","g","W","no",1,"0"
"641",641,1,1.817,0.616,-1.201,0.548,0.39,0.861,1.056,44.677,"ttc","c","F","no",0,"0"
"642",642,1,0.849,0.754,-0.095,0.5,0.436,1.041,1.055,45.198,"cta","a","L","no",0,"0"
"643",643,1,1.303,0.678,-0.624,0.527,0.41,0.935,1.056,44.806,"acg","g","T","no",0,"0"
"644",644,1,1.628,0.785,-0.844,0.528,0.411,0.937,1.056,44.797,"gcc","c","A","no",0,"0"
"645",645,1,1.622,0.71,-0.912,0.533,0.405,0.916,1.056,44.717,"tcc","c","S","no",0,"0"
"646",646,1,0.905,0.897,-0.008,0.495,0.441,1.063,1.055,45.289,"cct","t","P","no",1,"0"
"647",647,1,5.82,0.856,-4.964,0.802,0.157,0.25,1.028,79.595,"gct","t","A","no",0,"0"
"648",648,1,0.849,0.754,-0.095,0.5,0.436,1.041,1.055,45.198,"cta","a","L","no",0,"0"
"649",649,1,1.014,0.668,-0.346,0.517,0.419,0.971,1.055,44.981,"gat","t","D","yes",0,"3"
"650",650,1,1.764,0.603,-1.162,0.549,0.389,0.857,1.056,44.706,"atc","c","I","no",0,"0"
"651",651,1,1.622,0.705,-0.917,0.534,0.405,0.914,1.056,44.713,"ctc","c","L","no",0,"0"
"652",652,1,1.011,0.598,-0.413,0.526,0.41,0.934,1.055,45.017,"ttt","t","F","yes",0,"3"
"653",653,1,1.764,0.603,-1.162,0.549,0.389,0.857,1.056,44.706,"atc","c","I","no",0,"0"
"654",654,1,1.764,0.603,-1.162,0.549,0.389,0.857,1.056,44.706,"atc","c","I","no",1,"0"
"655",655,1,1.818,0.628,-1.19,0.547,0.392,0.867,1.056,44.664,"agc","c","S","no",1,"0"
"656",656,1,1.62,0.681,-0.939,0.536,0.402,0.905,1.056,44.694,"acc","c","T","no",1,"0"
"657",657,1,1.62,0.681,-0.939,0.536,0.402,0.905,1.056,44.694,"acc","c","T","no",1,"0"
"658",658,1,1.764,0.603,-1.162,0.549,0.389,0.857,1.056,44.706,"atc","c","I","no",1,"0"
"659",659,1,1.834,0.767,-1.067,0.534,0.405,0.916,1.056,44.747,"cac","c","H","no",1,"0"
"660",660,1,1.303,0.678,-0.624,0.527,0.41,0.935,1.056,44.806,"acg","g","T","no",1,"0"
"661",661,1,1.308,0.781,-0.527,0.519,0.419,0.968,1.055,44.908,"gcg","g","A","no",0,"0"
"662",662,1,1.308,0.781,-0.527,0.519,0.419,0.968,1.055,44.908,"gcg","g","A","no",0,"0"
"663",663,1,1.817,0.616,-1.201,0.548,0.39,0.861,1.056,44.677,"ttc","c","F","no",0,"0"
"664",664,1,0.9,0.652,-0.248,0.513,0.423,0.987,1.055,45.068,"gtt","t","V","no",0,"0"
"665",665,1,1.012,0.624,-0.388,0.522,0.414,0.95,1.055,44.981,"tgt","t","C","yes",1,"4"
"666",666,1,1.071,0.757,-0.314,0.512,0.425,0.995,1.055,45.025,"ctg","g","L","no",1,"0"
"667",667,1,1.617,0.657,-0.96,0.538,0.4,0.896,1.056,44.684,"gtc","c","V","no",0,"0"
"668",668,1,1.628,0.785,-0.844,0.528,0.411,0.937,1.056,44.797,"gcc","c","A","no",0,"0"
"669",669,1,0.937,0.679,-0.258,0.512,0.424,0.992,1.055,45.049,"ttg","g","L","no",1,"0"
"670",670,1,0.943,0.776,-0.167,0.504,0.432,1.024,1.055,45.142,"gca","a","A","no",1,"0"
"671",671,1,0.943,0.776,-0.167,0.504,0.432,1.024,1.055,45.142,"gca","a","A","no",1,"0"
"672",672,1,0.983,0.848,-0.134,0.502,0.435,1.035,1.055,45.187,"caa","a","Q","yes",1,"2"
"673",673,1,0.901,0.698,-0.203,0.508,0.428,1.007,1.055,45.095,"ctt","t","L","no",0,"0"
"674",674,1,2.792,0.714,-2.077,0.557,0.384,0.839,1.056,44.873,"tgg","g","W","no",1,"0"
"675",675,1,1.628,0.775,-0.852,0.528,0.41,0.935,1.056,44.787,"cgc","c","R","no",0,"0"
"676",676,1,1.622,0.704,-0.918,0.534,0.404,0.914,1.056,44.712,"ggc","c","G","no",0,"0"
"677",677,1,1.275,0.78,-0.495,0.518,0.42,0.972,1.055,44.925,"cgg","g","R","no",0,"0"
"678",678,1,1.308,0.781,-0.527,0.519,0.419,0.968,1.055,44.908,"gcg","g","A","no",0,"0"
"679",679,1,1.304,0.702,-0.603,0.525,0.412,0.944,1.056,44.824,"ggg","g","G","no",0,"0"
"680",680,1,1.628,0.775,-0.852,0.528,0.41,0.935,1.056,44.787,"cgc","c","R","no",0,"0"
"681",681,1,1.498,0.622,-0.876,0.54,0.398,0.89,1.056,44.728,"agg","g","R","no",1,"0"
"682",682,1,0.932,0.873,-0.06,0.498,0.439,1.051,1.055,45.248,"cga","a","R","no",0,"0"
"683",683,1,1.823,0.665,-1.158,0.542,0.396,0.883,1.056,44.656,"tac","c","Y","no",0,"0"
"684",684,1,1.308,0.781,-0.527,0.519,0.419,0.968,1.055,44.908,"gcg","g","A","no",0,"0"
"685",685,1,1.834,0.767,-1.067,0.534,0.405,0.916,1.056,44.747,"cac","c","H","no",1,"0"
"686",686,1,1.314,0.905,-0.409,0.512,0.426,0.996,1.055,45.03,"ccg","g","P","no",0,"0"
"687",687,1,1.818,0.628,-1.19,0.547,0.392,0.867,1.056,44.664,"agc","c","S","no",0,"0"
"688",688,1,1.301,0.655,-0.646,0.53,0.408,0.926,1.056,44.795,"gtg","g","V","no",1,"0"
"689",689,1,0.903,0.767,-0.136,0.502,0.434,1.031,1.055,45.165,"cgt","t","R","no",0,"0"
"690",690,1,1.823,0.665,-1.158,0.542,0.396,0.883,1.056,44.656,"tac","c","Y","no",0,"0"
"691",691,1,0.94,0.652,-0.287,0.515,0.421,0.978,1.055,45.034,"gta","a","V","no",0,"0"
"692",692,1,1.012,0.624,-0.388,0.522,0.414,0.95,1.055,44.981,"tgt","t","C","yes",1,"4"
"693",693,1,1.071,0.757,-0.314,0.512,0.425,0.995,1.055,45.025,"ctg","g","L","no",1,"0"
"694",694,1,0.945,0.898,-0.047,0.497,0.439,1.054,1.055,45.258,"cca","a","P","no",1,"0"
"695",695,1,1.636,0.91,-0.727,0.521,0.417,0.964,1.055,44.922,"ccc","c","P","no",0,"0"
"696",696,1,1.624,0.696,-0.927,0.535,0.404,0.911,1.056,44.706,"gag","g","E","no",0,"0"
"697",697,1,1.275,0.78,-0.495,0.518,0.42,0.972,1.055,44.925,"cgg","g","R","no",0,"0"
"698",698,1,1.111,3.229,2.118,0.248,0.698,3.102,1.026,84.852,"gat","t","D","yes",0,"3"
