"","X","Site","Partition","X.alpha.","X.beta..sup....sup.","p.sup....sup.","X.beta..sup....sup..1","p.sup....sup..1","LRT","p.value","X..branches.under.selection","Total.branch.length","wtnt_codon"
"1",1,1,1,0,0,1,0,0,0,1,0,0,"atg"
"2",2,2,1,1.08,1.08,0.52,0.28,0.48,0,0.67,0,1.17,"aag"
"3",3,3,1,0,0,0.53,1.31,0.47,1.28,0.27,2,0.63,"gca"
"4",4,4,1,0,0,0.53,1.12,0.47,0.32,0.48,2,0.55,"ata"
"5",5,5,1,0.41,0,0.11,0,0.89,0,0.67,0,0.17,"cta"
"6",6,6,1,0,0,0.21,2.1,0.79,3.46,0.08,5,1.7,"gta"
"7",7,7,1,0,0,0.55,0.73,0.45,0.66,0.39,1,0.34,"gtt"
"8",8,8,1,0.31,0.07,0.46,2.1,0.54,1.24,0.28,0,1.34,"ctg"
"9",9,9,1,0.41,0,0.05,0,0.95,0,0.67,0,0.17,"cta"
"10",10,10,1,7.57,4.26,0.04,0.33,0.96,0,0.67,0,3.68,"tat"
"11",11,11,1,0,0,0.45,0.58,0.55,0.68,0.38,1,0.33,"aca"
"12",12,12,1,1.21,1.21,0.47,1.12,0.53,0,0.67,0,1.71,"ttt"
"13",13,13,1,0.8,0.8,0.46,2.14,0.54,0.4,0.46,0,1.9,"gca"
"14",14,14,1,0.69,0.69,0.62,2.25,0.38,0.35,0.47,0,1.61,"acc"
"15",15,15,1,0.78,0.63,0.47,0.01,0.53,0,0.67,0,0.65,"gca"
"16",16,16,1,2.44,1.61,0.2,1.17,0.8,0,0.67,0,2.33,"aat"
"17",17,17,1,0,0,0.55,1.35,0.45,1.31,0.27,2,0.63,"gca"
"18",18,18,1,0,0,1,0,0,0,1,0,0,"gac"
"19",19,19,1,0.78,0,0.05,0,0.95,0,0.67,0,0.33,"aca"
"20",20,20,1,0.64,0.64,0.83,0.48,0.17,0,0.67,0,0.9,"tta"
"21",21,21,1,1.19,0,0.05,0,0.95,0,0.67,0,0.51,"tgt"
"22",22,22,1,0,0,0.53,1.09,0.47,0.32,0.49,2,0.53,"ata"
"23",23,23,1,0.82,0,0.1,0,0.9,0,0.67,0,0.35,"ggt"
"24",24,24,1,4.77,1.88,0.49,0,0.51,0,0.67,0,2.96,"tat"
"25",25,25,1,0,0,1,0,0,0,1,0,0,"cat"
"26",26,26,1,1.4,0,0.02,0,0.98,0,0.67,0,0.59,"gcg"
"27",27,27,1,0,0,1,0,0,0,1,0,0,"aac"
"28",28,28,1,2.38,0,0.02,0,0.98,0,0.67,0,1.01,"aat"
"29",29,29,1,0.77,0,0.01,0,0.99,0,0.67,0,0.33,"tca"
"30",30,30,1,3.13,0,0.1,0,0.9,0,0.67,0,1.33,"aca"
"31",31,31,1,1.9,0,0.02,0,0.98,0,0.67,0,0.8,"gac"
"32",32,32,1,0.83,0,0.05,0,0.95,0,0.67,0,0.35,"act"
"33",33,33,1,0.78,0.65,0.49,0,0.51,0,0.67,0,0.66,"gta"
"34",34,34,1,0,0,1,0,0,0,1,0,0,"gac"
"35",35,35,1,0.78,0,0.03,0,0.97,0,0.67,0,0.33,"aca"
"36",36,36,1,1.57,0.87,0.3,0.54,0.7,0,0.67,0,1.32,"gta"
"37",37,37,1,0,0,1,0,0,0,1,0,0,"cta"
"38",38,38,1,1.02,0.58,0.55,0,0.45,0,0.67,0,0.76,"gaa"
"39",39,39,1,0,0,0.55,0.75,0.45,0.99,0.32,1,0.35,"aag"
"40",40,40,1,0,0,1,0,0,0,1,0,0,"aat"
"41",41,41,1,0.77,0,0.02,0,0.98,0,0.67,0,0.33,"gta"
"42",42,42,1,0.77,0.61,0.52,0,0.48,0,0.67,0,0.65,"aca"
"43",43,43,1,1.55,0,0.04,0,0.96,0,0.67,0,0.66,"gta"
"44",44,44,1,0.77,0,0.11,0,0.89,0,0.67,0,0.33,"aca"
"45",45,45,1,1.89,0,0.02,0,0.98,0,0.67,0,0.8,"cac"
"46",46,46,1,0,0,1,0,0,0,1,0,0,"tct"
"47",47,47,1,1.64,0.39,0.06,0.66,0.94,0,0.67,0,1.35,"gtt"
"48",48,48,1,2.91,1.11,0.42,0.24,0.58,0,0.67,0,1.86,"aac"
"49",49,49,1,0.82,0.79,0.63,2.4,0.37,0.25,0.51,0,1.77,"ctt"
"50",50,50,1,0.4,0,0.04,0,0.96,0,0.67,0,0.17,"cta"
"51",51,51,1,0,0,1,0,0,0,1,0,0,"gaa"
"52",52,52,1,0,0,0.59,2.84,0.41,2.1,0.17,4,1.18,"gac"
"53",53,53,1,2.13,0,0.05,0,0.95,0,0.67,0,0.9,"aag"
"54",54,54,1,2.39,0,0.05,0,0.95,0,0.67,0,1.01,"cat"
"55",55,55,1,0,0,0.33,0.89,0.67,1.09,0.3,2,0.62,"aac"
"56",56,56,1,0.94,0.94,0.53,0.52,0.47,0,0.67,0,1.16,"ggg"
"57",57,57,1,1.03,0,0.18,0,0.82,0,0.67,0,0.43,"aaa"
"58",58,58,1,1.61,0.62,0.9,0.45,0.1,0,0.67,0,1.3,"cta"
"59",59,59,1,0,0,1,0,0,0,1,0,0,"tgc"
"60",60,60,1,0,0,0.48,0.63,0.52,0.55,0.42,1,0.34,"aaa"
"61",61,61,1,0.8,0,0.05,0,0.95,0,0.67,0,0.34,"cta"
"62",62,62,1,0,0,0.5,1.04,0.5,1.01,0.32,2,0.53,"aga"
"63",63,63,1,0.46,0.37,0.67,0,0.33,0,0.67,0,0.45,"ggg"
"64",64,64,1,2.33,1.35,0.24,0,0.76,0,0.67,0,1.32,"gta"
"65",65,65,1,0,0,0.42,1.54,0.58,2.21,0.16,3,0.92,"gcc"
"66",66,66,1,0.78,0.71,0.45,0,0.55,0,0.67,0,0.66,"cca"
"67",67,67,1,0.81,0,0.09,0,0.91,0,0.67,0,0.34,"ttg"
"68",68,68,1,0,0,1,0,0,0,1,0,0,"cat"
"69",69,69,1,1.21,0,0.02,0,0.98,0,0.67,0,0.51,"ttg"
"70",70,70,1,1.66,0,0.02,0,0.98,0,0.67,0,0.7,"ggt"
"71",71,71,1,0,0,1,0,0,0,1,0,0,"aaa"
"72",72,72,1,0,0,1,0,0,0,1,0,0,"tgt"
"73",73,73,1,0.94,0.94,0.52,0.24,0.48,0,0.67,0,1.02,"aac"
"74",74,74,1,1.92,0,0.02,0,0.98,0,0.67,0,0.81,"att"
"75",75,75,1,0,0,1,0,0,0,1,0,0,"gct"
"76",76,76,1,0.67,0,0.04,0,0.96,0,0.67,0,0.28,"ggc"
"77",77,77,1,0.27,0.27,0.57,1.17,0.43,0,0.67,0,0.79,"tgg"
"78",78,78,1,0,0,1,0,0,0,1,0,0,"atc"
"79",79,79,1,0.59,0,0.01,0,0.99,0,0.67,0,0.25,"ctg"
"80",80,80,1,1.55,0,0.05,0,0.95,0,0.67,0,0.66,"gga"
"81",81,81,1,0,0,1,0,0,0,1,0,0,"aat"
"82",82,82,1,0.77,0,0.03,0,0.97,0,0.67,0,0.33,"cca"
"83",83,83,1,1.05,0,0.02,0,0.98,0,0.67,0,0.45,"gag"
"84",84,84,1,2.39,0,0.11,0,0.89,0,0.67,0,1.01,"tgt"
"85",85,85,1,2.05,1.09,0.56,0.08,0.44,0,0.67,0,1.53,"gaa"
"86",86,86,1,0,0,0.55,2.13,0.45,1.94,0.19,2,0.99,"tca"
"87",87,87,1,0,0,0.55,1.55,0.45,1.68,0.22,2,0.72,"ctc"
"88",88,88,1,0,0,0.54,0.87,0.46,0.93,0.33,1,0.41,"tcc"
"89",89,89,1,0.76,0.61,0.52,0,0.48,0,0.67,0,0.65,"aca"
"90",90,90,1,0,0,0.54,1.3,0.46,1.3,0.27,1,0.61,"gca"
"91",91,91,1,1.95,1.22,0.55,0.09,0.45,0,0.67,0,1.56,"agc"
"92",92,92,1,0,0,1,0,0,0,1,0,0,"tca"
"93",93,93,1,0,0,1,0,0,0,1,0,0,"tgg"
"94",94,94,1,0.67,0,0.13,0,0.87,0,0.67,0,0.28,"tcc"
"95",95,95,1,0,0,1,0,0,0,1,0,0,"tac"
"96",96,96,1,0.95,0.63,0.52,0,0.48,0,0.67,0,0.73,"att"
"97",97,97,1,0,0,0.54,0.7,0.46,1.04,0.31,1,0.33,"gtg"
"98",98,98,1,0,0,1,0,0,0,1,0,0,"gaa"
"99",99,99,1,0,0,0.45,0.58,0.55,0.69,0.38,1,0.32,"aca"
"100",100,100,1,0,0,0,1.59,1,3.18,0.1,4,1.64,"tct"
"101",101,101,1,0,0,0,2.15,1,3.32,0.09,7,2.21,"agt"
"102",102,102,1,0,0,0.59,1.18,0.41,0.97,0.32,1,0.5,"tca"
"103",103,103,1,0.94,0.93,0.42,0.79,0.58,0,0.67,0,1.27,"gac"
"104",104,104,1,0,0,0.43,0.54,0.57,0.45,0.44,1,0.31,"aat"
"105",105,105,1,0.77,0.48,0.55,0,0.45,0,0.67,0,0.6,"gga"
"106",106,106,1,0.93,0,0.03,0,0.97,0,0.67,0,0.39,"acg"
"107",107,107,1,2.38,0,0.01,0,0.99,0,0.67,0,1.01,"tgt"
"108",108,108,1,2.85,0,0.04,0,0.96,0,0.67,0,1.21,"tac"
"109",109,109,1,0,0,1,0,0,0,1,0,0,"cca"
"110",110,110,1,0,0,1,0,0,0,1,0,0,"gga"
"111",111,111,1,2.41,1.01,0.29,0,0.71,0,0.67,0,1.32,"gat"
"112",112,112,1,0.95,0,0.14,0,0.86,0,0.67,0,0.4,"ttc"
"113",113,113,1,2.07,1.9,0.52,0.06,0.48,0,0.67,0,1.93,"atc"
"114",114,114,1,1.18,0,0.99,566.55,0.01,13.15,0,3,4.64,"gat"
"115",115,115,1,0,0,0.75,0,0.25,0,0.67,0,0,"tat"
"116",116,116,1,3.22,0,0.11,0,0.89,0,0.67,0,1.37,"gag"
"117",117,117,1,0.53,0.48,0.67,0,0.33,0,0.67,0,0.56,"gag"
"118",118,118,1,0.4,0.39,0.66,1.01,0.34,0.09,0.58,0,0.79,"cta"
"119",119,119,1,2.74,1.43,0.35,0.03,0.65,0,0.67,0,1.7,"aga"
"120",120,120,1,1.6,0,0.05,0,0.95,0,0.67,0,0.68,"gag"
"121",121,121,1,1.03,0,0.13,0,0.87,0,0.67,0,0.44,"caa"
"122",122,122,1,0.4,0,0.01,0,0.99,0,0.67,0,0.17,"ttg"
"123",123,123,1,0.95,0,0.02,0,0.98,0,0.67,0,0.4,"agc"
"124",124,124,1,0,0,0.75,0,0.25,0,0.67,0,0,"tca"
"125",125,125,1,0.46,0.42,0.69,0.11,0.31,0,0.67,0,0.53,"gtg"
"126",126,126,1,0,0,0.75,0,0.25,0,0.67,0,0,"tca"
"127",127,127,1,0,0,0.75,0,0.25,0,0.67,0,0,"tca"
"128",128,128,1,0,0,0.75,0,0.25,0,0.67,0,0,"ttt"
"129",129,129,1,0,0,0.45,0.58,0.55,0.54,0.42,1,0.33,"gaa"
"130",130,130,1,4.56,2.21,0.07,0.1,0.93,0,0.67,0,2.19,"agg"
"131",131,131,1,0,0,0.55,0.85,0.45,0.56,0.41,1,0.39,"ttt"
"132",132,132,1,2.14,0,0.02,0,0.98,0,0.67,0,0.91,"gag"
"133",133,133,1,0,0,0.55,2.3,0.45,0.61,0.4,4,1.06,"ata"
"134",134,134,1,0.94,0,0.02,0,0.98,0,0.67,0,0.4,"ttc"
"135",135,135,1,0,0,1,0,0,0,1,0,0,"ccc"
"136",136,136,1,3.81,1.5,0.44,0.03,0.56,0,0.67,0,2.31,"aag"
"137",137,137,1,1.57,0,0.08,1.03,0.92,0,0.67,0,1.64,"aca"
"138",138,138,1,0,0,0.42,1.24,0.58,1.1,0.3,3,0.73,"agt"
"139",139,139,1,0,0,1,0,0,0,1,0,0,"tca"
"140",140,140,1,0,0,1,0,0,0,1,0,0,"tgg"
"141",141,141,1,1.34,0,0.03,0,0.97,0,0.67,0,0.57,"ccc"
"142",142,142,1,0,0,0.53,1.98,0.47,1.41,0.25,3,0.96,"aat"
"143",143,143,1,1.19,0,0.01,0,0.99,0,0.67,0,0.5,"cat"
"144",144,144,1,0.94,0.55,0.52,0,0.48,0,0.67,0,0.69,"gac"
"145",145,145,1,2.34,2.34,0.22,2.95,0.78,0.09,0.58,0,3.88,"tcg"
"146",146,146,1,0,0,1,0,0,0,1,0,0,"aac"
"147",147,147,1,0,0,1,0,0,0,1,0,0,"aaa"
"148",148,148,1,0.81,0,0.1,0,0.9,0,0.67,0,0.34,"ggt"
"149",149,149,1,2.37,1.88,0.16,1.17,0.84,0,0.67,0,2.32,"gta"
"150",150,150,1,0.46,0,0.01,0,0.99,0,0.67,0,0.2,"acg"
"151",151,151,1,0.78,0.77,0.81,1.43,0.19,0.02,0.63,0,1.25,"gca"
"152",152,152,1,0,0,1,0,0,0,1,0,0,"gca"
"153",153,153,1,3.6,0,0.02,0,0.98,0,0.67,0,1.53,"tgt"
"154",154,154,1,1.64,0,0.05,0.67,0.95,0,0.67,0,1.35,"cct"
"155",155,155,1,1.17,1.06,0.53,0.15,0.47,0,0.67,0,1.14,"cat"
"156",156,156,1,1.64,0,0.02,0,0.98,0,0.67,0,0.69,"gct"
"157",157,157,1,2.33,0,0.14,0,0.86,0,0.67,0,0.99,"gga"
"158",158,158,1,0,0,0.06,1.58,0.94,3.26,0.09,5,1.53,"gca"
"159",159,159,1,0,0,0.55,1.45,0.45,1.08,0.3,2,0.67,"aaa"
"160",160,160,1,1.81,0.89,0.61,0.43,0.39,0,0.67,0,1.5,"agc"
"161",161,161,1,0.95,0,0.11,0,0.89,0,0.67,0,0.4,"ttc"
"162",162,162,1,0,0,1,0,0,0,1,0,0,"tac"
"163",163,163,1,0,0,0.48,0.62,0.52,0.55,0.42,1,0.34,"aaa"
"164",164,164,1,2.38,0,0.02,0,0.98,0,0.67,0,1.01,"aat"
"165",165,165,1,1.29,0,0.04,0,0.96,0,0.67,0,0.55,"tta"
"166",166,166,1,2.98,1.27,0.38,0.07,0.62,0,0.67,0,1.8,"ata"
"167",167,167,1,0,0,1,0,0,0,1,0,0,"tgg"
"168",168,168,1,0,0,1,0,0,0,1,0,0,"cta"
"169",169,169,1,0.82,0.69,0.47,0,0.53,0,0.67,0,0.68,"gtt"
"170",170,170,1,0,0,1,0,0,0,1,0,0,"aaa"
"171",171,171,1,1.03,0.71,0.88,0.3,0.12,0,0.67,0,1.12,"aaa"
"172",172,172,1,4.71,2.02,0.15,0.26,0.85,0,0.67,0,2.54,"gga"
"173",173,173,1,1.18,1.14,0.61,0.58,0.39,0,0.67,0,1.45,"aat"
"174",174,174,1,0.77,0,0.02,0,0.98,0,0.67,0,0.33,"tca"
"175",175,175,1,2.85,0,0.01,0,0.99,0,0.67,0,1.21,"tac"
"176",176,176,1,0.77,0,0.03,0,0.97,0,0.67,0,0.33,"cca"
"177",177,177,1,2.13,2.05,0.49,0,0.51,0,0.67,0,1.94,"aag"
"178",178,178,1,1.33,0.69,0.5,0,0.5,0,0.67,0,0.92,"ctc"
"179",179,179,1,0.95,0.95,0.38,2.07,0.62,0.3,0.49,0,2.1,"agc"
"180",180,180,1,0,0,0,2.37,1,3.93,0.07,6,2.43,"aaa"
"181",181,181,1,0.67,0,0.05,0,0.95,0,0.67,0,0.28,"tcc"
"182",182,182,1,3.88,0,0.01,0,0.99,0,0.67,0,1.64,"tac"
"183",183,183,1,0.95,0,0.02,0,0.98,0,0.67,0,0.4,"att"
"184",184,184,1,1.18,0,0.05,0,0.95,0,0.67,0,0.5,"aat"
"185",185,185,1,1.18,0.79,0.37,0,0.63,0,0.67,0,0.8,"gat"
"186",186,186,1,0,0,1,0,0,0,1,0,0,"aaa"
"187",187,187,1,2.35,0,0.02,0,0.98,0,0.67,0,0.99,"ggg"
"188",188,188,1,0,0,0.48,0.63,0.52,0.55,0.42,1,0.34,"aaa"
"189",189,189,1,1.02,0.6,0.53,0,0.47,0,0.67,0,0.76,"gaa"
"190",190,190,1,0.66,0.62,0.52,0,0.48,0,0.67,0,0.61,"gtc"
"191",191,191,1,2,0,0.03,0,0.97,0,0.67,0,0.85,"ctc"
"192",192,192,1,0.93,0,0.01,0,0.99,0,0.67,0,0.39,"gtg"
"193",193,193,1,1.9,0,0.04,0,0.96,0,0.67,0,0.8,"cta"
"194",194,194,1,0,0,1,0,0,0,1,0,0,"tgg"
"195",195,195,1,2.01,0,0.03,0,0.97,0,0.67,0,0.85,"ggc"
"196",196,196,1,1.9,0.96,0.34,0,0.66,0,0.67,0,1.14,"att"
"197",197,197,1,0.94,0,0.34,0,0.66,0,0.67,0,0.4,"cac"
"198",198,198,1,1.18,0,0.05,0,0.95,0,0.67,0,0.5,"cat"
"199",199,199,1,0,0,0.99,233.72,0.01,4.25,0.06,4,2.98,"cca"
"200",200,200,1,3.28,3.28,0.49,0,0.51,0,0.67,0,3.04,"tct"
"201",201,201,1,2.46,0,0.03,0,0.97,0,0.67,0,1.04,"act"
"202",202,202,1,0,0,0.99,402.38,0.01,5.71,0.03,4,3.97,"agt"
"203",203,203,1,2.48,2.48,0.52,2.93,0.48,0.02,0.63,0,3.82,"gct"
"204",204,204,1,1.89,1.1,0.52,0.01,0.48,0,0.67,0,1.39,"gac"
"205",205,205,1,0,0,1,0,0,0,1,0,0,"caa"
"206",206,206,1,0,0,1,0,0,0,1,0,0,"caa"
"207",207,207,1,2.39,1.24,0.3,0.15,0.7,0,0.67,0,1.5,"agt"
"208",208,208,1,1.33,1.28,0.51,0.09,0.49,0,0.67,0,1.28,"ctc"
"209",209,209,1,0,0,1,0,0,0,1,0,0,"tat"
"210",210,210,1,0.53,0,0.02,0,0.98,0,0.67,0,0.22,"cag"
"211",211,211,1,0,0,1,0,0,0,1,0,0,"aat"
"212",212,212,1,0.77,0,0.26,0,0.74,0,0.67,0,0.33,"gca"
"213",213,213,1,0,0,1,0,0,0,1,0,0,"gat"
"214",214,214,1,0.73,0,0.98,312.04,0.02,4.83,0.04,6,5.71,"gca"
"215",215,215,1,0,0,1,0,0,0,1,0,0,"tat"
"216",216,216,1,0,0,0.55,1.43,0.45,1.33,0.26,2,0.66,"gtt"
"217",217,217,1,0,0,1,0,0,0,1,0,0,"ttt"
"218",218,218,1,0,0,1,0,0,0,1,0,0,"gtg"
"219",219,219,1,2.36,1.42,0.35,0,0.65,0,0.67,0,1.51,"ggg"
"220",220,220,1,0,0,0.98,190,0.02,5.09,0.04,5,3.46,"aca"
"221",221,221,1,0,0,1,0,0,0,1,0,0,"tca"
"222",222,222,1,0,0,0.57,3.07,0.43,2.54,0.14,4,1.37,"aga"
"223",223,223,1,1.89,0,0.02,0,0.98,0,0.67,0,0.8,"tac"
"224",224,224,1,0.94,0,0.01,0,0.99,0,0.67,0,0.4,"agc"
"225",225,225,1,0,0,1,0,0,0,1,0,0,"aag"
"226",226,226,1,2.65,1.36,0.49,0,0.51,0,0.67,0,1.82,"aag"
"227",227,227,1,0.94,0.67,0.54,0.02,0.46,0,0.67,0,0.78,"ttc"
"228",228,228,1,2.13,0,0.04,0,0.96,0,0.67,0,0.9,"aag"
"229",229,229,1,1.88,0,0.04,0,0.96,0,0.67,0,0.8,"ccg"
"230",230,230,1,1.03,0,0.28,0,0.72,0,0.67,0,0.44,"gaa"
"231",231,231,1,0.24,0.24,1,0.21,0,0,0.67,0,0.34,"ata"
"232",232,232,1,0.78,0.78,0.74,1.19,0.26,0.01,0.64,0,1.25,"gca"
"233",233,233,1,2.85,0,0.08,1.41,0.92,0,0.67,0,2.54,"ata"
"234",234,234,1,0,0,1,0,0,0,1,0,0,"aga"
"235",235,235,1,0.67,0.6,0.53,0,0.47,0,0.67,0,0.61,"ccc"
"236",236,236,1,0,0,1,0,0,0,1,0,0,"aaa"
"237",237,237,1,0,0,0.55,0.72,0.45,1.05,0.31,1,0.33,"gtg"
"238",238,238,1,0.49,0.49,0.17,0.51,0.83,0,0.66,0,0.73,"agg"
"239",239,239,1,2.41,2.41,0,4.7,1,0.94,0.33,0,5.85,"gat"
"240",240,240,1,0,0,0,3.13,1,4.94,0.04,6,3.21,"caa"
"241",241,241,1,1.03,0,0.23,0,0.77,0,0.67,0,0.44,"gaa"
"242",242,242,1,0.46,0.36,0.68,0.02,0.32,0,0.67,0,0.45,"ggg"
"243",243,243,1,0,0,0.75,0,0.25,0,0.67,0,0,"aga"
"244",244,244,1,0,0,1,0,0,0,1,0,0,"atg"
"245",245,245,1,0,0,0.46,0.55,0.54,0.55,0.41,1,0.31,"aac"
"246",246,246,1,4.85,0,0.2,0,0.8,0,0.67,0,2.05,"tat"
"247",247,247,1,0,0,0.62,3.61,0.38,2.35,0.15,3,1.41,"tac"
"248",248,248,1,0,0,1,0,0,0,1,0,0,"tgg"
"249",249,249,1,0,0,1,0,0,0,1,0,0,"aca"
"250",250,250,1,1.19,0,0.04,0,0.96,0,0.67,0,0.5,"cta"
"251",251,251,1,0,0,0,1.27,1,2.64,0.13,3,1.3,"gta"
"252",252,252,1,2.12,1.73,0.53,0.14,0.47,0,0.67,0,1.91,"gag"
"253",253,253,1,2.84,0,0.02,0,0.98,0,0.67,0,1.2,"ccg"
"254",254,254,1,0.77,0,0.1,0,0.9,0,0.67,0,0.33,"gga"
"255",255,255,1,0,0,0.45,0.52,0.55,0.53,0.42,1,0.29,"gac"
"256",256,256,1,0,0,1,0,0,0,1,0,0,"aaa"
"257",257,257,1,0.24,0.24,1,0.21,0,0,0.67,0,0.34,"ata"
"258",258,258,1,0.77,0.62,0.51,0,0.49,0,0.67,0,0.65,"aca"
"259",259,259,1,0.95,0,0.03,0,0.97,0,0.67,0,0.4,"ttc"
"260",260,260,1,0,0,1,0,0,0,1,0,0,"gaa"
"261",261,261,1,0,0,0.53,0.64,0.47,0.67,0.39,1,0.31,"gca"
"262",262,262,1,0,0,1,0,0,0,1,0,0,"act"
"263",263,263,1,0.77,0,0.11,0,0.89,0,0.67,0,0.33,"gga"
"264",264,264,1,0,0,1,0,0,0,1,0,0,"aat"
"265",265,265,1,0.4,0,0.11,0,0.89,0,0.67,0,0.17,"cta"
"266",266,266,1,0.93,0.91,0.64,1.99,0.36,0.15,0.55,0,1.73,"gtg"
"267",267,267,1,1.54,0,0.03,0,0.97,0,0.67,0,0.65,"gta"
"268",268,268,1,2.37,1.25,0.25,0.02,0.75,0,0.67,0,1.33,"ccg"
"269",269,269,1,0.91,0,0.21,0,0.79,0,0.67,0,0.38,"aga"
"270",270,270,1,3.6,0,0.02,0,0.98,0,0.67,0,1.52,"tat"
"271",271,271,1,0,0,1,0,0,0,1,0,0,"gca"
"272",272,272,1,3.86,0,0.02,0,0.98,0,0.67,0,1.63,"ttc"
"273",273,273,1,0,0,0.61,3.86,0.39,3.21,0.1,5,1.55,"gca"
"274",274,274,1,0.41,0.41,0.61,0.37,0.39,0,0.67,0,0.58,"atg"
"275",275,275,1,0,0,0.55,1.42,0.45,1.07,0.3,2,0.65,"gaa"
"276",276,276,1,0.92,0.92,0.63,1.24,0.37,0.01,0.64,0,1.45,"aga"
"277",277,277,1,0,0,0.31,1.78,0.69,1.82,0.2,4,1.26,"aat"
"278",278,278,1,0.81,0.8,0.74,0,0.26,0,0.67,0,0.95,"gct"
"279",279,279,1,0.77,0.5,0.53,0,0.47,0,0.67,0,0.6,"gga"
"280",280,280,1,0.81,0.76,0.53,0,0.47,0,0.67,0,0.76,"tct"
"281",281,281,1,1.64,0,0.02,0,0.98,0,0.67,0,0.69,"ggt"
"282",282,282,1,0,0,1,0,0,0,1,0,0,"att"
"283",283,283,1,2.07,1.2,0.54,0.06,0.46,0,0.67,0,1.58,"atc"
"284",284,284,1,1.89,0,0.02,0,0.98,0,0.67,0,0.8,"att"
"285",285,285,1,0,0,1,0,0,0,1,0,0,"tca"
"286",286,286,1,3.63,0,0.14,0,0.86,0,0.67,0,1.54,"gat"
"287",287,287,1,1.55,0,0.03,0,0.97,0,0.67,0,0.66,"aca"
"288",288,288,1,0,0,0,0.64,1,1.39,0.25,2,0.66,"cca"
"289",289,289,1,2.66,2.07,0.9,0.92,0.1,0,0.67,0,3.13,"gtc"
"290",290,290,1,2.88,1.47,0.21,0,0.79,0,0.67,0,1.53,"cac"
"291",291,291,1,0,0,0.52,1.8,0.48,1.29,0.27,3,0.9,"gat"
"292",292,292,1,0,0,1,0,0,0,1,0,0,"tgc"
"293",293,293,1,1.19,0,0.05,0,0.95,0,0.67,0,0.5,"aat"
"294",294,294,1,0.77,0.58,0.54,0,0.46,0,0.67,0,0.65,"aca"
"295",295,295,1,0.82,0.68,0.47,0,0.53,0,0.67,0,0.67,"act"
"296",296,296,1,0,0,1,0,0,0,1,0,0,"tgt"
"297",297,297,1,1.05,0,0.18,0,0.82,0,0.67,0,0.45,"cag"
"298",298,298,1,0,0,1,0,0,0,1,0,0,"aca"
"299",299,299,1,0,0,0.55,1.41,0.45,1.57,0.23,2,0.66,"ccc"
"300",300,300,1,1.6,1.59,0.33,1.75,0.67,0.01,0.65,0,2.42,"aag"
"301",301,301,1,1.61,0,0.01,0,0.99,0,0.67,0,0.68,"ggt"
"302",302,302,1,2.47,1.29,0.23,0,0.77,0,0.67,0,1.35,"gct"
"303",303,303,1,0,0,0.53,1.09,0.47,0.32,0.48,2,0.53,"ata"
"304",304,304,1,0,0,1,0,0,0,1,0,0,"aac"
"305",305,305,1,1.33,0,0.03,0,0.97,0,0.67,0,0.57,"acc"
"306",306,306,1,0.95,0,0.05,0,0.95,0,0.67,0,0.4,"agc"
"307",307,307,1,4.03,0,0.02,0,0.98,0,0.67,0,1.71,"ctc"
"308",308,308,1,2.34,0,0.05,0,0.95,0,0.67,0,0.99,"cca"
"309",309,309,1,1.19,0,0.01,0,0.99,0,0.67,0,0.5,"ttt"
"310",310,310,1,2.73,1.24,0.43,0,0.57,0,0.67,0,1.7,"cag"
"311",311,311,1,2.4,1.17,0.26,0,0.74,0,0.67,0,1.33,"aat"
"312",312,312,1,0,0,0.52,1.08,0.48,0.33,0.48,2,0.53,"ata"
"313",313,313,1,0,0,1,0,0,0,1,0,0,"cat"
"314",314,314,1,0,0,0.55,0.72,0.45,1.05,0.31,1,0.33,"ccg"
"315",315,315,1,2.78,1.4,0.22,0.03,0.78,0,0.67,0,1.52,"atc"
"316",316,316,1,0.78,0,0.03,0,0.97,0,0.67,0,0.33,"aca"
"317",317,317,1,0.95,0,0.05,0,0.95,0,0.67,0,0.4,"att"
"318",318,318,1,2.35,0,0.03,0,0.97,0,0.67,0,1,"gga"
"319",319,319,1,1,0.87,0.67,0.23,0.33,0,0.67,0,1.1,"aaa"
"320",320,320,1,0,0,1,0,0,0,1,0,0,"tgt"
"321",321,321,1,3.95,1.86,0.35,0,0.65,0,0.67,0,2.34,"cca"
"322",322,322,1,2.86,0,0.05,0,0.95,0,0.67,0,1.21,"aaa"
"323",323,323,1,1.19,0,0.04,0,0.96,0,0.67,0,0.5,"tat"
"324",324,324,1,0.78,0,0.02,0,0.98,0,0.67,0,0.33,"gta"
"325",325,325,1,0,0,1,0,0,0,1,0,0,"aaa"
"326",326,326,1,1.9,0,0.05,0,0.95,0,0.67,0,0.8,"agc"
"327",327,327,1,0.76,0.62,0.51,0.01,0.49,0,0.67,0,0.65,"aca"
"328",328,328,1,0,0,0.48,0.63,0.52,0.55,0.42,1,0.34,"aaa"
"329",329,329,1,0.4,0,0.01,0,0.99,0,0.67,0,0.17,"ttg"
"330",330,330,1,1.82,0,0.02,0,0.98,0,0.67,0,0.77,"aga"
"331",331,331,1,0.3,0.29,0.58,1.03,0.42,0.25,0.51,0,0.74,"ctg"
"332",332,332,1,0.67,0,0.07,0,0.93,0,0.67,0,0.28,"gcc"
"333",333,333,1,0.77,0,0.02,0,0.98,0,0.67,0,0.33,"aca"
"334",334,334,1,1.55,0,0.05,0,0.95,0,0.67,0,0.66,"gga"
"335",335,335,1,1.21,0,0.04,0,0.96,0,0.67,0,0.51,"ttg"
"336",336,336,1,1.98,0,0.02,0,0.98,0,0.67,0,0.84,"agg"
"337",337,337,1,0,0,1,0,0,0,1,0,0,"aat"
"338",338,338,1,0,0,0,2.26,1,5.53,0.03,7,2.32,"gtc"
"339",339,339,1,1.89,1.89,0.17,0,0.83,0,0.67,0,1.13,"ccg"
"340",340,340,1,1.62,0.94,0.41,0.03,0.59,0,0.67,0,1.1,"tct"
"341",341,341,1,0,0,1,0,0,0,1,0,0,"att"
"342",342,342,1,0,0,0.55,2.33,0.45,1.65,0.22,2,1.07,"caa"
"343",343,343,1,0.81,0.76,0.53,0,0.47,0,0.67,0,0.76,"tct"
"344",344,344,1,0.9,0,0.01,0,0.99,0,0.67,0,0.38,"aga"
"345",345,345,1,2.01,0,0.02,0,0.98,0,0.67,0,0.85,"ggc"
"346",346,346,1,0.79,0,0.04,0,0.96,0,0.67,0,0.34,"cta"
"347",347,347,1,1.19,0,0.02,0,0.98,0,0.67,0,0.5,"ttt"
"348",348,348,1,0.47,0,0.02,0,0.98,0,0.67,0,0.2,"ggg"
"349",349,349,1,0.67,0,0.22,0,0.78,0,0.67,0,0.28,"gcc"
"350",350,350,1,0.95,0,0.01,0,0.99,0,0.67,0,0.4,"att"
"351",351,351,1,2.69,0,0.02,0,0.98,0,0.67,0,1.14,"gcc"
"352",352,352,1,4.64,0,0.04,0,0.96,0,0.67,0,1.96,"ggt"
"353",353,353,1,1.89,0,0.11,0,0.89,0,0.67,0,0.8,"ttc"
"354",354,354,1,0,0,1,0,0,0,1,0,0,"att"
"355",355,355,1,0,0,1,0,0,0,1,0,0,"gaa"
"356",356,356,1,0.46,0.37,0.68,0,0.32,0,0.67,0,0.45,"ggg"
"357",357,357,1,1.87,0,0.01,0,0.99,0,0.67,0,0.79,"ggg"
"358",358,358,1,0,0,1,0,0,0,1,0,0,"tgg"
"359",359,359,1,0,0,0.75,0,0.25,0,0.67,0,0,"aca"
"360",360,360,1,1.89,0,0.11,0,0.89,0,0.67,0,0.8,"ggg"
"361",361,361,1,0,0,1,0,0,0,1,0,0,"atg"
"362",362,362,1,2.32,0,0.03,0,0.97,0,0.67,0,0.98,"gta"
"363",363,363,1,0,0,1,0,0,0,1,0,0,"gat"
"364",364,364,1,1.55,0,0.02,0,0.98,0,0.67,0,0.66,"gga"
"365",365,365,1,0,0,1,0,0,0,1,0,0,"tgg"
"366",366,366,1,1.9,0,0.02,0,0.98,0,0.67,0,0.8,"tac"
"367",367,367,1,0,0,0.75,0,0.25,0,0.67,0,0,"ggt"
"368",368,368,1,1.19,0,0.02,0,0.98,0,0.67,0,0.5,"tat"
"369",369,369,1,0.95,0,0.02,0,0.98,0,0.67,0,0.4,"cac"
"370",370,370,1,0,0,1,0,0,0,1,0,0,"cat"
"371",371,371,1,1.04,1.04,0.5,0,0.5,0,0.67,0,0.97,"caa"
"372",372,372,1,1.19,0,0.11,0,0.89,0,0.67,0,0.5,"aat"
"373",373,373,1,1.05,0.61,0.53,0.01,0.47,0,0.67,0,0.78,"gag"
"374",374,374,1,1.05,0,0.01,0,0.99,0,0.67,0,0.45,"cag"
"375",375,375,1,1.4,0,0.02,0,0.98,0,0.67,0,0.59,"ggg"
"376",376,376,1,0,0,1,0,0,0,1,0,0,"tca"
"377",377,377,1,0.77,0,0.11,0,0.89,0,0.67,0,0.33,"gga"
"378",378,378,1,2.39,1.28,0.35,0.01,0.65,0,0.67,0,1.47,"tat"
"379",379,379,1,3.14,1.55,0.19,0,0.81,0,0.67,0,1.64,"gca"
"380",380,380,1,0.67,0,0.45,0,0.55,0,0.67,0,0.28,"gcc"
"381",381,381,1,0.94,0,0.02,0,0.98,0,0.67,0,0.4,"gac"
"382",382,382,1,0.89,0.86,0.69,0.02,0.31,0,0.67,0,0.99,"ctg"
"383",383,383,1,1.05,0,0.03,0,0.97,0,0.67,0,0.45,"aag"
"384",384,384,1,0,0,1,0,0,0,1,0,0,"agc"
"385",385,385,1,0,0,1,0,0,0,1,0,0,"aca"
"386",386,386,1,2.8,0,0.02,0,0.98,0,0.67,0,1.19,"cag"
"387",387,387,1,0,0,0.21,1.56,0.79,1.83,0.2,2,1.26,"aat"
"388",388,388,1,0,0,1,0,0,0,1,0,0,"gcc"
"389",389,389,1,0,0,0.52,2.04,0.48,1.75,0.21,3,1,"att"
"390",390,390,1,0.94,0,0.11,0,0.89,0,0.67,0,0.4,"gac"
"391",391,391,1,1.59,1.59,0.54,5.41,0.46,1.41,0.25,0,4.12,"gag"
"392",392,392,1,0.95,0,0.03,0,0.97,0,0.67,0,0.4,"att"
"393",393,393,1,2.46,0,0.2,0,0.8,0,0.67,0,1.04,"act"
"394",394,394,1,1.89,0,0.02,0,0.98,0,0.67,0,0.8,"aac"
"395",395,395,1,1.03,0,0.42,0,0.58,0,0.67,0,0.44,"aaa"
"396",396,396,1,0,0,1,0,0,0,1,0,0,"gta"
"397",397,397,1,2.4,0,0.05,0,0.95,0,0.67,0,1.02,"aat"
"398",398,398,1,0.82,0,0.03,0,0.97,0,0.67,0,0.35,"tct"
"399",399,399,1,0.81,0.75,0.65,0.44,0.35,0,0.67,0,1,"gtt"
"400",400,400,1,0,0,0.56,1.46,0.44,1.18,0.29,2,0.67,"att"
"401",401,401,1,2.07,1.08,0.29,0,0.71,0,0.67,0,1.2,"gaa"
"402",402,402,1,2.15,0,0.02,0,0.98,0,0.67,0,0.91,"aag"
"403",403,403,1,0,0,1,0,0,0,1,0,0,"atg"
"404",404,404,1,4.81,0,0.02,0,0.98,0,0.67,0,2.04,"aat"
"405",405,405,1,1.55,0.77,0.41,0,0.59,0,0.67,0,0.98,"aca"
"406",406,406,1,2.11,0,0.04,0,0.96,0,0.67,0,0.89,"cag"
"407",407,407,1,0,0,1,0,0,0,1,0,0,"ttc"
"408",408,408,1,0,0,1,0,0,0,1,0,0,"aca"
"409",409,409,1,0,0,1,0,0,0,1,0,0,"gca"
"410",410,410,1,0.73,0,0.02,0,0.98,0,0.67,0,0.31,"gta"
"411",411,411,1,2.48,0,0.03,0,0.97,0,0.67,0,1.05,"ggt"
"412",412,412,1,0,0,1,0,0,0,1,0,0,"aaa"
"413",413,413,1,0.52,0,0.11,0,0.89,0,0.67,0,0.22,"gag"
"414",414,414,1,0,0,1,0,0,0,1,0,0,"ttc"
"415",415,415,1,1.9,0,0.11,0,0.89,0,0.67,0,0.8,"aac"
"416",416,416,1,2.85,0,0.11,0,0.89,0,0.67,0,1.21,"cac"
"417",417,417,1,1.48,0,0.01,0,0.99,0,0.67,0,0.63,"ctg"
"418",418,418,1,2.07,1.07,0.3,0,0.7,0,0.67,0,1.2,"gaa"
"419",419,419,1,1.03,0,0.1,0,0.9,0,0.67,0,0.44,"aaa"
"420",420,420,1,0.91,0,0.02,0,0.98,0,0.67,0,0.38,"aga"
"421",421,421,1,3.16,1.12,0.23,0,0.77,0,0.67,0,1.6,"ata"
"422",422,422,1,1.05,0.62,0.52,0,0.48,0,0.67,0,0.78,"gag"
"423",423,423,1,0,0,1,0,0,0,1,0,0,"aat"
"424",424,424,1,0.64,0,0.04,0,0.96,0,0.67,0,0.27,"tta"
"425",425,425,1,0,0,1,0,0,0,1,0,0,"aat"
"426",426,426,1,0,0,0.75,0,0.25,0,0.67,0,0,"aaa"
"427",427,427,1,12.27,0,0.05,0,0.95,0,0.67,0,5.2,"aaa"
"428",428,428,1,0.82,0.81,0.49,2.37,0.51,0.44,0.45,0,2.01,"gtt"
"429",429,429,1,0,0,1,0,0,0,1,0,0,"gat"
"430",430,430,1,0,0,1,0,0,0,1,0,0,"gat"
"431",431,431,1,0.8,0,0.01,0,0.99,0,0.67,0,0.34,"ggt"
"432",432,432,1,0.94,0.81,0.46,0,0.54,0,0.67,0,0.78,"ttc"
"433",433,433,1,0.59,0,0.05,0,0.95,0,0.67,0,0.25,"ctg"
"434",434,434,1,0.94,0,0.02,0,0.98,0,0.67,0,0.4,"gac"
"435",435,435,1,1.92,0,0.04,0,0.96,0,0.67,0,0.81,"att"
"436",436,436,1,0,0,1,0,0,0,1,0,0,"tgg"
"437",437,437,1,0,0,1,0,0,0,1,0,0,"act"
"438",438,438,1,0.94,0,0.01,0,0.99,0,0.67,0,0.4,"tac"
"439",439,439,1,0,0,1,0,0,0,1,0,0,"aat"
"440",440,440,1,2.68,0,0.01,0,0.99,0,0.67,0,1.13,"gcc"
"441",441,441,1,0,0,1,0,0,0,1,0,0,"gaa"
"442",442,442,1,1.19,0,0.04,0,0.96,0,0.67,0,0.5,"ctg"
"443",443,443,1,1.21,0,0.1,0,0.9,0,0.67,0,0.51,"ttg"
"444",444,444,1,0,0,0.52,2.04,0.48,2,0.18,3,1,"gtt"
"445",445,445,1,0.79,0.73,0.74,0.24,0.26,0,0.67,0,0.96,"cta"
"446",446,446,1,0.4,0,0.01,0,0.99,0,0.67,0,0.17,"ttg"
"447",447,447,1,1.03,0,0.37,0,0.63,0,0.67,0,0.44,"gaa"
"448",448,448,1,0,0,1,0,0,0,1,0,0,"aat"
"449",449,449,1,0,0,1,0,0,0,1,0,0,"gaa"
"450",450,450,1,1.82,0.83,0.31,0,0.69,0,0.67,0,1.03,"aga"
"451",451,451,1,3.29,1.59,0.15,0.09,0.85,0,0.67,0,1.72,"act"
"452",452,452,1,0,0,1,0,0,0,1,0,0,"ttg"
"453",453,453,1,2.84,1.38,0.2,0.01,0.8,0,0.67,0,1.5,"gac"
"454",454,454,1,2.85,0,0.02,0,0.98,0,0.67,0,1.21,"tac"
"455",455,455,1,5.77,3.17,0.02,0.26,0.98,0,0.67,0,2.76,"cac"
"456",456,456,1,0,0,0.75,0,0.25,0,0.67,0,0,"gat"
"457",457,457,1,0.77,0,0.04,0,0.96,0,0.67,0,0.33,"tca"
"458",458,458,1,0,0,0.45,0.56,0.55,0.46,0.44,1,0.31,"aat"
"459",459,459,1,0.47,0.42,0.67,0.11,0.33,0,0.67,0,0.53,"gtg"
"460",460,460,1,0.53,0.47,0.68,0.05,0.32,0,0.67,0,0.57,"aag"
"461",461,461,1,0.94,0.91,0.53,0.27,0.47,0,0.67,0,1.02,"aac"
"462",462,462,1,1.19,0,0.04,0,0.96,0,0.67,0,0.5,"tta"
"463",463,463,1,0,0,1,0,0,0,1,0,0,"tat"
"464",464,464,1,0,0,1,0,0,0,1,0,0,"gaa"
"465",465,465,1,2.14,1.09,0.29,0.03,0.71,0,0.67,0,1.25,"aag"
"466",466,466,1,0,0,0.54,1.41,0.46,1.38,0.26,2,0.66,"gta"
"467",467,467,1,0.91,0.91,0.19,1.72,0.81,0.28,0.5,0,1.99,"aga"
"468",468,468,1,0.95,0.95,0.38,1.04,0.62,0,0.65,0,1.43,"agc"
"469",469,469,1,2.13,0,0,0,1,0,0.67,0,0.9,"cag"
"470",470,470,1,2.51,1.23,0.5,0,0.5,0,0.67,0,1.69,"tta"
"471",471,471,1,0,0,0.48,0.63,0.52,0.55,0.42,1,0.34,"aaa"
"472",472,472,1,0,0,0.52,1.89,0.48,1.66,0.22,3,0.93,"aac"
"473",473,473,1,1.19,0,0.02,0,0.98,0,0.67,0,0.5,"aat"
"474",474,474,1,0.66,0.55,0.54,0,0.46,0,0.67,0,0.59,"gcc"
"475",475,475,1,0.53,0.53,0.55,0.85,0.45,0.04,0.61,0,0.91,"aag"
"476",476,476,1,0,0,1,0,0,0,1,0,0,"gaa"
"477",477,477,1,0,0,0.56,1.46,0.44,1.18,0.29,2,0.67,"att"
"478",478,478,1,0,0,1,0,0,0,1,0,0,"gga"
"479",479,479,1,0.97,0,0.01,0,0.99,0,0.67,0,0.41,"aac"
"480",480,480,1,1.33,0,0.2,0,0.8,0,0.67,0,0.57,"ggc"
"481",481,481,1,0,0,1,0,0,0,1,0,0,"tgc"
"482",482,482,1,0,0,1,0,0,0,1,0,0,"ttt"
"483",483,483,1,1.02,0,0.05,0,0.95,0,0.67,0,0.43,"gaa"
"484",484,484,1,0,0,1,0,0,0,1,0,0,"ttt"
"485",485,485,1,0.94,0,0.11,0,0.89,0,0.67,0,0.4,"tac"
"486",486,486,1,0,0,1,0,0,0,1,0,0,"cac"
"487",487,487,1,0,0,1,0,0,0,1,0,0,"aaa"
"488",488,488,1,1.91,0,0.2,0,0.8,0,0.67,0,0.81,"tgc"
"489",489,489,1,1.17,1.07,0.52,0.05,0.48,0,0.67,0,1.1,"gat"
"490",490,490,1,0.94,0.93,0.48,0.88,0.52,0,0.67,0,1.33,"aac"
"491",491,491,1,0.94,0.94,0.18,0.94,0.82,0,0.67,0,1.37,"acg"
"492",492,492,1,1.91,0,0.02,0,0.98,0,0.67,0,0.81,"tgc"
"493",493,493,1,0,0,1,0,0,0,1,0,0,"atg"
"494",494,494,1,0,0,1,0,0,0,1,0,0,"gaa"
"495",495,495,1,0,0,1,0,0,0,1,0,0,"agt"
"496",496,496,1,1.33,1.06,0.49,0.25,0.51,0,0.67,0,1.23,"gtc"
"497",497,497,1,0,0,1,0,0,0,1,0,0,"aaa"
"498",498,498,1,1.19,0,0.09,0,0.91,0,0.67,0,0.5,"aat"
"499",499,499,1,1.4,0.69,0.32,0.04,0.68,0,0.67,0,0.85,"ggg"
"500",500,500,1,0,0,1,0,0,0,1,0,0,"act"
"501",501,501,1,1.19,0,0.19,0,0.81,0,0.67,0,0.5,"tat"
"502",502,502,1,0.96,0.55,0.52,0.01,0.48,0,0.67,0,0.7,"gac"
"503",503,503,1,0,0,1,0,0,0,1,0,0,"tac"
"504",504,504,1,3.95,0,0.04,0,0.96,0,0.67,0,1.67,"cca"
"505",505,505,1,0,0,0.45,1.18,0.55,1.08,0.3,2,0.67,"aaa"
"506",506,506,1,0.94,0,0.03,0,0.97,0,0.67,0,0.4,"tac"
"507",507,507,1,0,0,0.59,1.17,0.41,0.97,0.32,1,0.5,"tca"
"508",508,508,1,0.53,0.53,0.49,2.7,0.51,1.32,0.26,0,1.9,"gag"
"509",509,509,1,2.07,0,0.01,0,0.99,0,0.67,0,0.88,"gaa"
"510",510,510,1,0,0,1,0,0,0,1,0,0,"gca"
"511",511,511,1,1.03,0,0.1,0,0.9,0,0.67,0,0.44,"aaa"
"512",512,512,1,1.29,0,0.01,0,0.99,0,0.67,0,0.54,"tta"
"513",513,513,1,0,0,1,0,0,0,1,0,0,"aac"
"514",514,514,1,0,0,1,0,0,0,1,0,0,"aga"
"515",515,515,1,0,0,1,0,0,0,1,0,0,"gaa"
"516",516,516,1,1.03,1.03,0,2.25,1,0.65,0.39,0,2.75,"gaa"
"517",517,517,1,0,0,1,0,0,0,1,0,0,"ata"
"518",518,518,1,0,0,0.51,1.17,0.49,0.87,0.34,2,0.6,"gat"
"519",519,519,1,1.91,0,0.03,0,0.97,0,0.67,0,0.81,"ggg"
"520",520,520,1,0.77,0,0.03,0,0.97,0,0.67,0,0.33,"gta"
"521",521,521,1,2.66,1.39,0.23,0.03,0.77,0,0.67,0,1.47,"aag"
"522",522,522,1,1.19,0,0.05,0,0.95,0,0.67,0,0.5,"ctg"
"523",523,523,1,0,0,1,0,0,0,1,0,0,"gaa"
"524",524,524,1,0,0,1,0,0,0,1,0,0,"tca"
"525",525,525,1,0.78,0,0.05,0,0.95,0,0.67,0,0.33,"aca"
"526",526,526,1,1,1,0.75,1.05,0.25,0,0.66,0,1.46,"agg"
"527",527,527,1,1.9,1.9,0.51,0,0.49,0,0.67,0,1.81,"att"
"528",528,528,1,0.95,0,0.05,0,0.95,0,0.67,0,0.4,"tac"
"529",529,529,1,0,0,1,0,0,0,1,0,0,"cag"
"530",530,530,1,0,0,1,0,0,0,1,0,0,"att"
"531",531,531,1,0,0,1,0,0,0,1,0,0,"ttg"
"532",532,532,1,0.46,0.42,0.66,0.06,0.34,0,0.67,0,0.5,"gcg"
"533",533,533,1,0.69,0,0.05,0,0.95,0,0.67,0,0.29,"atc"
"534",534,534,1,0,0,1,0,0,0,1,0,0,"tat"
"535",535,535,1,0,0,1,0,0,0,1,0,0,"tca"
"536",536,536,1,0.82,0.77,0.79,0.1,0.21,0,0.67,0,0.99,"act"
"537",537,537,1,0,0,0.21,1.64,0.79,3.14,0.1,3,1.33,"gtc"
"538",538,538,1,0.67,0,0.15,0,0.85,0,0.67,0,0.28,"gcc"
"539",539,539,1,0,0,1,0,0,0,1,0,0,"agt"
"540",540,540,1,0,0,1,0,0,0,1,0,0,"tca"
"541",541,541,1,0.4,0,0.11,0,0.89,0,0.67,0,0.17,"ttg"
"542",542,542,1,0,0,0.55,1.42,0.45,1.39,0.25,2,0.66,"gta"
"543",543,543,1,0.89,0,0.04,0,0.96,0,0.67,0,0.38,"ctg"
"544",544,544,1,0.78,0.78,0.36,2.06,0.64,0.49,0.43,0,1.97,"gta"
"545",545,545,1,0,0,0.6,1.6,0.4,1.57,0.23,2,0.66,"gtc"
"546",546,546,1,0,0,1,0,0,0,1,0,0,"tcc"
"547",547,547,1,0.3,0,0.05,0,0.95,0,0.67,0,0.13,"ctg"
"548",548,548,1,0,0,1,0,0,0,1,0,0,"ggg"
"549",549,549,1,0,0,1,0,0,0,1,0,0,"gca"
"550",550,550,1,0,0,0.58,0.81,0.42,0.8,0.36,1,0.35,"atc"
"551",551,551,1,2.36,0,0.2,0,0.8,0,0.67,0,1,"agt"
"552",552,552,1,0.97,0,0.11,0,0.89,0,0.67,0,0.41,"ttc"
"553",553,553,1,0,0,1,0,0,0,1,0,0,"tgg"
"554",554,554,1,0,0,1,0,0,0,1,0,0,"atg"
"555",555,555,1,1.91,0,0.02,0,0.98,0,0.67,0,0.81,"tgc"
"556",556,556,1,4.92,0,0.04,0,0.96,0,0.67,0,2.08,"tct"
"557",557,557,1,0,0,0.56,1.39,0.44,0.92,0.33,2,0.63,"aat"
"558",558,558,1,0.95,0,0.03,0,0.97,0,0.67,0,0.4,"ggg"
"559",559,559,1,0,0,1,0,0,0,1,0,0,"tct"
"560",560,560,1,0.8,0,0.02,0,0.98,0,0.67,0,0.34,"cta"
"561",561,561,1,0.52,0,1,10000,0,8.93,0.01,1,20.31,"cag"
"562",562,562,1,2.42,0,0.02,0,0.98,0,0.67,0,1.02,"tgt"
"563",563,563,1,0,0,1,0,0,0,1,0,0,"aga"
"564",564,564,1,0,0,0.53,1.1,0.47,0.32,0.48,2,0.54,"ata"
"565",565,565,1,4.87,0,0.02,0,0.98,0,0.67,0,2.06,"tgt"
"566",566,566,1,0.96,0,0.11,0,0.89,0,0.67,0,0.41,"att"
