Site,Partition,&alpha;,&beta;,&beta;-&alpha;,Prob[&alpha;>&beta;],Prob[&alpha;<&beta;],BayesFactor[&alpha;<&beta;],PSRF,Neff
1,1,5.161,0.227,-4.934,0.794,0.154,0.203,1.041,58.114
2,1,1.087,0.849,-0.238,0.366,0.574,1.495,1.035,66.409
3,1,3.339,2.194,-1.145,0.479,0.456,0.929,1.033,68.444
4,1,5.334,0.514,-4.821,0.808,0.155,0.203,1.050,48.984
5,1,1.749,0.978,-0.771,0.522,0.400,0.740,1.048,50.901
6,1,1.151,0.552,-0.599,0.558,0.370,0.651,1.056,44.405
7,1,1.523,1.684,0.160,0.377,0.532,1.261,1.012,145.925
8,1,1.987,0.605,-1.383,0.595,0.336,0.562,1.057,43.643
9,1,2.169,1.198,-0.971,0.320,0.623,1.835,1.023,92.529
10,1,3.487,1.246,-2.241,0.601,0.343,0.579,1.036,63.790
11,1,1.811,1.348,-0.463,0.468,0.464,0.962,1.033,68.399
12,1,2.246,1.352,-0.894,0.368,0.576,1.507,1.022,94.435
13,1,5.582,3.172,-2.410,0.520,0.425,0.821,1.037,63.080
14,1,4.157,10.027,5.870,0.210,0.741,3.180,1.046,52.944
15,1,1.190,1.221,0.030,0.306,0.637,1.944,1.029,76.112
16,1,4.032,1.643,-2.388,0.519,0.417,0.794,1.031,73.500
17,1,1.112,1.859,0.747,0.182,0.769,3.703,1.010,170.104
18,1,1.087,0.761,-0.327,0.331,0.608,1.722,1.038,60.964
19,1,2.614,5.660,3.046,0.217,0.724,2.906,1.028,80.017
20,1,7.600,5.569,-2.031,0.616,0.326,0.536,1.042,57.103
21,1,1.488,0.368,-1.119,0.610,0.322,0.528,1.054,45.598
22,1,1.149,0.833,-0.317,0.293,0.648,2.042,1.035,65.538
23,1,0.485,0.780,0.295,0.196,0.752,3.358,1.033,69.936
24,1,11.740,1.253,-10.487,0.747,0.209,0.293,1.037,63.509