"","X.4","X.3","X.2","X.1","X","Site","Partition","X.alpha.","X.beta..sup....sup.","p.sup....sup.","X.beta..sup....sup..1","p.sup....sup..1","LRT","p.value","X..branches.under.selection","Total.branch.length","wtnt_codon"
"1",1,1,1,1,1,1,1,0,0,1,0,0,0,1,0,0,"atg"
"2",2,2,2,2,2,2,1,0,0,1,0,0,0,1,0,0,"cac"
"3",3,3,3,3,3,3,1,0,0,1,0,0,0,1,0,0,"gcc"
"4",4,4,4,4,4,4,1,35.34,0,0.02,0,0.98,0,0.67,0,0.72,"atc"
"5",5,5,5,5,5,5,1,0,0,1,0,0,0,1,0,0,"gct"
"6",6,6,6,6,6,6,1,0,0,1,0,0,0,1,0,0,"ccc"
"7",7,7,7,7,7,7,1,0,0,1,0,0,0,1,0,0,"agg"
"8",8,8,8,8,8,8,1,0,0,1,0,0,0,1,0,0,"ttg"
"9",9,9,9,9,9,9,1,0,0,1,0,0,0,1,0,0,"ctt"
"10",10,10,10,10,10,10,1,0,0,1,0,0,0,1,0,0,"ctt"
"11",11,11,11,11,11,11,1,0,0,1,0,0,0,1,0,0,"ctt"
"12",12,12,12,12,12,12,1,0,0,1,0,0,0,1,0,0,"ttt"
"13",13,13,13,13,13,13,1,0,0,1,0,0,0,1,0,0,"gtt"
"14",14,14,14,14,14,14,1,0,0,1,0,0,0,1,0,0,"ctt"
"15",15,15,15,15,15,15,1,0,0,1,0,0,0,1,0,0,"tct"
"16",16,16,16,16,16,16,1,0,0,1,0,0,0,1,0,0,"ggt"
"17",17,17,17,17,17,17,1,0,0,1,0,0,0,1,0,0,"ctt"
"18",18,18,18,18,18,18,1,0,0,1,0,0,0,1,0,0,"ccg"
"19",19,19,19,19,19,19,1,0,0,1,0,0,0,1,0,0,"ggg"
"20",20,20,20,20,20,20,1,0,0,1,0,0,0,1,0,0,"aca"
"21",21,21,21,21,21,21,1,0,0,1,0,0,0,1,0,0,"cgc"
"22",22,22,22,22,22,22,1,0,0,0,6.21,1,0.41,0.45,1,0.31,"ggc"
"23",23,23,23,23,23,23,1,0,0,1,0,0,0,1,0,0,"ggg"
"24",24,24,24,24,24,24,1,0,0,1,0,0,0,1,0,0,"tcg"
"25",25,25,25,25,25,25,1,0,0,1,0,0,0,1,0,0,"ggt"
"26",26,26,26,26,26,26,1,0,0,1,0,0,0,1,0,0,"gtc"
"27",27,27,27,27,27,27,1,0,0,1,0,0,0,1,0,0,"ccc"
"28",28,28,28,28,28,28,1,0,0,1,0,0,0,1,0,0,"gga"
"29",29,29,29,29,29,29,1,0,0,1,0,0,0,1,0,0,"cca"
"30",30,30,30,30,30,30,1,0,0,1,0,0,0,1,0,0,"att"
"31",31,31,31,31,31,31,1,0,0,1,0,0,0,1,0,0,"aat"
"32",32,32,32,32,32,32,1,0,0,1,0,0,0,1,0,0,"ccc"
"33",33,33,33,33,33,33,1,0,0,1,0,0,0,1,0,0,"ccc"
"34",34,34,34,34,34,34,1,0,0,1,0,0,0,1,0,0,"aac"
"35",35,35,35,35,35,35,1,0,0,0,23.95,1,1.21,0.28,4,1.18,"aac"
"36",36,36,36,36,36,36,1,0,0,0.08,5.92,0.92,0.83,0.35,1,0.27,"gat"
"37",37,37,37,37,37,37,1,0,0,1,0,0,0,1,0,0,"gtt"
"38",38,38,38,38,38,38,1,0,0,1,0,0,0,1,0,0,"gtt"
"39",39,39,39,39,39,39,1,0,0,1,0,0,0,1,0,0,"ttc"
"40",40,40,40,40,40,40,1,0,0,1,0,0,0,1,0,0,"ccg"
"41",41,41,41,41,41,41,1,0,0,1,0,0,0,1,0,0,"gga"
"42",42,42,42,42,42,42,1,0,0,1,0,0,0,1,0,0,"ggt"
"43",43,43,43,43,43,43,1,0,0,1,0,0,0,1,0,0,"tcc"
"44",44,44,44,44,44,44,1,0,0,1,0,0,0,1,0,0,"ccc"
"45",45,45,45,45,45,45,1,0,0,1,0,0,0,1,0,0,"gtg"
"46",46,46,46,46,46,46,1,0,0,1,0,0,0,1,0,0,"gct"
"47",47,47,47,47,47,47,1,0,0,1,0,0,0,1,0,0,"caa"
"48",48,48,48,48,48,48,1,0,0,1,0,0,0,1,0,0,"tat"
"49",49,49,49,49,49,49,1,0,0,1,0,0,0,1,0,0,"tgt"
"50",50,50,50,50,50,50,1,0,0,1,0,0,0,1,0,0,"tat"
"51",51,51,51,51,51,51,1,0,0,1,0,0,0,1,0,0,"gcc"
"52",52,52,52,52,52,52,1,0,0,1,0,0,0,1,0,0,"tat"
"53",53,53,53,53,53,53,1,0,0,1,0,0,0,1,0,0,"ccc"
"54",54,54,54,54,54,54,1,0,0,1,0,0,0,1,0,0,"cgg"
"55",55,55,55,55,55,55,1,0,0,1,0,0,0,1,0,0,"ttg"
"56",56,56,56,56,56,56,1,0,0,1,0,0,0,1,0,0,"gac"
"57",57,57,57,57,57,57,1,0,0,1,0,0,0,1,0,0,"gat"
"58",58,58,58,58,58,58,1,0,0,1,0,0,0,1,0,0,"ccc"
"59",59,59,59,59,59,59,1,0,0,1,0,0,0,1,0,0,"ggg"
"60",60,60,60,60,60,60,1,0,0,1,0,0,0,1,0,0,"ccc"
"61",61,61,61,61,61,61,1,0,0,1,0,0,0,1,0,0,"ttg"
"62",62,62,62,62,62,62,1,0,0,1,0,0,0,1,0,0,"ggt"
"63",63,63,63,63,63,63,1,0,0,1,0,0,0,1,0,0,"tcc"
"64",64,64,64,64,64,64,1,0,0,1,0,0,0,1,0,0,"gcg"
"65",65,65,65,65,65,65,1,0,0,1,0,0,0,1,0,0,"gac"
"66",66,66,66,66,66,66,1,0,0,1,0,0,0,1,0,0,"gcc"
"67",67,67,67,67,67,67,1,0,0,1,0,0,0,1,0,0,"ggg"
"68",68,68,68,68,68,68,1,0,0,1,0,0,0,1,0,0,"cgg"
"69",69,69,69,69,69,69,1,0,0,1,0,0,0,1,0,0,"caa"
"70",70,70,70,70,70,70,1,0,0,1,0,0,0,1,0,0,"gac"
"71",71,71,71,71,71,71,1,0,0,0.27,10.91,0.73,1.06,0.31,1,0.39,"ctg"
"72",72,72,72,72,72,72,1,0,0,1,0,0,0,1,0,0,"ccc"
"73",73,73,73,73,73,73,1,0,0,1,0,0,0,1,0,0,"cgg"
"74",74,74,74,74,74,74,1,0,0,1,0,0,0,1,0,0,"cgc"
"75",75,75,75,75,75,75,1,0,0,1,0,0,0,1,0,0,"gtc"
"76",76,76,76,76,76,76,1,0,0,1,0,0,0,1,0,0,"gtc"
"77",77,77,77,77,77,77,1,0,0,1,0,0,0,1,0,0,"cgt"
"78",78,78,78,78,78,78,1,0,0,1,0,0,0,1,0,0,"cac"
"79",79,79,79,79,79,79,1,0,0,1,0,0,0,1,0,0,"gag"
"80",80,80,80,80,80,80,1,0,0,1,0,0,0,1,0,0,"ccc"
"81",81,81,81,81,81,81,1,0,0,1,0,0,0,1,0,0,"ctg"
"82",82,82,82,82,82,82,1,0,0,1,0,0,0,1,0,0,"ggc"
"83",83,83,83,83,83,83,1,0,0,1,0,0,0,1,0,0,"cgc"
"84",84,84,84,84,84,84,1,0,0,1,0,0,0,1,0,0,"tcg"
"85",85,85,85,85,85,85,1,0,0,1,0,0,0,1,0,0,"ttc"
"86",86,86,86,86,86,86,1,0,0,1,0,0,0,1,0,0,"ctc"
"87",87,87,87,87,87,87,1,0,0,1,0,0,0,1,0,0,"acg"
"88",88,88,88,88,88,88,1,0,0,1,0,0,0,1,0,0,"ggg"
"89",89,89,89,89,89,89,1,0,0,1,0,0,0,1,0,0,"ggg"
"90",90,90,90,90,90,90,1,0,0,1,0,0,0,1,0,0,"ctg"
"91",91,91,91,91,91,91,1,0,0,1,0,0,0,1,0,0,"gtt"
"92",92,92,92,92,92,92,1,40.11,0,0.05,0,0.95,0,0.67,0,0.81,"ttg"
"93",93,93,93,93,93,93,1,0,0,1,0,0,0,1,0,0,"ctg"
"94",94,94,94,94,94,94,1,0,0,1,0,0,0,1,0,0,"gcg"
"95",95,95,95,95,95,95,1,0,0,1,0,0,0,1,0,0,"ccg"
"96",96,96,96,96,96,96,1,0,0,1,0,0,0,1,0,0,"ccg"
"97",97,97,97,97,97,97,1,0,0,1,0,0,0,1,0,0,"gta"
"98",98,98,98,98,98,98,1,0,0,1,0,0,0,1,0,0,"cgc"
"99",99,99,99,99,99,99,1,0,0,1,0,0,0,1,0,0,"gga"
"100",100,100,100,100,100,100,1,0,0,1,0,0,0,1,0,0,"ttt"
"101",101,101,101,101,101,101,1,0,0,1,0,0,0,1,0,0,"ggc"
"102",102,102,102,102,102,102,1,0,0,1,0,0,0,1,0,0,"gca"
"103",103,103,103,103,103,103,1,0,0,1,0,0,0,1,0,0,"ccc"
"104",104,104,104,104,104,104,1,0,0,1,0,0,0,1,0,0,"aac"
"105",105,105,105,105,105,105,1,0,0,1,0,0,0,1,0,0,"gca"
"106",106,106,106,106,106,106,1,0,0,1,0,0,0,1,0,0,"acg"
"107",107,107,107,107,107,107,1,0,0,1,0,0,0,1,0,0,"tat"
"108",108,108,108,108,108,108,1,0,0,0.74,32.41,0.26,0.84,0.35,1,0.42,"gcg"
"109",109,109,109,109,109,109,1,0,0,1,0,0,0,1,0,0,"gcc"
"110",110,110,110,110,110,110,1,8.63,8.63,0.15,7.73,0.85,0,0.67,0,0.56,"cgt"
"111",111,111,111,111,111,111,1,0,0,1,0,0,0,1,0,0,"gtg"
"112",112,112,112,112,112,112,1,0,0,1,0,0,0,1,0,0,"acg"
"113",113,113,113,113,113,113,1,0,0,1,0,0,0,1,0,0,"tac"
"114",114,114,114,114,114,114,1,0,0,1,0,0,0,1,0,0,"tac"
"115",115,115,115,115,115,115,1,0,0,1,0,0,0,1,0,0,"cgg"
"116",116,116,116,116,116,116,1,0,0,1,0,0,0,1,0,0,"ctc"
"117",117,117,117,117,117,117,1,0,0,1,0,0,0,1,0,0,"acc"
"118",118,118,118,118,118,118,1,0,0,1,0,0,0,1,0,0,"cgc"
"119",119,119,119,119,119,119,1,0,0,1,0,0,0,1,0,0,"gcc"
"120",120,120,120,120,120,120,1,0,0,1,0,0,0,1,0,0,"tgc"
"121",121,121,121,121,121,121,1,0,0,1,0,0,0,1,0,0,"cgt"
"122",122,122,122,122,122,122,1,0,0,0.55,19.58,0.45,0.57,0.41,1,0.44,"cag"
"123",123,123,123,123,123,123,1,0,0,1,0,0,0,1,0,0,"ccc"
"124",124,124,124,124,124,124,1,0,0,1,0,0,0,1,0,0,"atc"
"125",125,125,125,125,125,125,1,0,0,1,0,0,0,1,0,0,"ctc"
"126",126,126,126,126,126,126,1,0,0,1,0,0,0,1,0,0,"ctt"
"127",127,127,127,127,127,127,1,0,0,1,0,0,0,1,0,0,"cgg"
"128",128,128,128,128,128,128,1,0,0,1,0,0,0,1,0,0,"cag"
"129",129,129,129,129,129,129,1,0,0,1,0,0,0,1,0,0,"tat"
"130",130,130,130,130,130,130,1,0,0,1,0,0,0,1,0,0,"gga"
"131",131,131,131,131,131,131,1,0,0,1,0,0,0,1,0,0,"ggg"
"132",132,132,132,132,132,132,1,0,0,1,0,0,0,1,0,0,"tgt"
"133",133,133,133,133,133,133,1,0,0,1,0,0,0,1,0,0,"cgc"
"134",134,134,134,134,134,134,1,0,0,1,0,0,0,1,0,0,"ggc"
"135",135,135,135,135,135,135,1,23.31,0,0.05,0,0.95,0,0.67,0,0.47,"ggc"
"136",136,136,136,136,136,136,1,0,0,1,0,0,0,1,0,0,"gag"
"137",137,137,137,137,137,137,1,0,0,1,0,0,0,1,0,0,"ccg"
"138",138,138,138,138,138,138,1,0,0,1,0,0,0,1,0,0,"ccg"
"139",139,139,139,139,139,139,1,0,0,1,0,0,0,1,0,0,"tcc"
"140",140,140,140,140,140,140,1,0,0,1,0,0,0,1,0,0,"cca"
"141",141,141,141,141,141,141,1,0,0,1,0,0,0,1,0,0,"aag"
"142",142,142,142,142,142,142,1,0,0,1,0,0,0,1,0,0,"acg"
"143",143,143,143,143,143,143,1,0,0,1,0,0,0,1,0,0,"tgc"
"144",144,144,144,144,144,144,1,61.97,0,0.05,0,0.95,0,0.67,0,1.26,"ggg"
"145",145,145,145,145,145,145,1,0,0,1,0,0,0,1,0,0,"tcg"
"146",146,146,146,146,146,146,1,0,0,1,0,0,0,1,0,0,"tac"
"147",147,147,147,147,147,147,1,0,0,1,0,0,0,1,0,0,"acg"
"148",148,148,148,148,148,148,1,0,0,1,0,0,0,1,0,0,"tac"
"149",149,149,149,149,149,149,1,0,0,1,0,0,0,1,0,0,"acg"
"150",150,150,150,150,150,150,1,0,0,1,0,0,0,1,0,0,"tac"
"151",151,151,151,151,151,151,1,0,0,1,0,0,0,1,0,0,"cag"
"152",152,152,152,152,152,152,1,0,0,1,0,0,0,1,0,0,"ggc"
"153",153,153,153,153,153,153,1,0,0,1,0,0,0,1,0,0,"ggc"
"154",154,154,154,154,154,154,1,0,0,0,6.2,1,0.65,0.39,1,0.31,"ggg"
"155",155,155,155,155,155,155,1,0,0,1,0,0,0,1,0,0,"cct"
"156",156,156,156,156,156,156,1,0,0,1,0,0,0,1,0,0,"ccg"
"157",157,157,157,157,157,157,1,0,0,1,0,0,0,1,0,0,"acc"
"158",158,158,158,158,158,158,1,0,0,1,0,0,0,1,0,0,"cgg"
"159",159,159,159,159,159,159,1,0,0,1,0,0,0,1,0,0,"tac"
"160",160,160,160,160,160,160,1,0,0,1,0,0,0,1,0,0,"gct"
"161",161,161,161,161,161,161,1,0,0,1,0,0,0,1,0,0,"ctc"
"162",162,162,162,162,162,162,1,0,0,1,0,0,0,1,0,0,"gta"
"163",163,163,163,163,163,163,1,0,0,1,0,0,0,1,0,0,"aat"
"164",164,164,164,164,164,164,1,0,0,1,0,0,0,1,0,0,"gct"
"165",165,165,165,165,165,165,1,0,0,1,0,0,0,1,0,0,"tcc"
"166",166,166,166,166,166,166,1,0,0,1,0,0,0,1,0,0,"ctg"
"167",167,167,167,167,167,167,1,0,0,1,0,0,0,1,0,0,"ctg"
"168",168,168,168,168,168,168,1,0,0,1,0,0,0,1,0,0,"gtg"
"169",169,169,169,169,169,169,1,0,0,0.4,19.74,0.6,1.08,0.3,1,0.58,"ccg"
"170",170,170,170,170,170,170,1,0,0,1,0,0,0,1,0,0,"atc"
"171",171,171,171,171,171,171,1,0,0,1,0,0,0,1,0,0,"tgg"
"172",172,172,172,172,172,172,1,0,0,1,0,0,0,1,0,0,"gac"
"173",173,173,173,173,173,173,1,0,0,1,0,0,0,1,0,0,"cgc"
"174",174,174,174,174,174,174,1,26.85,8.9,0.88,4.85,0.12,0,0.67,0,0.96,"gcc"
"175",175,175,175,175,175,175,1,0,0,1,0,0,0,1,0,0,"gcg"
"176",176,176,176,176,176,176,1,0,0,1,0,0,0,1,0,0,"gag"
"177",177,177,177,177,177,177,1,0,0,1,0,0,0,1,0,0,"aca"
"178",178,178,178,178,178,178,1,0,0,1,0,0,0,1,0,0,"ttc"
"179",179,179,179,179,179,179,1,0,0,1,0,0,0,1,0,0,"gag"
"180",180,180,180,180,180,180,1,0,0,1,0,0,0,1,0,0,"tac"
"181",181,181,181,181,181,181,1,0,0,1,0,0,0,1,0,0,"cag"
"182",182,182,182,182,182,182,1,0,0,1,0,0,0,1,0,0,"atc"
"183",183,183,183,183,183,183,1,0,0,1,0,0,0,1,0,0,"gaa"
"184",184,184,184,184,184,184,1,0,0,1,0,0,0,1,0,0,"ctc"
"185",185,185,185,185,185,185,1,27.24,8.08,0.06,6.08,0.94,0,0.67,0,0.86,"ggc"
"186",186,186,186,186,186,186,1,0,0,1,0,0,0,1,0,0,"ggc"
"187",187,187,187,187,187,187,1,0,0,1,0,0,0,1,0,0,"gag"
"188",188,188,188,188,188,188,1,0,0,1,0,0,0,1,0,0,"ctg"
"189",189,189,189,189,189,189,1,0,0,1,0,0,0,1,0,0,"cac"
"190",190,190,190,190,190,190,1,0,0,1,0,0,0,1,0,0,"gtg"
"191",191,191,191,191,191,191,1,0,0,1,0,0,0,1,0,0,"ggt"
"192",192,192,192,192,192,192,1,0,0,1,0,0,0,1,0,0,"ctg"
"193",193,193,193,193,193,193,1,0,0,1,0,0,0,1,0,0,"ttg"
"194",194,194,194,194,194,194,1,0,0,1,0,0,0,1,0,0,"tgg"
"195",195,195,195,195,195,195,1,0,0,1,0,0,0,1,0,0,"gta"
"196",196,196,196,196,196,196,1,0,0,1,0,0,0,1,0,0,"gag"
"197",197,197,197,197,197,197,1,0,0,1,0,0,0,1,0,0,"gtg"
"198",198,198,198,198,198,198,1,0,0,1,0,0,0,1,0,0,"ggc"
"199",199,199,199,199,199,199,1,0,0,1,0,0,0,1,0,0,"ggg"
"200",200,200,200,200,200,200,1,28.42,0,0.01,0,0.99,0,0.67,0,0.58,"gag"
"201",201,201,201,201,201,201,1,0,0,1,0,0,0,1,0,0,"ggc"
"202",202,202,202,202,202,202,1,0,0,1,0,0,0,1,0,0,"ccc"
"203",203,203,203,203,203,203,1,0,0,1,0,0,0,1,0,0,"ggc"
"204",204,204,204,204,204,204,1,0,0,0,99.86,1,5.85,0.02,3,4.93,"ccc"
"205",205,205,205,205,205,205,1,0,0,1,0,0,0,1,0,0,"acc"
"206",206,206,206,206,206,206,1,0,0,1,0,0,0,1,0,0,"gcc"
"207",207,207,207,207,207,207,1,0,0,1,0,0,0,1,0,0,"ccc"
"208",208,208,208,208,208,208,1,0,0,1,0,0,0,1,0,0,"cca"
"209",209,209,209,209,209,209,1,0,0,1,0,0,0,1,0,0,"cag"
"210",210,210,210,210,210,210,1,0,0,1,0,0,0,1,0,0,"gcg"
"211",211,211,211,211,211,211,1,0,0,1,0,0,0,1,0,0,"gcg"
"212",212,212,212,212,212,212,1,0,0,0.75,109.68,0.25,4.19,0.06,2,1.34,"cgt"
"213",213,213,213,213,213,213,1,0,0,1,0,0,0,1,0,0,"gcg"
"214",214,214,214,214,214,214,1,0,0,1,0,0,0,1,0,0,"gag"
"215",215,215,215,215,215,215,1,0,0,1,0,0,0,1,0,0,"ggc"
"216",216,216,216,216,216,216,1,0,0,1,0,0,0,1,0,0,"ggc"
"217",217,217,217,217,217,217,1,0,0,1,0,0,0,1,0,0,"ccg"
"218",218,218,218,218,218,218,1,0,0,1,0,0,0,1,0,0,"tgc"
"219",219,219,219,219,219,219,1,0,0,1,0,0,0,1,0,0,"gtc"
"220",220,220,220,220,220,220,1,0,0,1,0,0,0,1,0,0,"ccc"
"221",221,221,221,221,221,221,1,0,0,1,0,0,0,1,0,0,"ccg"
"222",222,222,222,222,222,222,1,0,0,1,0,0,0,1,0,0,"gtc"
"223",223,223,223,223,223,223,1,0,0,1,0,0,0,1,0,0,"ccc"
"224",224,224,224,224,224,224,1,0,0,1,0,0,0,1,0,0,"gcg"
"225",225,225,225,225,225,225,1,0,0,1,0,0,0,1,0,0,"ggc"
"226",226,226,226,226,226,226,1,28.09,0,0.02,0,0.98,0,0.67,0,0.57,"cgc"
"227",227,227,227,227,227,227,1,0,0,1,0,0,0,1,0,0,"ccg"
"228",228,228,228,228,228,228,1,0,0,0.71,21.88,0.29,0.01,0.64,1,0.32,"tgg"
"229",229,229,229,229,229,229,1,0,0,1,0,0,0,1,0,0,"cgc"
"230",230,230,230,230,230,230,1,0,0,1,0,0,0,1,0,0,"tcg"
"231",231,231,231,231,231,231,1,0,0,1,0,0,0,1,0,0,"gtg"
"232",232,232,232,232,232,232,1,0,0,1,0,0,0,1,0,0,"ccc"
"233",233,233,233,233,233,233,1,0,0,1,0,0,0,1,0,0,"ccg"
"234",234,234,234,234,234,234,1,0,0,1,0,0,0,1,0,0,"gta"
"235",235,235,235,235,235,235,1,0,0,1,0,0,0,1,0,0,"tgg"
"236",236,236,236,236,236,236,1,0,0,1,0,0,0,1,0,0,"tat"
"237",237,237,237,237,237,237,1,0,0,1,0,0,0,1,0,0,"tcc"
"238",238,238,238,238,238,238,1,0,0,1,0,0,0,1,0,0,"gcc"
"239",239,239,239,239,239,239,1,0,0,1,0,0,0,1,0,0,"ccc"
"240",240,240,240,240,240,240,1,0,0,1,0,0,0,1,0,0,"aac"
"241",241,241,241,241,241,241,1,0,0,1,0,0,0,1,0,0,"ccc"
"242",242,242,242,242,242,242,1,0,0,1,0,0,0,1,0,0,"ggg"
"243",243,243,243,243,243,243,1,0,0,1,0,0,0,1,0,0,"ttt"
"244",244,244,244,244,244,244,1,0,0,1,0,0,0,1,0,0,"cgt"
"245",245,245,245,245,245,245,1,0,0,1,0,0,0,1,0,0,"ggc"
"246",246,246,246,246,246,246,1,0,0,1,0,0,0,1,0,0,"ctg"
"247",247,247,247,247,247,247,1,0,0,1,0,0,0,1,0,0,"cgt"
"248",248,248,248,248,248,248,1,0,0,1,0,0,0,1,0,0,"ttc"
"249",249,249,249,249,249,249,1,0,0,1,0,0,0,1,0,0,"cgg"
"250",250,250,250,250,250,250,1,0,0,1,0,0,0,1,0,0,"gag"
"251",251,251,251,251,251,251,1,0,0,1,0,0,0,1,0,0,"cgc"
"252",252,252,252,252,252,252,1,0,0,1,0,0,0,1,0,0,"tgt"
"253",253,253,253,253,253,253,1,0,0,1,0,0,0,1,0,0,"ctg"
"254",254,254,254,254,254,254,1,0,0,1,0,0,0,1,0,0,"ccc"
"255",255,255,255,255,255,255,1,0,0,1,0,0,0,1,0,0,"cca"
"256",256,256,256,256,256,256,1,0,0,1,0,0,0,1,0,0,"cag"
"257",257,257,257,257,257,257,1,0,0,1,0,0,0,1,0,0,"acg"
"258",258,258,258,258,258,258,1,0,0,1,0,0,0,1,0,0,"ccc"
"259",259,259,259,259,259,259,1,0,0,1,0,0,0,1,0,0,"gcc"
"260",260,260,260,260,260,260,1,0,0,1,0,0,0,1,0,0,"gcc"
"261",261,261,261,261,261,261,1,0,0,1,0,0,0,1,0,0,"ccc"
"262",262,262,262,262,262,262,1,0,0,1,0,0,0,1,0,0,"agc"
"263",263,263,263,263,263,263,1,0,0,1,0,0,0,1,0,0,"gac"
"264",264,264,264,264,264,264,1,0,0,1,0,0,0,1,0,0,"cta"
"265",265,265,265,265,265,265,1,0,0,1,0,0,0,1,0,0,"cca"
"266",266,266,266,266,266,266,1,0,0,1,0,0,0,1,0,0,"cgc"
"267",267,267,267,267,267,267,1,0,0,1,0,0,0,1,0,0,"gtc"
"268",268,268,268,268,268,268,1,0,0,1,0,0,0,1,0,0,"gct"
"269",269,269,269,269,269,269,1,0,0,1,0,0,0,1,0,0,"ttt"
"270",270,270,270,270,270,270,1,0,0,1,0,0,0,1,0,0,"gct"
"271",271,271,271,271,271,271,1,0,0,1,0,0,0,1,0,0,"ccc"
"272",272,272,272,272,272,272,1,0,0,1,0,0,0,1,0,0,"cag"
"273",273,273,273,273,273,273,1,0,0,1,0,0,0,1,0,0,"agc"
"274",274,274,274,274,274,274,1,0,0,1,0,0,0,1,0,0,"ctg"
"275",275,275,275,275,275,275,1,0,0,1,0,0,0,1,0,0,"ctg"
"276",276,276,276,276,276,276,1,0,0,1,0,0,0,1,0,0,"gtg"
"277",277,277,277,277,277,277,1,0,0,1,0,0,0,1,0,0,"ggg"
"278",278,278,278,278,278,278,1,0,0,1,0,0,0,1,0,0,"att"
"279",279,279,279,279,279,279,1,0,0,1,0,0,0,1,0,0,"acg"
"280",280,280,280,280,280,280,1,0,0,1,0,0,0,1,0,0,"ggc"
"281",281,281,281,281,281,281,1,0,0,1,0,0,0,1,0,0,"cgc"
"282",282,282,282,282,282,282,1,0,0,1,0,0,0,1,0,0,"acg"
"283",283,283,283,283,283,283,1,0,0,1,0,0,0,1,0,0,"ttt"
"284",284,284,284,284,284,284,1,0,0,1,0,0,0,1,0,0,"att"
"285",285,285,285,285,285,285,1,0,0,1,0,0,0,1,0,0,"cgg"
"286",286,286,286,286,286,286,1,0,0,1,0,0,0,1,0,0,"atg"
"287",287,287,287,287,287,287,1,0,0,1,0,0,0,1,0,0,"gca"
"288",288,288,288,288,288,288,1,0,0,1,0,0,0,1,0,0,"cga"
"289",289,289,289,289,289,289,1,0,0,1,0,0,0,1,0,0,"ccc"
"290",290,290,290,290,290,290,1,0,0,1,0,0,0,1,0,0,"acg"
"291",291,291,291,291,291,291,1,0,0,0.64,39.76,0.36,2.19,0.16,1,0.71,"gaa"
"292",292,292,292,292,292,292,1,0,0,1,0,0,0,1,0,0,"gac"
"293",293,293,293,293,293,293,1,0,0,1,0,0,0,1,0,0,"gtc"
"294",294,294,294,294,294,294,1,0,0,1,0,0,0,1,0,0,"ggg"
"295",295,295,295,295,295,295,1,0,0,1,0,0,0,1,0,0,"gtc"
"296",296,296,296,296,296,296,1,11.41,0,0.11,0,0.89,0,0.67,0,0.23,"ctg"
"297",297,297,297,297,297,297,1,16.4,0,0.02,0,0.98,0,0.67,0,0.33,"ccg"
"298",298,298,298,298,298,298,1,0,0,1,0,0,0,1,0,0,"ccc"
"299",299,299,299,299,299,299,1,0,0,1,0,0,0,1,0,0,"cat"
"300",300,300,300,300,300,300,1,0,0,1,0,0,0,1,0,0,"tgg"
"301",301,301,301,301,301,301,1,0,0,1,0,0,0,1,0,0,"gcc"
"302",302,302,302,302,302,302,1,0,0,1,0,0,0,1,0,0,"ccc"
"303",303,303,303,303,303,303,1,0,0,1,0,0,0,1,0,0,"ggg"
"304",304,304,304,304,304,304,1,0,0,0,8.26,1,0.53,0.42,1,0.41,"gcc"
"305",305,305,305,305,305,305,1,0,0,1,0,0,0,1,0,0,"cta"
"306",306,306,306,306,306,306,1,0,0,0.54,11.9,0.46,0.81,0.35,1,0.27,"gat"
"307",307,307,307,307,307,307,1,0,0,1,0,0,0,1,0,0,"gac"
"308",308,308,308,308,308,308,1,0,0,1,0,0,0,1,0,0,"ggt"
"309",309,309,309,309,309,309,1,0,0,1,0,0,0,1,0,0,"ccg"
"310",310,310,310,310,310,310,1,26.97,0,0.05,0,0.95,0,0.67,0,0.55,"tat"
"311",311,311,311,311,311,311,1,0,0,1,0,0,0,1,0,0,"gcc"
"312",312,312,312,312,312,312,1,0,0,1,0,0,0,1,0,0,"ccc"
"313",313,313,313,313,313,313,1,0,0,1,0,0,0,1,0,0,"ttc"
"314",314,314,314,314,314,314,1,0,0,1,0,0,0,1,0,0,"cca"
"315",315,315,315,315,315,315,1,0,0,1,0,0,0,1,0,0,"ccc"
"316",316,316,316,316,316,316,1,0,0,1,0,0,0,1,0,0,"cgc"
"317",317,317,317,317,317,317,1,0,0,1,0,0,0,1,0,0,"ccg"
"318",318,318,318,318,318,318,1,0,0,1,0,0,0,1,0,0,"cgg"
"319",319,319,319,319,319,319,1,0,0,1,0,0,0,1,0,0,"ttt"
"320",320,320,320,320,320,320,1,0,0,1,0,0,0,1,0,0,"cga"
"321",321,321,321,321,321,321,1,27.18,0,0.05,0,0.95,0,0.67,0,0.55,"cgc"
"322",322,322,322,322,322,322,1,0,0,1,0,0,0,1,0,0,"gcc"
"323",323,323,323,323,323,323,1,0,0,1,0,0,0,1,0,0,"ctg"
"324",324,324,324,324,324,324,1,0,0,1,0,0,0,1,0,0,"cgg"
"325",325,325,325,325,325,325,1,0,0,1,0,0,0,1,0,0,"aca"
"326",326,326,326,326,326,326,1,0,0,1,0,0,0,1,0,0,"gac"
"327",327,327,327,327,327,327,1,0,0,1,0,0,0,1,0,0,"ccc"
"328",328,328,328,328,328,328,1,0,0,0.74,48.96,0.26,0.85,0.35,2,0.64,"gag"
"329",329,329,329,329,329,329,1,0,0,1,0,0,0,1,0,0,"ggg"
"330",330,330,330,330,330,330,1,0,0,1,0,0,0,1,0,0,"gtc"
"331",331,331,331,331,331,331,1,0,0,0.98,1922,0.02,5.99,0.02,1,1.49,"gac"
"332",332,332,332,332,332,332,1,0,0,1,0,0,0,1,0,0,"ccc"
"333",333,333,333,333,333,333,1,0,0,1,0,0,0,1,0,0,"gac"
"334",334,334,334,334,334,334,1,0,0,1,0,0,0,1,0,0,"gtt"
"335",335,335,335,335,335,335,1,0,0,1,0,0,0,1,0,0,"cgg"
"336",336,336,336,336,336,336,1,0,0,1,0,0,0,1,0,0,"gcc"
"337",337,337,337,337,337,337,1,0,0,1,0,0,0,1,0,0,"ccc"
"338",338,338,338,338,338,338,1,0,0,0.04,32.83,0.96,4.9,0.04,3,1.56,"cga"
"339",339,339,339,339,339,339,1,0,0,1,0,0,0,1,0,0,"acc"
"340",340,340,340,340,340,340,1,0,0,1,0,0,0,1,0,0,"ggg"
"341",341,341,341,341,341,341,1,0,0,1,0,0,0,1,0,0,"cgg"
"342",342,342,342,342,342,342,1,0,0,1,0,0,0,1,0,0,"cgc"
"343",343,343,343,343,343,343,1,0,0,1,0,0,0,1,0,0,"ctc"
"344",344,344,344,344,344,344,1,0,0,1,0,0,0,1,0,0,"atg"
"345",345,345,345,345,345,345,1,0,0,1,0,0,0,1,0,0,"gcc"
"346",346,346,346,346,346,346,1,0,0,1,0,0,0,1,0,0,"ttg"
"347",347,347,347,347,347,347,1,0,0,1,0,0,0,1,0,0,"acc"
"348",348,348,348,348,348,348,1,0,0,1,0,0,0,1,0,0,"gag"
"349",349,349,349,349,349,349,1,0,0,0,23.52,1,1.17,0.29,2,1.16,"gac"
"350",350,350,350,350,350,350,1,0,0,1,0,0,0,1,0,0,"gcg"
"351",351,351,351,351,351,351,1,0,0,1,0,0,0,1,0,0,"tcc"
"352",352,352,352,352,352,352,1,0,0,1,0,0,0,1,0,0,"tcc"
"353",353,353,353,353,353,353,1,0,0,1,0,0,0,1,0,0,"gat"
"354",354,354,354,354,354,354,1,0,0,1,0,0,0,1,0,0,"tcg"
"355",355,355,355,355,355,355,1,0,0,1,0,0,0,1,0,0,"cct"
"356",356,356,356,356,356,356,1,0,0,1,0,0,0,1,0,0,"acg"
"357",357,357,357,357,357,357,1,0,0,1,0,0,0,1,0,0,"tcc"
"358",358,358,358,358,358,358,1,0,0,1,0,0,0,1,0,0,"gct"
"359",359,359,359,359,359,359,1,0,0,1,0,0,0,1,0,0,"ccg"
"360",360,360,360,360,360,360,1,0,0,1,0,0,0,1,0,0,"gag"
"361",361,361,361,361,361,361,1,0,0,1,0,0,0,1,0,0,"aag"
"362",362,362,362,362,362,362,1,0,0,1,0,0,0,1,0,0,"acg"
"363",363,363,363,363,363,363,1,0,0,1,0,0,0,1,0,0,"ccc"
"364",364,364,364,364,364,364,1,0,0,1,0,0,0,1,0,0,"ctc"
"365",365,365,365,365,365,365,1,0,0,1,0,0,0,1,0,0,"cct"
"366",366,366,366,366,366,366,1,0,0,1,0,0,0,1,0,0,"gtg"
"367",367,367,367,367,367,367,1,0,0,1,0,0,0,1,0,0,"tcg"
"368",368,368,368,368,368,368,1,0,0,1,0,0,0,1,0,0,"gcc"
"369",369,369,369,369,369,369,1,0,0,1,0,0,0,1,0,0,"acc"
"370",370,370,370,370,370,370,1,0,0,1,0,0,0,1,0,0,"gcc"
"371",371,371,371,371,371,371,1,0,0,1,0,0,0,1,0,0,"atg"
"372",372,372,372,372,372,372,1,16.44,0,0.04,0,0.96,0,0.67,0,0.33,"gcg"
"373",373,373,373,373,373,373,1,0,0,1,0,0,0,1,0,0,"ccc"
"374",374,374,374,374,374,374,1,0,0,1,0,0,0,1,0,0,"tca"
"375",375,375,375,375,375,375,1,27.29,0,0.19,0,0.81,0,0.67,0,0.55,"gtc"
"376",376,376,376,376,376,376,1,0,0,1,0,0,0,1,0,0,"gac"
"377",377,377,377,377,377,377,1,0,0,1,0,0,0,1,0,0,"cca"
"378",378,378,378,378,378,378,1,0,0,1,0,0,0,1,0,0,"agc"
"379",379,379,379,379,379,379,1,0,0,1,0,0,0,1,0,0,"gcg"
"380",380,380,380,380,380,380,1,0,0,1,0,0,0,1,0,0,"gaa"
"381",381,381,381,381,381,381,1,0,0,1,0,0,0,1,0,0,"ccg"
"382",382,382,382,382,382,382,1,0,0,1,0,0,0,1,0,0,"acc"
"383",383,383,383,383,383,383,1,0,0,0.55,18.42,0.45,0.52,0.42,1,0.41,"gcc"
"384",384,384,384,384,384,384,1,0,0,1,0,0,0,1,0,0,"ccc"
"385",385,385,385,385,385,385,1,0,0,0.54,18.28,0.46,1.32,0.26,1,0.41,"gca"
"386",386,386,386,386,386,386,1,0,0,1,0,0,0,1,0,0,"acc"
"387",387,387,387,387,387,387,1,0,0,1,0,0,0,1,0,0,"act"
"388",388,388,388,388,388,388,1,0,0,1,0,0,0,1,0,0,"act"
"389",389,389,389,389,389,389,1,0,0,1,0,0,0,1,0,0,"ccc"
"390",390,390,390,390,390,390,1,0,0,1,0,0,0,1,0,0,"ccc"
"391",391,391,391,391,391,391,1,0,0,1,0,0,0,1,0,0,"gac"
"392",392,392,392,392,392,392,1,0,0,1,0,0,0,1,0,0,"gag"
"393",393,393,393,393,393,393,1,0,0,1,0,0,0,1,0,0,"atg"
"394",394,394,394,394,394,394,1,0,0,1,0,0,0,1,0,0,"gcc"
"395",395,395,395,395,395,395,1,0,0,0.73,22.18,0.27,1.04,0.31,1,0.3,"aca"
"396",396,396,396,396,396,396,1,0,0,1,0,0,0,1,0,0,"caa"
"397",397,397,397,397,397,397,1,0,0,1,0,0,0,1,0,0,"gcc"
"398",398,398,398,398,398,398,1,0,0,1,0,0,0,1,0,0,"gca"
"399",399,399,399,399,399,399,1,0,0,1,0,0,0,1,0,0,"acg"
"400",400,400,400,400,400,400,1,0,0,1,0,0,0,1,0,0,"gtc"
"401",401,401,401,401,401,401,1,0,0,1,0,0,0,1,0,0,"gcc"
"402",402,402,402,402,402,402,1,0,0,1,0,0,0,1,0,0,"gtt"
"403",403,403,403,403,403,403,1,0,0,1,0,0,0,1,0,0,"acg"
"404",404,404,404,404,404,404,1,0,0,1,0,0,0,1,0,0,"ccg"
"405",405,405,405,405,405,405,1,0,0,0.73,48.39,0.27,0.76,0.37,2,0.65,"gag"
"406",406,406,406,406,406,406,1,0,0,1,0,0,0,1,0,0,"gaa"
"407",407,407,407,407,407,407,1,0,0,1,0,0,0,1,0,0,"acg"
"408",408,408,408,408,408,408,1,0,0,1,0,0,0,1,0,0,"gca"
"409",409,409,409,409,409,409,1,0,0,1,0,0,0,1,0,0,"gtc"
"410",410,410,410,410,410,410,1,0,0,1,0,0,0,1,0,0,"gcc"
"411",411,411,411,411,411,411,1,0,0,1,0,0,0,1,0,0,"tcc"
"412",412,412,412,412,412,412,1,16.37,0,0.05,0,0.95,0,0.67,0,0.33,"ccg"
"413",413,413,413,413,413,413,1,0,0,1,0,0,0,1,0,0,"ccc"
"414",414,414,414,414,414,414,1,0,0,1,0,0,0,1,0,0,"gcg"
"415",415,415,415,415,415,415,1,0,0,1,0,0,0,1,0,0,"act"
"416",416,416,416,416,416,416,1,8.75,0,0.02,0,0.98,0,0.67,0,0.18,"gca"
"417",417,417,417,417,417,417,1,0,0,1,0,0,0,1,0,0,"tcc"
"418",418,418,418,418,418,418,1,0,0,1,0,0,0,1,0,0,"gtg"
"419",419,419,419,419,419,419,1,0,0,1,0,0,0,1,0,0,"gag"
"420",420,420,420,420,420,420,1,0,0,1,0,0,0,1,0,0,"tcg"
"421",421,421,421,421,421,421,1,0,0,1,0,0,0,1,0,0,"tcg"
"422",422,422,422,422,422,422,1,0,0,1,0,0,0,1,0,0,"cca"
"423",423,423,423,423,423,423,1,0,0,0,47.55,1,3.06,0.1,4,2.35,"ctc"
"424",424,424,424,424,424,424,1,0,0,1,0,0,0,1,0,0,"ccc"
"425",425,425,425,425,425,425,1,0,0,1,0,0,0,1,0,0,"gcc"
"426",426,426,426,426,426,426,1,0,0,1,0,0,0,1,0,0,"gcg"
"427",427,427,427,427,427,427,1,0,0,1,0,0,0,1,0,0,"gcg"
"428",428,428,428,428,428,428,1,0,0,1,0,0,0,1,0,0,"gca"
"429",429,429,429,429,429,429,1,0,0,1,0,0,0,1,0,0,"acg"
"430",430,430,430,430,430,430,1,0,0,1,0,0,0,1,0,0,"ccc"
"431",431,431,431,431,431,431,1,0,0,1,0,0,0,1,0,0,"ggg"
"432",432,432,432,432,432,432,1,0,0,1,0,0,0,1,0,0,"gcc"
"433",433,433,433,433,433,433,1,0,0,1,0,0,0,1,0,0,"ggg"
"434",434,434,434,434,434,434,1,0,0,1,0,0,0,1,0,0,"cac"
"435",435,435,435,435,435,435,1,0,0,1,0,0,0,1,0,0,"acg"
"436",436,436,436,436,436,436,1,79.24,0,0.05,0,0.95,0,0.67,0,1.61,"aac"
"437",437,437,437,437,437,437,1,0,0,1,0,0,0,1,0,0,"acc"
"438",438,438,438,438,438,438,1,0,0,1,0,0,0,1,0,0,"agc"
"439",439,439,439,439,439,439,1,0,0,1,0,0,0,1,0,0,"agc"
"440",440,440,440,440,440,440,1,0,0,1,0,0,0,1,0,0,"gcc"
"441",441,441,441,441,441,441,1,0,0,0,20.65,1,1.36,0.26,2,1.02,"tcc"
"442",442,442,442,442,442,442,1,0,0,1,0,0,0,1,0,0,"gca"
"443",443,443,443,443,443,443,1,0,0,1,0,0,0,1,0,0,"gcg"
"444",444,444,444,444,444,444,1,0,0,1,0,0,0,1,0,0,"aaa"
"445",445,445,445,445,445,445,1,0,0,1,0,0,0,1,0,0,"acg"
"446",446,446,446,446,446,446,1,0,0,1,0,0,0,1,0,0,"ccc"
"447",447,447,447,447,447,447,1,0,0,1,0,0,0,1,0,0,"ccc"
"448",448,448,448,448,448,448,1,0,0,1,0,0,0,1,0,0,"acc"
"449",449,449,449,449,449,449,1,0,0,1,0,0,0,1,0,0,"aca"
"450",450,450,450,450,450,450,1,0,0,1,0,0,0,1,0,0,"cca"
"451",451,451,451,451,451,451,1,0,0,1,0,0,0,1,0,0,"gcc"
"452",452,452,452,452,452,452,1,0,0,1,0,0,0,1,0,0,"ccc"
"453",453,453,453,453,453,453,1,0,0,1,0,0,0,1,0,0,"acg"
"454",454,454,454,454,454,454,1,0,0,1,0,0,0,1,0,0,"acc"
"455",455,455,455,455,455,455,1,0,0,1,0,0,0,1,0,0,"ccc"
"456",456,456,456,456,456,456,1,0,0,1,0,0,0,1,0,0,"ccg"
"457",457,457,457,457,457,457,1,0,0,1,0,0,0,1,0,0,"ccc"
"458",458,458,458,458,458,458,1,0,0,1,0,0,0,1,0,0,"acg"
"459",459,459,459,459,459,459,1,0,0,1,0,0,0,1,0,0,"tct"
"460",460,460,460,460,460,460,1,0,0,1,0,0,0,1,0,0,"acc"
"461",461,461,461,461,461,461,1,0,0,1,0,0,0,1,0,0,"cac"
"462",462,462,462,462,462,462,1,16.31,0,0.01,0,0.99,0,0.67,0,0.33,"gcg"
"463",463,463,463,463,463,463,1,0,0,1,0,0,0,1,0,0,"acc"
"464",464,464,464,464,464,464,1,0,0,1,0,0,0,1,0,0,"ccc"
"465",465,465,465,465,465,465,1,0,0,0.13,9.22,0.87,0.51,0.43,1,0.4,"cgc"
"466",466,466,466,466,466,466,1,0,0,1,0,0,0,1,0,0,"ccc"
"467",467,467,467,467,467,467,1,16.66,0,0.05,0,0.95,0,0.67,0,0.34,"acg"
"468",468,468,468,468,468,468,1,0,0,1,0,0,0,1,0,0,"act"
"469",469,469,469,469,469,469,1,0,0,1,0,0,0,1,0,0,"ccg"
"470",470,470,470,470,470,470,1,0,0,1,0,0,0,1,0,0,"ggg"
"471",471,471,471,471,471,471,1,0,0,1,0,0,0,1,0,0,"ccc"
"472",472,472,472,472,472,472,1,21.16,0,0.02,0,0.98,0,0.67,0,0.43,"caa"
"473",473,473,473,473,473,473,1,0,0,1,0,0,0,1,0,0,"aca"
"474",474,474,474,474,474,474,1,0,0,1,0,0,0,1,0,0,"acc"
"475",475,475,475,475,475,475,1,0,0,1,0,0,0,1,0,0,"cct"
"476",476,476,476,476,476,476,1,0,0,0.74,46.65,0.26,0.74,0.37,1,0.61,"ccc"
"477",477,477,477,477,477,477,1,0,0,1,0,0,0,1,0,0,"gga"
"478",478,478,478,478,478,478,1,0,0,1,0,0,0,1,0,0,"ccc"
"479",479,479,479,479,479,479,1,0,0,1,0,0,0,1,0,0,"gca"
"480",480,480,480,480,480,480,1,0,0,1,0,0,0,1,0,0,"acc"
"481",481,481,481,481,481,481,1,0,0,1,0,0,0,1,0,0,"ccg"
"482",482,482,482,482,482,482,1,0,0,1,0,0,0,1,0,0,"ggt"
"483",483,483,483,483,483,483,1,0,0,1,0,0,0,1,0,0,"ccg"
"484",484,484,484,484,484,484,1,0,0,1,0,0,0,1,0,0,"gtg"
"485",485,485,485,485,485,485,1,0,0,1,0,0,0,1,0,0,"ggc"
"486",486,486,486,486,486,486,1,0,0,1,0,0,0,1,0,0,"gcc"
"487",487,487,487,487,487,487,1,0,0,1,0,0,0,1,0,0,"tcc"
"488",488,488,488,488,488,488,1,0,0,1,0,0,0,1,0,0,"gcc"
"489",489,489,489,489,489,489,1,29.64,0,0.05,0,0.95,0,0.67,0,0.6,"gcg"
"490",490,490,490,490,490,490,1,0,0,1,0,0,0,1,0,0,"ccc"
"491",491,491,491,491,491,491,1,0,0,1,0,0,0,1,0,0,"acg"
"492",492,492,492,492,492,492,1,0,0,1,0,0,0,1,0,0,"gcc"
"493",493,493,493,493,493,493,1,0,0,1,0,0,0,1,0,0,"gat"
"494",494,494,494,494,494,494,1,0,0,1,0,0,0,1,0,0,"tcc"
"495",495,495,495,495,495,495,1,0,0,1,0,0,0,1,0,0,"ccc"
"496",496,496,496,496,496,496,1,0,0,1,0,0,0,1,0,0,"ctc"
"497",497,497,497,497,497,497,1,0,0,1,0,0,0,1,0,0,"acc"
"498",498,498,498,498,498,498,1,0,0,1,0,0,0,1,0,0,"gcc"
"499",499,499,499,499,499,499,1,0,0,0.75,57.38,0.25,1.41,0.25,2,0.71,"tcg"
"500",500,500,500,500,500,500,1,0,0,1,0,0,0,1,0,0,"ccc"
"501",501,501,501,501,501,501,1,0,0,1,0,0,0,1,0,0,"ccc"
"502",502,502,502,502,502,502,1,0,0,1,0,0,0,1,0,0,"gct"
"503",503,503,503,503,503,503,1,0,0,0.7,20.36,0.3,0.41,0.46,1,0.3,"acc"
"504",504,504,504,504,504,504,1,0,0,1,0,0,0,1,0,0,"gcg"
"505",505,505,505,505,505,505,1,0,0,1,0,0,0,1,0,0,"ccg"
"506",506,506,506,506,506,506,1,0,0,1,0,0,0,1,0,0,"ggg"
"507",507,507,507,507,507,507,1,0,0,1,0,0,0,1,0,0,"ccc"
"508",508,508,508,508,508,508,1,0,0,1,0,0,0,1,0,0,"tcg"
"509",509,509,509,509,509,509,1,0,0,1,0,0,0,1,0,0,"gcc"
"510",510,510,510,510,510,510,1,0,0,1,0,0,0,1,0,0,"gcc"
"511",511,511,511,511,511,511,1,0,0,1,0,0,0,1,0,0,"aac"
"512",512,512,512,512,512,512,1,0,0,1,0,0,0,1,0,0,"gtt"
"513",513,513,513,513,513,513,1,0,0,1,0,0,0,1,0,0,"tcg"
"514",514,514,514,514,514,514,1,0,0,1,0,0,0,1,0,0,"gtc"
"515",515,515,515,515,515,515,1,28.25,17.07,0.49,0,0.51,0,0.67,0,0.99,"gcc"
"516",516,516,516,516,516,516,1,0,0,1,0,0,0,1,0,0,"gcg"
"517",517,517,517,517,517,517,1,0,0,1,0,0,0,1,0,0,"acc"
"518",518,518,518,518,518,518,1,0,0,1,0,0,0,1,0,0,"acc"
"519",519,519,519,519,519,519,1,0,0,1,0,0,0,1,0,0,"gcc"
"520",520,520,520,520,520,520,1,0,0,1,0,0,0,1,0,0,"acg"
"521",521,521,521,521,521,521,1,0,0,1,0,0,0,1,0,0,"ccc"
"522",522,522,522,522,522,522,1,0,0,1,0,0,0,1,0,0,"gga"
"523",523,523,523,523,523,523,1,0,0,1,0,0,0,1,0,0,"acc"
"524",524,524,524,524,524,524,1,0,0,1,0,0,0,1,0,0,"cgg"
"525",525,525,525,525,525,525,1,0,0,1,0,0,0,1,0,0,"ggc"
"526",526,526,526,526,526,526,1,0,0,1,0,0,0,1,0,0,"acc"
"527",527,527,527,527,527,527,1,0,0,1,0,0,0,1,0,0,"gcc"
"528",528,528,528,528,528,528,1,0,0,1,0,0,0,1,0,0,"cgt"
"529",529,529,529,529,529,529,1,0,0,1,0,0,0,1,0,0,"acc"
"530",530,530,530,530,530,530,1,0,0,1,0,0,0,1,0,0,"ccc"
"531",531,531,531,531,531,531,1,0,0,1,0,0,0,1,0,0,"cca"
"532",532,532,532,532,532,532,1,0,0,1,0,0,0,1,0,0,"acg"
"533",533,533,533,533,533,533,1,0,0,1,0,0,0,1,0,0,"gac"
"534",534,534,534,534,534,534,1,0,0,1,0,0,0,1,0,0,"cca"
"535",535,535,535,535,535,535,1,0,0,1,0,0,0,1,0,0,"aag"
"536",536,536,536,536,536,536,1,0,0,1,0,0,0,1,0,0,"acg"
"537",537,537,537,537,537,537,1,0,0,1,0,0,0,1,0,0,"cac"
"538",538,538,538,538,538,538,1,0,0,1,0,0,0,1,0,0,"cca"
"539",539,539,539,539,539,539,1,0,0,1,0,0,0,1,0,0,"cac"
"540",540,540,540,540,540,540,1,0,0,1,0,0,0,1,0,0,"gga"
"541",541,541,541,541,541,541,1,0,0,1,0,0,0,1,0,0,"ccc"
"542",542,542,542,542,542,542,1,0,0,1,0,0,0,1,0,0,"gcg"
"543",543,543,543,543,543,543,1,0,0,1,0,0,0,1,0,0,"gac"
"544",544,544,544,544,544,544,1,0,0,1,0,0,0,1,0,0,"gct"
"545",545,545,545,545,545,545,1,0,0,1,0,0,0,1,0,0,"ccc"
"546",546,546,546,546,546,546,1,0,0,1,0,0,0,1,0,0,"ccc"
"547",547,547,547,547,547,547,1,0,0,1,0,0,0,1,0,0,"ggc"
"548",548,548,548,548,548,548,1,0,0,0.75,0,0.25,0,0.67,0,0,"tcg"
"549",549,549,549,549,549,549,1,0,0,1,0,0,0,1,0,0,"cca"
"550",550,550,550,550,550,550,1,0,0,0,8.34,1,0.54,0.42,1,0.41,"gcc"
"551",551,551,551,551,551,551,1,0,0,1,0,0,0,1,0,0,"ccc"
"552",552,552,552,552,552,552,1,0,0,1,0,0,0,1,0,0,"cca"
"553",553,553,553,553,553,553,1,0,0,1,0,0,0,1,0,0,"ccc"
"554",554,554,554,554,554,554,1,0,0,1,0,0,0,1,0,0,"ccc"
"555",555,555,555,555,555,555,1,0,0,1,0,0,0,1,0,0,"gaa"
"556",556,556,556,556,556,556,1,10.68,0,0.02,0,0.98,0,0.67,0,0.22,"cat"
"557",557,557,557,557,557,557,1,0,0,1,0,0,0,1,0,0,"cgc"
"558",558,558,558,558,558,558,1,0,0,1,0,0,0,1,0,0,"ggc"
"559",559,559,559,559,559,559,1,0,0,1,0,0,0,1,0,0,"gga"
"560",560,560,560,560,560,560,1,0,0,1,0,0,0,1,0,0,"ccc"
"561",561,561,561,561,561,561,1,0,0,1,0,0,0,1,0,0,"gag"
"562",562,562,562,562,562,562,1,0,0,1,0,0,0,1,0,0,"gag"
"563",563,563,563,563,563,563,1,0,0,1,0,0,0,1,0,0,"ttt"
"564",564,564,564,564,564,564,1,0,0,1,0,0,0,1,0,0,"gag"
"565",565,565,565,565,565,565,1,0,0,1,0,0,0,1,0,0,"ggc"
"566",566,566,566,566,566,566,1,0,0,1,0,0,0,1,0,0,"gcc"
"567",567,567,567,567,567,567,1,0,0,1,0,0,0,1,0,0,"ggg"
"568",568,568,568,568,568,568,1,0,0,1,0,0,0,1,0,0,"gac"
"569",569,569,569,569,569,569,1,0,0,1,0,0,0,1,0,0,"ggc"
"570",570,570,570,570,570,570,1,0,0,1,0,0,0,1,0,0,"gaa"
"571",571,571,571,571,571,571,1,0,0,1,0,0,0,1,0,0,"ccc"
"572",572,572,572,572,572,572,1,26.67,13.72,0.82,4.07,0.18,0,0.67,0,1.13,"ccc"
"573",573,573,573,573,573,573,1,0,0,0,12.14,1,0.87,0.34,2,0.6,"gag"
"574",574,574,574,574,574,574,1,0,0,1,0,0,0,1,0,0,"gac"
"575",575,575,575,575,575,575,1,0,0,1,0,0,0,1,0,0,"gac"
"576",576,576,576,576,576,576,1,0,0,1,0,0,0,1,0,0,"gac"
"577",577,577,577,577,577,577,1,0,0,1,0,0,0,1,0,0,"agc"
"578",578,578,578,578,578,578,1,0,0,0,16.52,1,1.06,0.31,2,0.82,"gcc"
"579",579,579,579,579,579,579,1,0,0,1,0,0,0,1,0,0,"acc"
"580",580,580,580,580,580,580,1,0,0,1,0,0,0,1,0,0,"ggc"
"581",581,581,581,581,581,581,1,0,0,1,0,0,0,1,0,0,"ctc"
"582",582,582,582,582,582,582,1,0,0,1,0,0,0,1,0,0,"gcc"
"583",583,583,583,583,583,583,1,0,0,1,0,0,0,1,0,0,"ttc"
"584",584,584,584,584,584,584,1,0,0,0.74,42.11,0.26,1.67,0.22,1,0.55,"cga"
"585",585,585,585,585,585,585,1,8.27,0,0.02,0,0.98,0,0.67,0,0.17,"act"
"586",586,586,586,586,586,586,1,17.47,0,0.09,0,0.91,0,0.67,0,0.35,"ccg"
"587",587,587,587,587,587,587,1,0,0,1,0,0,0,1,0,0,"aac"
"588",588,588,588,588,588,588,1,0,0,1,0,0,0,1,0,0,"ccc"
"589",589,589,589,589,589,589,1,0,0,1,0,0,0,1,0,0,"aac"
"590",590,590,590,590,590,590,1,0,0,1,0,0,0,1,0,0,"aaa"
"591",591,591,591,591,591,591,1,0,0,1,0,0,0,1,0,0,"cca"
"592",592,592,592,592,592,592,1,0,0,1,0,0,0,1,0,0,"ccc"
"593",593,593,593,593,593,593,1,0,0,1,0,0,0,1,0,0,"ccc"
"594",594,594,594,594,594,594,1,17.06,0,0.04,0,0.96,0,0.67,0,0.35,"gcg"
"595",595,595,595,595,595,595,1,0,0,1,0,0,0,1,0,0,"cgc"
"596",596,596,596,596,596,596,1,0,0,1,0,0,0,1,0,0,"ccc"
"597",597,597,597,597,597,597,1,0,0,1,0,0,0,1,0,0,"ggg"
"598",598,598,598,598,598,598,1,0,0,1,0,0,0,1,0,0,"ccc"
"599",599,599,599,599,599,599,1,33.88,0,0.04,0,0.96,0,0.67,0,0.69,"atc"
"600",600,600,600,600,600,600,1,0,0,1,0,0,0,1,0,0,"cgc"
"601",601,601,601,601,601,601,1,0,0,1,0,0,0,1,0,0,"ccc"
"602",602,602,602,602,602,602,1,0,0,1,0,0,0,1,0,0,"acg"
"603",603,603,603,603,603,603,1,0,0,1,0,0,0,1,0,0,"ctc"
"604",604,604,604,604,604,604,1,0,0,1,0,0,0,1,0,0,"ccg"
"605",605,605,605,605,605,605,1,0,0,1,0,0,0,1,0,0,"cca"
"606",606,606,606,606,606,606,1,0,0,1,0,0,0,1,0,0,"gga"
"607",607,607,607,607,607,607,1,0,0,1,0,0,0,1,0,0,"att"
"608",608,608,608,608,608,608,1,8.14,0,0.05,0,0.95,0,0.67,0,0.17,"ctt"
"609",609,609,609,609,609,609,1,0,0,1,0,0,0,1,0,0,"ggg"
"610",610,610,610,610,610,610,1,0,0,1,0,0,0,1,0,0,"ccg"
"611",611,611,611,611,611,611,1,0,0,1,0,0,0,1,0,0,"ctc"
"612",612,612,612,612,612,612,1,0,0,1,0,0,0,1,0,0,"gcc"
"613",613,613,613,613,613,613,1,0,0,1,0,0,0,1,0,0,"ccc"
"614",614,614,614,614,614,614,1,0,0,1,0,0,0,1,0,0,"aac"
"615",615,615,615,615,615,615,1,16.57,10.01,0.58,0,0.42,0,0.67,0,0.62,"acg"
"616",616,616,616,616,616,616,1,8.12,0,0.02,0,0.98,0,0.67,0,0.16,"cct"
"617",617,617,617,617,617,617,1,0,0,0.61,20.94,0.39,0.5,0.43,1,0.4,"cgc"
"618",618,618,618,618,618,618,1,0,0,1,0,0,0,1,0,0,"ccc"
"619",619,619,619,619,619,619,1,0,0,1,0,0,0,1,0,0,"ccc"
"620",620,620,620,620,620,620,1,0,0,0,16.88,1,1.09,0.3,1,0.83,"gcc"
"621",621,621,621,621,621,621,1,0,0,1,0,0,0,1,0,0,"caa"
"622",622,622,622,622,622,622,1,0,0,1,0,0,0,1,0,0,"gct"
"623",623,623,623,623,623,623,1,0,0,1,0,0,0,1,0,0,"ccc"
"624",624,624,624,624,624,624,1,0,0,1,0,0,0,1,0,0,"gct"
"625",625,625,625,625,625,625,1,0,0,1,0,0,0,1,0,0,"aag"
"626",626,626,626,626,626,626,1,0,0,1,0,0,0,1,0,0,"gac"
"627",627,627,627,627,627,627,1,0,0,1,0,0,0,1,0,0,"atg"
"628",628,628,628,628,628,628,1,0,0,1,0,0,0,1,0,0,"ccc"
"629",629,629,629,629,629,629,1,0,0,0.49,13.14,0.51,0.68,0.38,1,0.33,"tcg"
"630",630,630,630,630,630,630,1,0,0,1,0,0,0,1,0,0,"ggc"
"631",631,631,631,631,631,631,1,0,0,1,0,0,0,1,0,0,"ccc"
"632",632,632,632,632,632,632,1,0,0,1,0,0,0,1,0,0,"aca"
"633",633,633,633,633,633,633,1,0,0,1,0,0,0,1,0,0,"ccc"
"634",634,634,634,634,634,634,1,0,0,1,0,0,0,1,0,0,"caa"
"635",635,635,635,635,635,635,1,0,0,1,0,0,0,1,0,0,"cac"
"636",636,636,636,636,636,636,1,0,0,1,0,0,0,1,0,0,"atc"
"637",637,637,637,637,637,637,1,0,0,1,0,0,0,1,0,0,"ccc"
"638",638,638,638,638,638,638,1,0,0,1,0,0,0,1,0,0,"ctg"
"639",639,639,639,639,639,639,1,0,0,1,0,0,0,1,0,0,"ttc"
"640",640,640,640,640,640,640,1,0,0,1,0,0,0,1,0,0,"tgg"
"641",641,641,641,641,641,641,1,0,0,1,0,0,0,1,0,0,"ttc"
"642",642,642,642,642,642,642,1,0,0,1,0,0,0,1,0,0,"cta"
"643",643,643,643,643,643,643,1,0,0,1,0,0,0,1,0,0,"acg"
"644",644,644,644,644,644,644,1,0,0,1,0,0,0,1,0,0,"gcc"
"645",645,645,645,645,645,645,1,0,0,1,0,0,0,1,0,0,"tcc"
"646",646,646,646,646,646,646,1,0,0,1,0,0,0,1,0,0,"cct"
"647",647,647,647,647,647,647,1,8.17,0,0.01,0,0.99,0,0.67,0,0.17,"gct"
"648",648,648,648,648,648,648,1,0,0,1,0,0,0,1,0,0,"cta"
"649",649,649,649,649,649,649,1,0,0,1,0,0,0,1,0,0,"gat"
"650",650,650,650,650,650,650,1,0,0,1,0,0,0,1,0,0,"atc"
"651",651,651,651,651,651,651,1,0,0,1,0,0,0,1,0,0,"ctc"
"652",652,652,652,652,652,652,1,0,0,1,0,0,0,1,0,0,"ttt"
"653",653,653,653,653,653,653,1,0,0,1,0,0,0,1,0,0,"atc"
"654",654,654,654,654,654,654,1,0,0,1,0,0,0,1,0,0,"atc"
"655",655,655,655,655,655,655,1,0,0,1,0,0,0,1,0,0,"agc"
"656",656,656,656,656,656,656,1,0,0,1,0,0,0,1,0,0,"acc"
"657",657,657,657,657,657,657,1,0,0,1,0,0,0,1,0,0,"acc"
"658",658,658,658,658,658,658,1,0,0,1,0,0,0,1,0,0,"atc"
"659",659,659,659,659,659,659,1,0,0,1,0,0,0,1,0,0,"cac"
"660",660,660,660,660,660,660,1,0,0,1,0,0,0,1,0,0,"acg"
"661",661,661,661,661,661,661,1,0,0,1,0,0,0,1,0,0,"gcg"
"662",662,662,662,662,662,662,1,0,0,1,0,0,0,1,0,0,"gcg"
"663",663,663,663,663,663,663,1,0,0,1,0,0,0,1,0,0,"ttc"
"664",664,664,664,664,664,664,1,0,0,1,0,0,0,1,0,0,"gtt"
"665",665,665,665,665,665,665,1,0,0,1,0,0,0,1,0,0,"tgt"
"666",666,666,666,666,666,666,1,0,0,1,0,0,0,1,0,0,"ctg"
"667",667,667,667,667,667,667,1,0,0,1,0,0,0,1,0,0,"gtc"
"668",668,668,668,668,668,668,1,0,0,1,0,0,0,1,0,0,"gcc"
"669",669,669,669,669,669,669,1,0,0,1,0,0,0,1,0,0,"ttg"
"670",670,670,670,670,670,670,1,0,0,1,0,0,0,1,0,0,"gca"
"671",671,671,671,671,671,671,1,0,0,1,0,0,0,1,0,0,"gca"
"672",672,672,672,672,672,672,1,0,0,1,0,0,0,1,0,0,"caa"
"673",673,673,673,673,673,673,1,0,0,1,0,0,0,1,0,0,"ctt"
"674",674,674,674,674,674,674,1,0,0,1,0,0,0,1,0,0,"tgg"
"675",675,675,675,675,675,675,1,0,0,1,0,0,0,1,0,0,"cgc"
"676",676,676,676,676,676,676,1,0,0,1,0,0,0,1,0,0,"ggc"
"677",677,677,677,677,677,677,1,0,0,1,0,0,0,1,0,0,"cgg"
"678",678,678,678,678,678,678,1,0,0,1,0,0,0,1,0,0,"gcg"
"679",679,679,679,679,679,679,1,0,0,1,0,0,0,1,0,0,"ggg"
"680",680,680,680,680,680,680,1,0,0,1,0,0,0,1,0,0,"cgc"
"681",681,681,681,681,681,681,1,0,0,1,0,0,0,1,0,0,"agg"
"682",682,682,682,682,682,682,1,0,0,1,0,0,0,1,0,0,"cga"
"683",683,683,683,683,683,683,1,0,0,1,0,0,0,1,0,0,"tac"
"684",684,684,684,684,684,684,1,0,0,1,0,0,0,1,0,0,"gcg"
"685",685,685,685,685,685,685,1,0,0,1,0,0,0,1,0,0,"cac"
"686",686,686,686,686,686,686,1,0,0,1,0,0,0,1,0,0,"ccg"
"687",687,687,687,687,687,687,1,0,0,1,0,0,0,1,0,0,"agc"
"688",688,688,688,688,688,688,1,0,0,1,0,0,0,1,0,0,"gtg"
"689",689,689,689,689,689,689,1,0,0,1,0,0,0,1,0,0,"cgt"
"690",690,690,690,690,690,690,1,0,0,1,0,0,0,1,0,0,"tac"
"691",691,691,691,691,691,691,1,0,0,1,0,0,0,1,0,0,"gta"
"692",692,692,692,692,692,692,1,0,0,1,0,0,0,1,0,0,"tgt"
"693",693,693,693,693,693,693,1,0,0,1,0,0,0,1,0,0,"ctg"
"694",694,694,694,694,694,694,1,0,0,1,0,0,0,1,0,0,"cca"
"695",695,695,695,695,695,695,1,0,0,1,0,0,0,1,0,0,"ccc"
"696",696,696,696,696,696,696,1,0,0,1,0,0,0,1,0,0,"gag"
"697",697,697,697,697,697,697,1,0,0,1,0,0,0,1,0,0,"cgg"
"698",698,698,698,698,698,698,1,0,0,0.67,16.64,0.33,0.83,0.35,1,0.27,"gat"
