"","X.16","X.15","X.14","X.13","X.12","X.11","X.10","X.9","X.8","X.7","X.6","X.5","X.4","X.3","X.2","X.1","X","Site","Partition","X.alpha.","X.beta..sup....sup.","p.sup....sup.","X.beta..sup....sup..1","p.sup....sup..1","LRT","p.value","X..branches.under.selection","Total.branch.length","wtnt_codon","consensus_codon","consensus_AA","potential_CpG","makesCpG"
"1",1,1,1,1,1,1,1,1,1,1,1,1,1,1,1,1,1,1,1,0.79,0.79,0,1.08,1,0.08,0.58,0,2.11,"atg","atg","M","no",1
"2",2,2,2,2,2,2,2,2,2,2,2,2,2,2,2,2,2,2,1,0.88,0,0.01,0,0.99,0,0.67,0,0.54,"ggt","ggt","G","no",0
"3",3,3,3,3,3,3,3,3,3,3,3,3,3,3,3,3,3,3,1,1.24,0,0.02,0,0.98,0,0.67,0,0.76,"ctt","ctt","L","no",0
"4",4,4,4,4,4,4,4,4,4,4,4,4,4,4,4,4,4,4,1,0,0,1,0,0,0,1,0,0,"cct","cct","P","no",1
"5",5,5,5,5,5,5,5,5,5,5,5,5,5,5,5,5,5,5,1,0.45,0.34,0.6,0,0.4,0,0.67,0,0.58,"gac","gac","D","yes",0
"6",6,6,6,6,6,6,6,6,6,6,6,6,6,6,6,6,6,6,1,1.54,0,0.02,0,0.98,0,0.67,0,0.94,"ttg","ttg","L","no",1
"7",7,7,7,7,7,7,7,7,7,7,7,7,7,7,7,7,7,7,1,1.4,1.4,0.16,0,0.84,0,0.67,0,1.2,"aca","aca","T","no",1
"8",8,8,8,8,8,8,8,8,8,8,8,8,8,8,8,8,8,8,1,0.61,0.52,0.43,0,0.57,0,0.67,0,0.71,"ctt","ctt","L","no",0
"9",9,9,9,9,9,9,9,9,9,9,9,9,9,9,9,9,9,9,1,1.07,0,0.02,0,0.98,0,0.67,0,0.66,"caa","caa","Q","yes",1
"10",10,10,10,10,10,10,10,10,10,10,10,10,10,10,10,10,10,10,1,0,0,1,0,0,0,1,0,0,"gca","gca","A","no",1
"11",11,11,11,11,11,11,11,11,11,11,11,11,11,11,11,11,11,11,1,0,0,1,0,0,0,1,0,0,"atg","atg","M","no",1
"12",12,12,12,12,12,12,12,12,12,12,12,12,12,12,12,12,12,12,1,1.08,0,0.14,0,0.86,0,0.67,0,0.66,"ttt","ttt","F","yes",1
"13",13,13,13,13,13,13,13,13,13,13,13,13,13,13,13,13,13,13,1,1.55,0,0.02,0,0.98,0,0.67,0,0.95,"gta","gta","V","no",0
"14",14,14,14,14,14,14,14,14,14,14,14,14,14,14,14,14,14,14,1,0.34,0,0.05,0,0.95,0,0.67,0,0.21,"ccc","ccc","P","no",0
"15",15,15,15,15,15,15,15,15,15,15,15,15,15,15,15,15,15,15,1,0.6,0,0.03,0,0.97,0,0.67,0,0.37,"act","act","T","no",1
"16",16,16,16,16,16,16,16,16,16,16,16,16,16,16,16,16,16,16,1,0.6,0,0.01,0,0.99,0,0.67,0,0.37,"ggt","ggt","G","no",1
"17",17,17,17,17,17,17,17,17,17,17,17,17,17,17,17,17,17,17,1,1.16,0,0.09,0,0.91,0,0.67,0,0.71,"gct","gct","A","no",0
"18",18,18,18,18,18,18,18,18,18,18,18,18,18,18,18,18,18,18,1,1.24,0,0.02,0,0.98,0,0.67,0,0.76,"ctt","ctt","L","no",0
"19",19,19,19,19,19,19,19,19,19,19,19,19,19,19,19,19,19,19,1,0.94,0,0.01,0,0.99,0,0.67,0,0.57,"acc","acc","T","no",0
"20",20,20,20,20,20,20,20,20,20,20,20,20,20,20,20,20,20,20,1,0,0,1,0,0,0,1,0,0,"cca","cca","P","no",1
"21",21,21,21,21,21,21,21,21,21,21,21,21,21,21,21,21,21,21,1,0.18,0.18,1,0.06,0,0,0.67,0,0.39,"gaa","gaa","E","yes",0
"22",22,22,22,22,22,22,22,22,22,22,22,22,22,22,22,22,22,22,1,0.68,0.54,0.51,0,0.49,0,0.67,0,0.83,"aag","aag","K","yes",0
"23",23,23,23,23,23,23,23,23,23,23,23,23,23,23,23,23,23,23,1,1.6,0,0.03,0,0.97,0,0.67,0,0.98,"cag","cag","Q","yes",1
"24",24,24,24,24,24,24,24,24,24,24,24,24,24,24,24,24,24,24,1,1.39,0,0.02,0,0.98,0,0.67,0,0.85,"gat","gat","D","yes",0
"25",25,25,25,25,25,25,25,25,25,25,25,25,25,25,25,25,25,25,1,1.56,0,0.14,0,0.86,0,0.67,0,0.95,"tca","tca","S","no",1
"26",26,26,26,26,26,26,26,26,26,26,26,26,26,26,26,26,26,26,1,0.45,0,0.02,0,0.98,0,0.67,0,0.27,"ttc","ttc","F","yes",0
"27",27,27,27,27,27,27,27,27,27,27,27,27,27,27,27,27,27,27,1,1.18,0,0.11,0,0.89,0,0.67,0,0.72,"cac","cac","H","yes",1
"28",28,28,28,28,28,28,28,28,28,28,28,28,28,28,28,28,28,28,1,0,0,1,0,0,0,1,0,0,"tgg","tgg","W","no",1
"29",29,29,29,29,29,29,29,29,29,29,29,29,29,29,29,29,29,29,1,1.02,0,0.02,0,0.98,0,0.67,0,0.63,"cag","cag","Q","yes",1
"30",30,30,30,30,30,30,30,30,30,30,30,30,30,30,30,30,30,30,1,0,0,1,0,0,0,1,0,0,"tca","tca","S","no",1
"31",31,31,31,31,31,31,31,31,31,31,31,31,31,31,31,31,31,31,1,0.6,0.58,0.68,0.54,0.32,0,0.67,0,1.22,"ggt","ggt","G","no",0
"32",32,32,32,32,32,32,32,32,32,32,32,32,32,32,32,32,32,32,1,1.43,0,0.01,0,0.99,0,0.67,0,0.88,"agt","agt","S","no",0
"33",33,33,33,33,33,33,33,33,33,33,33,33,33,33,33,33,33,33,1,0,0,1,0,0,0,1,0,0,"aat","aat","N","yes",1
"34",34,34,34,34,34,34,34,34,34,34,34,34,34,34,34,34,34,34,1,3.35,0,0.11,0,0.89,0,0.67,0,2.05,"gct","gct","A","no",0
"35",35,35,35,35,35,35,35,35,35,35,35,35,35,35,35,35,35,35,1,1.33,0,0.05,0,0.95,0,0.67,0,0.81,"agt","agt","S","no",1
"36",36,36,36,36,36,36,36,36,36,36,36,36,36,36,36,36,36,36,1,0.56,0.56,0.37,0,0.63,0,0.67,0,0.65,"gta","gta","V","no",0
"37",37,37,37,37,37,37,37,37,37,37,37,37,37,37,37,37,37,37,1,1.38,0,0.01,0,0.99,0,0.67,0,0.85,"ttc","ttc","F","yes",0
"38",38,38,38,38,38,38,38,38,38,38,38,38,38,38,38,38,38,38,1,1.88,0.27,0.07,0.24,0.93,0,0.67,0,1.52,"ttt","ttt","F","yes",0
"39",39,39,39,39,39,39,39,39,39,39,39,39,39,39,39,39,39,39,1,0,0,1,0,0,0,1,0,0,"aaa","aaa","K","yes",0
"40",40,40,40,40,40,40,40,40,40,40,40,40,40,40,40,40,40,40,1,1.28,0.6,0.42,0,0.58,0,0.67,0,1.17,"att","att","I","no",0
"41",41,41,41,41,41,41,41,41,41,41,41,41,41,41,41,41,41,41,1,0,0,1,0,0,0,1,0,0,"tct","tct","S","no",1
"42",42,42,42,42,42,42,42,42,42,42,42,42,42,42,42,42,42,42,1,0.94,0,0.02,0,0.98,0,0.67,0,0.57,"gac","gac","D","yes",0
"43",43,43,43,43,43,43,43,43,43,43,43,43,43,43,43,43,43,43,1,1.05,0,0.03,0,0.97,0,0.67,0,0.64,"ccc","ccc","P","no",0
"44",44,44,44,44,44,44,44,44,44,44,44,44,44,44,44,44,44,44,1,0,0,1,0,0,0,1,0,0,"cca","cca","P","no",1
"45",45,45,45,45,45,45,45,45,45,45,45,45,45,45,45,45,45,45,1,0,0,1,0,0,0,1,0,0,"gcc","gcc","A","no",0
"46",46,46,46,46,46,46,46,46,46,46,46,46,46,46,46,46,46,46,1,0.9,0,0.05,0,0.95,0,0.67,0,0.55,"aga","aga","R","no",1
"47",47,47,47,47,47,47,47,47,47,47,47,47,47,47,47,47,47,47,1,0.21,0.21,0.7,0,0.3,0,0.67,0,0.35,"atg","atg","M","no",1
"48",48,48,48,48,48,48,48,48,48,48,48,48,48,48,48,48,48,48,1,0.44,0,0.02,0,0.98,0,0.67,0,0.27,"acc","acc","T","no",0
"49",49,49,49,49,49,49,49,49,49,49,49,49,49,49,49,49,49,49,1,3.01,0,0.2,0,0.8,0,0.67,0,1.84,"ata","ata","I","no",1
"50",50,50,50,50,50,50,50,50,50,50,50,50,50,50,50,50,50,50,1,0,0,1,0,0,0,1,0,0,"cct","cct","P","no",0
"51",51,51,51,51,51,51,51,51,51,51,51,51,51,51,51,51,51,51,1,0,0,1,0,0,0,1,0,0,"ttt","ttt","F","yes",0
"52",52,52,52,52,52,52,52,52,52,52,52,52,52,52,52,52,52,52,1,0,0,1,0,0,0,1,0,0,"atg","atg","M","no",1
"53",53,53,53,53,53,53,53,53,53,53,53,53,53,53,53,53,53,53,1,0.55,0,0.02,0,0.98,0,0.67,0,0.34,"tgc","tgc","C","yes",1
"54",54,54,54,54,54,54,54,54,54,54,54,54,54,54,54,54,54,54,1,0.62,0,0.01,0,0.99,0,0.67,0,0.38,"att","att","I","no",1
"55",55,55,55,55,55,55,55,55,55,55,55,55,55,55,55,55,55,55,1,0,0,1,0,0,0,1,0,0,"aac","aac","N","yes",0
"56",56,56,56,56,56,56,56,56,56,56,56,56,56,56,56,56,56,56,1,0,0,1,0,0,0,1,0,0,"tca","tca","S","no",1
"57",57,57,57,57,57,57,57,57,57,57,57,57,57,57,57,57,57,57,1,0,0,1,0,0,0,1,0,0,"gca","gca","A","no",1
"58",58,58,58,58,58,58,58,58,58,58,58,58,58,58,58,58,58,58,1,0.52,0,0.01,0,0.99,0,0.67,0,0.32,"tac","tac","Y","yes",0
"59",59,59,59,59,59,59,59,59,59,59,59,59,59,59,59,59,59,59,1,0,0,1,0,0,0,1,0,0,"tca","tca","S","no",1
"60",60,60,60,60,60,60,60,60,60,60,60,60,60,60,60,60,60,60,1,1.24,0.61,0.05,0.41,0.95,0,0.67,0,1.4,"gtt","gtt","V","no",0
"61",61,61,61,61,61,61,61,61,61,61,61,61,61,61,61,61,61,61,1,1.42,0,0.1,0,0.9,0,0.67,0,0.87,"ttt","ttt","F","yes",0
"62",62,62,62,62,62,62,62,62,62,62,62,62,62,62,62,62,62,62,1,0,0,1,0,0,0,1,0,0,"tat","tat","Y","yes",1
"63",63,63,63,63,63,63,63,63,63,63,63,63,63,63,63,63,63,63,1,0.68,0,0.02,0,0.98,0,0.67,0,0.42,"gat","gat","D","yes",1
"64",64,64,64,64,64,64,64,64,64,64,64,64,64,64,64,64,64,64,1,0.34,0,0.11,0,0.89,0,0.67,0,0.21,"ggc","ggc","G","no",0
"65",65,65,65,65,65,65,65,65,65,65,65,65,65,65,65,65,65,65,1,0,0,1,0,0,0,1,0,0,"ttt","ttt","F","yes",1
"66",66,66,66,66,66,66,66,66,66,66,66,66,66,66,66,66,66,66,1,0.54,0,0.02,0,0.98,0,0.67,0,0.33,"gct","gct","A","no",1
"67",67,67,67,67,67,67,67,67,67,67,67,67,67,67,67,67,67,67,1,0.77,0,0.02,0,0.98,0,0.67,0,0.47,"gga","gga","G","no",0
"68",68,68,68,68,68,68,68,68,68,68,68,68,68,68,68,68,68,68,1,0.68,0,0.02,0,0.98,0,0.67,0,0.42,"ttt","ttt","F","yes",1
"69",69,69,69,69,69,69,69,69,69,69,69,69,69,69,69,69,69,69,1,0,0,1,0,0,0,1,0,0,"gag","gag","E","yes",0
"70",70,70,70,70,70,70,70,70,70,70,70,70,70,70,70,70,70,70,1,1.12,0,0.01,0,0.99,0,0.67,0,0.68,"aaa","aaa","K","yes",0
"71",71,71,71,71,71,71,71,71,71,71,71,71,71,71,71,71,71,71,1,0,0,0,1.29,1,3.21,0.1,2,1.93,"agt","agt","S","no",1
"72",72,72,72,72,72,72,72,72,72,72,72,72,72,72,72,72,72,72,1,1.19,0,0.02,0,0.98,0,0.67,0,0.73,"ggt","ggt","G","no",0
"73",73,73,73,73,73,73,73,73,73,73,73,73,73,73,73,73,73,73,1,0.5,0,0.11,0,0.89,0,0.67,0,0.3,"ctg","ctg","L","no",1
"74",74,74,74,74,74,74,74,74,74,74,74,74,74,74,74,74,74,74,1,0.69,0,0.14,0,0.86,0,0.67,0,0.42,"tat","tat","Y","yes",1
"75",75,75,75,75,75,75,75,75,75,75,75,75,75,75,75,75,75,75,1,0.75,0,0.02,0,0.98,0,0.67,0,0.46,"gga","gga","G","no",0
"76",76,76,76,76,76,76,76,76,76,76,76,76,76,76,76,76,76,76,1,0,0,1,0,0,0,1,0,0,"ata","ata","I","no",0
"77",77,77,77,77,77,77,77,77,77,77,77,77,77,77,77,77,77,77,1,2.28,0,0.02,0,0.98,0,0.67,0,1.39,"aat","aat","N","yes",0
"78",78,78,78,78,78,78,78,78,78,78,78,78,78,78,78,78,78,78,1,0.78,0,0.02,0,0.98,0,0.67,0,0.48,"cca","cca","P","no",1
"79",79,79,79,79,79,79,79,79,79,79,79,79,79,79,79,79,79,79,1,1.81,0,0.05,0,0.95,0,0.67,0,1.11,"gct","gct","A","no",1
"80",80,80,80,80,80,80,80,80,80,80,80,80,80,80,80,80,80,80,1,1.91,0,0.01,0,0.99,0,0.67,0,1.17,"gac","gac","D","yes",0
"81",81,81,81,81,81,81,81,81,81,81,81,81,81,81,81,81,81,81,1,2.74,0,0.02,0,0.98,0,0.67,0,1.67,"acc","acc","T","no",1
"82",82,82,82,82,82,82,82,82,82,82,82,82,82,82,82,82,82,82,1,1.73,0.22,0.33,0.23,0.67,0,0.67,0,1.39,"atc","atc","I","no",1
"83",83,83,83,83,83,83,83,83,83,83,83,83,83,83,83,83,83,83,1,0.83,0,0.02,0,0.98,0,0.67,0,0.51,"ggt","ggt","G","no",0
"84",84,84,84,84,84,84,84,84,84,84,84,84,84,84,84,84,84,84,1,1.48,0.26,0.34,0.23,0.66,0,0.67,0,1.26,"aac","aac","N","yes",0
"85",85,85,85,85,85,85,85,85,85,85,85,85,85,85,85,85,85,85,1,0.43,0,0.01,0,0.99,0,0.67,0,0.27,"tta","tta","L","no",0
"86",86,86,86,86,86,86,86,86,86,86,86,86,86,86,86,86,86,86,1,2.4,0,0.02,0,0.98,0,0.67,0,1.46,"tgt","tgt","C","yes",1
"87",87,87,87,87,87,87,87,87,87,87,87,87,87,87,87,87,87,87,1,1.84,0,0.03,0,0.97,0,0.67,0,1.12,"gtc","gtc","V","no",0
"88",88,88,88,88,88,88,88,88,88,88,88,88,88,88,88,88,88,88,1,0.87,0,0.01,0,0.99,0,0.67,0,0.53,"aga","aga","R","no",1
"89",89,89,89,89,89,89,89,89,89,89,89,89,89,89,89,89,89,89,1,0,0,1,0,0,0,1,0,0,"ata","ata","I","no",0
"90",90,90,90,90,90,90,90,90,90,90,90,90,90,90,90,90,90,90,1,0,0,1,0,0,0,1,0,0,"gtg","gtg","V","no",1
"91",91,91,91,91,91,91,91,91,91,91,91,91,91,91,91,91,91,91,1,0,0,1,0,0,0,1,0,0,"aat","aat","N","yes",1
"92",92,92,92,92,92,92,92,92,92,92,92,92,92,92,92,92,92,92,1,1.5,0,0.05,0,0.95,0,0.67,0,0.92,"gaa","gaa","E","yes",0
"93",93,93,93,93,93,93,93,93,93,93,93,93,93,93,93,93,93,93,1,0.45,0,0.02,0,0.98,0,0.67,0,0.27,"cac","cac","H","yes",1
"94",94,94,94,94,94,94,94,94,94,94,94,94,94,94,94,94,94,94,1,2.52,0,0.03,0,0.97,0,0.67,0,1.54,"caa","caa","Q","yes",1
"95",95,95,95,95,95,95,95,95,95,95,95,95,95,95,95,95,95,95,1,0,0,1,0,0,0,1,0,0,"cca","cca","P","no",1
"96",96,96,96,96,96,96,96,96,96,96,96,96,96,96,96,96,96,96,1,0.61,0.54,0.79,0.35,0.21,0,0.67,0,1.12,"att","att","I","no",1
"97",97,97,97,97,97,97,97,97,97,97,97,97,97,97,97,97,97,97,1,1.23,0.19,0.05,0.19,0.95,0,0.67,0,1.03,"ggt","ggt","G","no",0
"98",98,98,98,98,98,98,98,98,98,98,98,98,98,98,98,98,98,98,1,2.19,0.99,0.26,0,0.74,0,0.67,0,1.72,"ttt","ttt","F","yes",0
"99",99,99,99,99,99,99,99,99,99,99,99,99,99,99,99,99,99,99,1,0.76,0.73,0.52,0.15,0.48,0,0.67,0,1.14,"aca","aca","T","no",1
"100",100,100,100,100,100,100,100,100,100,100,100,100,100,100,100,100,100,100,1,0.76,0,0.01,0,0.99,0,0.67,0,0.46,"gta","gta","V","no",0
"101",101,101,101,101,101,101,101,101,101,101,101,101,101,101,101,101,101,101,1,1.89,0,0.05,0,0.95,0,0.67,0,1.16,"acc","acc","T","no",0
"102",102,102,102,102,102,102,102,102,102,102,102,102,102,102,102,102,102,102,1,2.13,2.13,0.11,0,0.89,0,0.67,0,1.65,"gtg","gtg","V","no",1
"103",103,103,103,103,103,103,103,103,103,103,103,103,103,103,103,103,103,103,1,1.33,0,0.04,0,0.96,0,0.67,0,0.81,"agg","agg","R","no",0
"104",104,104,104,104,104,104,104,104,104,104,104,104,104,104,104,104,104,104,1,0,0,1,0,0,0,1,0,0,"gtt","gtt","V","no",0
"105",105,105,105,105,105,105,105,105,105,105,105,105,105,105,105,105,105,105,1,1.42,0,0.02,0,0.98,0,0.67,0,0.87,"tac","tac","Y","yes",0
"106",106,106,106,106,106,106,106,106,106,106,106,106,106,106,106,106,106,106,1,0,0,1,0,0,0,1,0,0,"atg","atg","M","no",1
"107",107,107,107,107,107,107,107,107,107,107,107,107,107,107,107,107,107,107,1,2.09,0,0.02,0,0.98,0,0.67,0,1.28,"aag","aag","K","yes",0
"108",108,108,108,108,108,108,108,108,108,108,108,108,108,108,108,108,108,108,1,0.6,0,0.05,0,0.95,0,0.67,0,0.37,"cct","cct","P","no",0
"109",109,109,109,109,109,109,109,109,109,109,109,109,109,109,109,109,109,109,1,0,0,1,0,0,0,1,0,0,"aaa","aaa","K","yes",0
"110",110,110,110,110,110,110,110,110,110,110,110,110,110,110,110,110,110,110,1,0.45,0,0.01,0,0.99,0,0.67,0,0.27,"cac","cac","H","yes",1
"111",111,111,111,111,111,111,111,111,111,111,111,111,111,111,111,111,111,111,1,0.38,0.38,1,0.35,0,0,0.67,0,0.81,"ata","ata","I","no",1
"112",112,112,112,112,112,112,112,112,112,112,112,112,112,112,112,112,112,112,1,1.09,0,0.05,0,0.95,0,0.67,0,0.67,"aaa","aaa","K","yes",0
"113",113,113,113,113,113,113,113,113,113,113,113,113,113,113,113,113,113,113,1,0.75,0,0.01,0,0.99,0,0.67,0,0.46,"gca","gca","A","no",1
"114",114,114,114,114,114,114,114,114,114,114,114,114,114,114,114,114,114,114,1,0,0,0,0.34,1,0.04,0.61,1,0.51,"tgg","tgg","W","no",1
"115",115,115,115,115,115,115,115,115,115,115,115,115,115,115,115,115,115,115,1,1.63,0,0.01,0,0.99,0,0.67,0,1,"gca","gca","A","no",1
"116",116,116,116,116,116,116,116,116,116,116,116,116,116,116,116,116,116,116,1,0.84,0.44,0.8,0.34,0.2,0,0.67,0,1.14,"ccg","ccg","P","no",0
"117",117,117,117,117,117,117,117,117,117,117,117,117,117,117,117,117,117,117,1,0.57,0,0.01,0,0.99,0,0.67,0,0.35,"cga","cga","R","no",0
"118",118,118,118,118,118,118,118,118,118,118,118,118,118,118,118,118,118,118,1,1.49,0,0.11,0,0.89,0,0.67,0,0.91,"cca","cca","P","no",1
"119",119,119,119,119,119,119,119,119,119,119,119,119,119,119,119,119,119,119,1,2.94,0,0.02,0,0.98,0,0.67,0,1.8,"cca","cca","P","no",1
"120",120,120,120,120,120,120,120,120,120,120,120,120,120,120,120,120,120,120,1,0,0,1,0,0,0,1,0,0,"cga","cga","R","no",0
"121",121,121,121,121,121,121,121,121,121,121,121,121,121,121,121,121,121,121,1,1.51,0,0.02,0,0.98,0,0.67,0,0.92,"acc","acc","T","no",0
"122",122,122,122,122,122,122,122,122,122,122,122,122,122,122,122,122,122,122,1,2.24,0,0.05,0,0.95,0,0.67,0,1.37,"cta","cta","L","no",0
"123",123,123,123,123,123,123,123,123,123,123,123,123,123,123,123,123,123,123,1,1.72,0,0.05,0,0.95,0,0.67,0,1.05,"cca","cca","P","no",1
"124",124,124,124,124,124,124,124,124,124,124,124,124,124,124,124,124,124,124,1,2.8,0.65,0.11,0.29,0.89,0,0.67,0,2.21,"tac","tac","Y","yes",0
"125",125,125,125,125,125,125,125,125,125,125,125,125,125,125,125,125,125,125,1,0,0,1,0,0,0,1,0,0,"atg","atg","M","no",1
"126",126,126,126,126,126,126,126,126,126,126,126,126,126,126,126,126,126,126,1,1.46,0,0.02,0,0.98,0,0.67,0,0.89,"agc","agc","S","no",0
"127",127,127,127,127,127,127,127,127,127,127,127,127,127,127,127,127,127,127,1,1.35,0,0.02,0,0.98,0,0.67,0,0.83,"att","att","I","no",1
"128",128,128,128,128,128,128,128,128,128,128,128,128,128,128,128,128,128,128,1,0,0,1,0,0,0,1,0,0,"gca","gca","A","no",1
"129",129,129,129,129,129,129,129,129,129,129,129,129,129,129,129,129,129,129,1,1.42,0,0.02,0,0.98,0,0.67,0,0.87,"aat","aat","N","yes",1
"130",130,130,130,130,130,130,130,130,130,130,130,130,130,130,130,130,130,130,1,0,0,1,0,0,0,1,0,0,"gca","gca","A","no",1
"131",131,131,131,131,131,131,131,131,131,131,131,131,131,131,131,131,131,131,1,0.54,0,0.11,0,0.89,0,0.67,0,0.33,"aat","aat","N","yes",0
"132",132,132,132,132,132,132,132,132,132,132,132,132,132,132,132,132,132,132,1,0,0,0.49,0.65,0.51,1.1,0.3,1,0.5,"tac","tac","Y","yes",0
"133",133,133,133,133,133,133,133,133,133,133,133,133,133,133,133,133,133,133,1,1.18,0.62,0.3,0.36,0.7,0,0.67,0,1.38,"aga","aga","R","no",1
"134",134,134,134,134,134,134,134,134,134,134,134,134,134,134,134,134,134,134,1,1.46,0,0.01,0,0.99,0,0.67,0,0.9,"ggt","ggt","G","no",0
"135",135,135,135,135,135,135,135,135,135,135,135,135,135,135,135,135,135,135,1,0,0,0.98,72.84,0.02,1.77,0.21,1,1.65,"aaa","aaa","K","yes",0
"136",136,136,136,136,136,136,136,136,136,136,136,136,136,136,136,136,136,136,1,1.3,0.68,0.19,0.66,0.81,0,0.67,0,1.78,"gaa","gaa","E","yes",0
"137",137,137,137,137,137,137,137,137,137,137,137,137,137,137,137,137,137,137,1,0,0,0,0.46,1,0.94,0.33,1,0.7,"aga","aga","R","no",0
"138",138,138,138,138,138,138,138,138,138,138,138,138,138,138,138,138,138,138,1,0.74,0.6,1,0.48,0,0,0.67,0,1.36,"gca","gca","A","no",1
"139",139,139,139,139,139,139,139,139,139,139,139,139,139,139,139,139,139,139,1,0.77,0,0.05,0,0.95,0,0.67,0,0.47,"cca","cca","P","no",1
"140",140,140,140,140,140,140,140,140,140,140,140,140,140,140,140,140,140,140,1,0,0,1,0,0,0,1,0,0,"aat","aat","N","yes",1
"141",141,141,141,141,141,141,141,141,141,141,141,141,141,141,141,141,141,141,1,3.11,0,0.02,0,0.98,0,0.67,0,1.9,"gcg","gcg","A","no",0
"142",142,142,142,142,142,142,142,142,142,142,142,142,142,142,142,142,142,142,1,1.9,0,0.03,0,0.97,0,0.67,0,1.16,"ctc","ctc","L","no",0
"143",143,143,143,143,143,143,143,143,143,143,143,143,143,143,143,143,143,143,1,0,0,0,0.27,1,0.67,0.39,1,0.4,"aat","aat","N","yes",1
"144",144,144,144,144,144,144,144,144,144,144,144,144,144,144,144,144,144,144,1,2.16,0,0.02,0,0.98,0,0.67,0,1.32,"gcc","gcc","A","no",0
"145",145,145,145,145,145,145,145,145,145,145,145,145,145,145,145,145,145,145,1,0,0,0.58,0.5,0.42,0.15,0.55,1,0.32,"ata","ata","I","no",1
"146",146,146,146,146,146,146,146,146,146,146,146,146,146,146,146,146,146,146,1,2.9,0,0.04,0,0.96,0,0.67,0,1.77,"att","att","I","no",1
"147",147,147,147,147,147,147,147,147,147,147,147,147,147,147,147,147,147,147,1,0.99,0,0.04,0,0.96,0,0.67,0,0.6,"ggt","ggt","G","no",0
"148",148,148,148,148,148,148,148,148,148,148,148,148,148,148,148,148,148,148,1,1.65,0.53,0.46,0.08,0.54,0,0.67,0,1.44,"aat","aat","N","yes",0
"149",149,149,149,149,149,149,149,149,149,149,149,149,149,149,149,149,149,149,1,0.91,0.47,0.99,0.43,0.01,0,0.67,0,1.25,"aga","aga","R","no",0
"150",150,150,150,150,150,150,150,150,150,150,150,150,150,150,150,150,150,150,1,3.69,0.68,0.86,0.66,0.14,0,0.67,0,3.27,"gac","gac","D","yes",0
"151",151,151,151,151,151,151,151,151,151,151,151,151,151,151,151,151,151,151,1,0,0,0.31,1.08,0.69,1.78,0.21,2,1.11,"agt","agt","S","no",1
"152",152,152,152,152,152,152,152,152,152,152,152,152,152,152,152,152,152,152,1,0.71,0,0.01,0,0.99,0,0.67,0,0.44,"gtc","gtc","V","no",0
"153",153,153,153,153,153,153,153,153,153,153,153,153,153,153,153,153,153,153,1,1.59,1.32,0.03,0.53,0.97,0,0.67,0,1.81,"aaa","aaa","K","yes",1
"154",154,154,154,154,154,154,154,154,154,154,154,154,154,154,154,154,154,154,1,0.72,0.58,0.39,0,0.61,0,0.67,0,0.78,"acc","acc","T","no",0
"155",155,155,155,155,155,155,155,155,155,155,155,155,155,155,155,155,155,155,1,0,0,1,0,0,0,1,0,0,"atg","atg","M","no",1
"156",156,156,156,156,156,156,156,156,156,156,156,156,156,156,156,156,156,156,1,0.66,0,0.78,5.04,0.22,0.24,0.51,4,2.05,"cct","cct","P","no",0
"157",157,157,157,157,157,157,157,157,157,157,157,157,157,157,157,157,157,157,1,3.3,0.99,0.83,0.83,0.17,0,0.67,0,3.47,"cac","cac","H","yes",1
"158",158,158,158,158,158,158,158,158,158,158,158,158,158,158,158,158,158,158,1,1.52,0.85,0.8,0.85,0.2,0,0.67,0,2.21,"aat","aat","N","yes",1
"159",159,159,159,159,159,159,159,159,159,159,159,159,159,159,159,159,159,159,1,0.39,0.39,1,0.34,0,0,0.67,0,0.82,"ata","ata","I","no",0
"160",160,160,160,160,160,160,160,160,160,160,160,160,160,160,160,160,160,160,1,3.43,0,0.05,0,0.95,0,0.67,0,2.1,"gta","gta","V","no",0
"161",161,161,161,161,161,161,161,161,161,161,161,161,161,161,161,161,161,161,1,0,0,1,0,0,0,1,0,0,"acc","acc","T","no",0
