"","X.21","X.20","X.19","X.18","X.17","X.16","X.15","X.14","X.13","X.12","X.11","X.10","X.9","X.8","X.7","X.6","X.5","X.4","X.3","X.2","X.1","X","Site","Partition","X.alpha.","X.beta..sup....sup.","p.sup....sup.","X.beta..sup....sup..1","p.sup....sup..1","LRT","p.value","X..branches.under.selection","Total.branch.length","wtnt_codon","consensus_codon","consensus_AA","potential_CpG","makesCpG","last_nuc","graphit4"
"1",1,1,1,1,1,1,1,1,1,1,1,1,1,1,1,1,1,1,1,1,1,1,1,1,1.06,0.02,0.29,0.01,0.71,0,0.67,0,23.06,"atg","atg","M","no",1,"g","0"
"2",2,2,2,2,2,2,2,2,2,2,2,2,2,2,2,2,2,2,2,2,2,2,2,1,0.55,0,0.15,0,0.85,0,0.67,0,11.71,"att","att","I","no",1,"t","0"
"3",3,3,3,3,3,3,3,3,3,3,3,3,3,3,3,3,3,3,3,3,3,3,3,1,0.99,0,0.26,0,0.74,0,0.67,0,20.93,"gag","gag","E","no",0,"g","0"
"4",4,4,4,4,4,4,4,4,4,4,4,4,4,4,4,4,4,4,4,4,4,4,4,1,0.79,0,0.22,0,0.78,0,0.67,0,16.74,"aca","aca","T","no",1,"a","0"
"5",5,5,5,5,5,5,5,5,5,5,5,5,5,5,5,5,5,5,5,5,5,5,5,1,1.09,0,0.15,0,0.85,0,0.67,0,23.17,"cgc","cgc","R","no",0,"c","0"
"6",6,6,6,6,6,6,6,6,6,6,6,6,6,6,6,6,6,6,6,6,6,6,6,1,0.85,0.85,0.02,0,0.98,0,0.67,0,18.84,"tgt","tgt","C","yes",1,"t","4"
"7",7,7,7,7,7,7,7,7,7,7,7,7,7,7,7,7,7,7,7,7,7,7,7,1,0.87,0.87,0.02,0,0.98,0,0.67,0,19.28,"gtt","gtt","V","no",0,"t","0"
"8",8,8,8,8,8,8,8,8,8,8,8,8,8,8,8,8,8,8,8,8,8,8,8,1,1.48,1.48,0.02,0.02,0.98,0,0.67,0,33.47,"ctt","ctt","L","no",0,"t","0"
"9",9,9,9,9,9,9,9,9,9,9,9,9,9,9,9,9,9,9,9,9,9,9,9,1,0.65,0,0.15,0,0.85,0,0.67,0,13.91,"aac","aac","N","no",0,"c","0"
"10",10,10,10,10,10,10,10,10,10,10,10,10,10,10,10,10,10,10,10,10,10,10,10,1,1.29,0.62,0.22,0,0.78,0,0.67,0,33.68,"tcg","tcg","S","no",0,"g","0"
"11",11,11,11,11,11,11,11,11,11,11,11,11,11,11,11,11,11,11,11,11,11,11,11,1,0.78,0.35,0.12,0,0.88,0,0.67,0,18.49,"cac","cac","H","no",1,"c","0"
"12",12,12,12,12,12,12,12,12,12,12,12,12,12,12,12,12,12,12,12,12,12,12,12,1,1.66,1.66,0.03,0.01,0.97,0,0.67,0,37.9,"agt","agt","S","no",1,"t","0"
"13",13,13,13,13,13,13,13,13,13,13,13,13,13,13,13,13,13,13,13,13,13,13,13,1,0.73,0.46,0.1,0,0.9,0,0.67,0,17.56,"aca","aca","T","no",1,"a","0"
"14",14,14,14,14,14,14,14,14,14,14,14,14,14,14,14,14,14,14,14,14,14,14,14,1,0.68,0.1,0.04,0.1,0.96,0,0.67,0,19.12,"gct","gct","A","no",1,"t","0"
"15",15,15,15,15,15,15,15,15,15,15,15,15,15,15,15,15,15,15,15,15,15,15,15,1,1.49,0.81,0.02,0,0.98,0,0.67,0,32.56,"gag","gag","E","no",0,"g","0"
"16",16,16,16,16,16,16,16,16,16,16,16,16,16,16,16,16,16,16,16,16,16,16,16,1,0.78,0.02,0.08,0.02,0.92,0,0.67,0,17.67,"acc","acc","T","no",0,"c","0"
"17",17,17,17,17,17,17,17,17,17,17,17,17,17,17,17,17,17,17,17,17,17,17,17,1,0.68,0.13,0.53,0,0.47,0,0.67,0,17.57,"act","act","T","no",1,"t","0"
"18",18,18,18,18,18,18,18,18,18,18,18,18,18,18,18,18,18,18,18,18,18,18,18,1,1.33,0.04,0.78,0.04,0.22,0,0.67,0,30.05,"ctt","ctt","L","no",1,"t","0"
"19",19,19,19,19,19,19,19,19,19,19,19,19,19,19,19,19,19,19,19,19,19,19,19,1,1.09,0.04,1,0.04,0,0,0.67,0,25.2,"gat","gat","D","yes",0,"t","3"
"20",20,20,20,20,20,20,20,20,20,20,20,20,20,20,20,20,20,20,20,20,20,20,20,1,1.63,0.02,0.01,0.02,0.99,0,0.67,0,35.81,"agt","agt","S","no",0,"t","0"
"21",21,21,21,21,21,21,21,21,21,21,21,21,21,21,21,21,21,21,21,21,21,21,21,1,0.63,0,0.27,0,0.73,0,0.67,0,13.34,"ttc","ttc","F","no",0,"c","0"
"22",22,22,22,22,22,22,22,22,22,22,22,22,22,22,22,22,22,22,22,22,22,22,22,1,1.09,0.01,0,0.01,1,0,0.67,0,23.46,"ttc","ttc","F","no",0,"c","0"
"23",23,23,23,23,23,23,23,23,23,23,23,23,23,23,23,23,23,23,23,23,23,23,23,1,1.18,0.97,0.02,0,0.98,0,0.67,0,25.83,"agc","agc","S","no",1,"c","0"
"24",24,24,24,24,24,24,24,24,24,24,24,24,24,24,24,24,24,24,24,24,24,24,24,1,1.2,1.2,0.03,0,0.97,0,0.67,0,27.25,"agg","agg","R","no",1,"g","0"
"25",25,25,25,25,25,25,25,25,25,25,25,25,25,25,25,25,25,25,25,25,25,25,25,1,0.74,0.36,0.12,0,0.88,0,0.67,0,17.76,"gcg","gcg","A","no",0,"g","0"
"26",26,26,26,26,26,26,26,26,26,26,26,26,26,26,26,26,26,26,26,26,26,26,26,1,1.35,0.01,0.04,0.01,0.96,0,0.67,0,28.9,"gga","gga","G","no",0,"a","0"
"27",27,27,27,27,27,27,27,27,27,27,27,27,27,27,27,27,27,27,27,27,27,27,27,1,0.79,0,0.05,0,0.95,0,0.67,0,16.76,"tta","tta","L","no",0,"a","0"
"28",28,28,28,28,28,28,28,28,28,28,28,28,28,28,28,28,28,28,28,28,28,28,28,1,1.01,0,0.2,0,0.8,0,0.67,0,21.55,"gtt","gtt","V","no",1,"t","0"
"29",29,29,29,29,29,29,29,29,29,29,29,29,29,29,29,29,29,29,29,29,29,29,29,1,1.54,0.01,0.07,0.01,0.93,0,0.67,0,33.05,"gga","gga","G","no",0,"a","0"
"30",30,30,30,30,30,30,30,30,30,30,30,30,30,30,30,30,30,30,30,30,30,30,30,1,1.24,0.28,0.33,0,0.67,0,0.67,0,30.71,"gag","gag","E","no",0,"g","0"
"31",31,31,31,31,31,31,31,31,31,31,31,31,31,31,31,31,31,31,31,31,31,31,31,1,0.71,0.71,0.02,0.04,0.98,0,0.67,0,17.16,"ata","ata","I","no",0,"a","0"
"32",32,32,32,32,32,32,32,32,32,32,32,32,32,32,32,32,32,32,32,32,32,32,32,1,1.03,0.34,0.17,0,0.83,0,0.67,0,24.63,"gat","gat","D","yes",0,"t","3"
"33",33,33,33,33,33,33,33,33,33,33,33,33,33,33,33,33,33,33,33,33,33,33,33,1,0.85,0.06,0,0.06,1,0,0.67,0,21,"ctc","ctc","L","no",0,"c","0"
"34",34,34,34,34,34,34,34,34,34,34,34,34,34,34,34,34,34,34,34,34,34,34,34,1,0.7,0.28,0.26,0.02,0.74,0,0.67,0,19,"cct","cct","P","no",0,"t","0"
"35",35,35,35,35,35,35,35,35,35,35,35,35,35,35,35,35,35,35,35,35,35,35,35,1,0.92,0.69,0.12,0,0.88,0,0.67,0,23.49,"ctt","ctt","L","no",1,"t","0"
"36",36,36,36,36,36,36,36,36,36,36,36,36,36,36,36,36,36,36,36,36,36,36,36,1,0.89,0.89,0.47,0,0.53,0,0.67,0,38.31,"gag","gag","E","no",0,"g","0"
"37",37,37,37,37,37,37,37,37,37,37,37,37,37,37,37,37,37,37,37,37,37,37,37,1,1.15,0,0.19,0,0.81,0,0.67,0,24.4,"ggc","ggc","G","no",0,"c","0"
"38",38,38,38,38,38,38,38,38,38,38,38,38,38,38,38,38,38,38,38,38,38,38,38,1,0.97,0.97,0.02,0,0.98,0,0.67,0,21.41,"aca","aca","T","no",1,"a","0"
"39",39,39,39,39,39,39,39,39,39,39,39,39,39,39,39,39,39,39,39,39,39,39,39,1,1.39,0.86,0.04,0,0.96,0,0.67,0,31,"act","act","T","no",0,"t","0"
"40",40,40,40,40,40,40,40,40,40,40,40,40,40,40,40,40,40,40,40,40,40,40,40,1,1.06,1.06,0.13,0.03,0.87,0,0.67,0,30.12,"aac","aac","N","no",0,"c","0"
"41",41,41,41,41,41,41,41,41,41,41,41,41,41,41,41,41,41,41,41,41,41,41,41,1,0.89,0.13,0.34,0.12,0.66,0,0.67,0,24.51,"cca","cca","P","no",1,"a","0"
"42",42,42,42,42,42,42,42,42,42,42,42,42,42,42,42,42,42,42,42,42,42,42,42,1,0.76,0.13,0.43,0.13,0.57,0,0.67,0,22.17,"aat","aat","N","yes",1,"t","4"
"43",43,43,43,43,43,43,43,43,43,43,43,43,43,43,43,43,43,43,43,43,43,43,43,1,0.81,0,0.2,0,0.8,0,0.67,0,17.21,"ggt","ggt","G","no",0,"t","0"
"44",44,44,44,44,44,44,44,44,44,44,44,44,44,44,44,44,44,44,44,44,44,44,44,1,1.42,0.03,1,0.03,0,0,0.67,0,31.4,"tat","tat","Y","yes",1,"t","4"
"45",45,45,45,45,45,45,45,45,45,45,45,45,45,45,45,45,45,45,45,45,45,45,45,1,0.94,0.05,1,0.05,0,0,0.67,0,22.14,"gcc","gcc","A","no",0,"c","0"
"46",46,46,46,46,46,46,46,46,46,46,46,46,46,46,46,46,46,46,46,46,46,46,46,1,1.71,0.22,0.17,0,0.83,0,0.67,0,38.08,"aac","aac","N","no",1,"c","0"
"47",47,47,47,47,47,47,47,47,47,47,47,47,47,47,47,47,47,47,47,47,47,47,47,1,20.44,20.44,0,0,1,0,0.67,0,437.67,"tgg","tgg","W","no",1,"g","0"
"48",48,48,48,48,48,48,48,48,48,48,48,48,48,48,48,48,48,48,48,48,48,48,48,1,1.22,0.49,0.04,0.01,0.96,0,0.67,0,27.23,"gac","gac","D","no",0,"c","0"
"49",49,49,49,49,49,49,49,49,49,49,49,49,49,49,49,49,49,49,49,49,49,49,49,1,0.62,0.62,0.02,0,0.98,0,0.67,0,13.67,"ata","ata","I","no",1,"a","0"
"50",50,50,50,50,50,50,50,50,50,50,50,50,50,50,50,50,50,50,50,50,50,50,50,1,2.49,0,0.19,0,0.81,0,0.67,0,52.84,"gat","gat","D","yes",0,"t","3"
"51",51,51,51,51,51,51,51,51,51,51,51,51,51,51,51,51,51,51,51,51,51,51,51,1,1.8,0.02,0,0.02,1,0,0.67,0,39.2,"ata","ata","I","no",0,"a","0"
"52",52,52,52,52,52,52,52,52,52,52,52,52,52,52,52,52,52,52,52,52,52,52,52,1,0.42,0.14,0.12,0,0.88,0,0.67,0,9.79,"aca","aca","T","no",1,"a","0"
"53",53,53,53,53,53,53,53,53,53,53,53,53,53,53,53,53,53,53,53,53,53,53,53,1,1.1,0.01,0.08,0.01,0.92,0,0.67,0,23.59,"ggt","ggt","G","no",0,"t","0"
"54",54,54,54,54,54,54,54,54,54,54,54,54,54,54,54,54,54,54,54,54,54,54,54,1,1.76,0.02,0.36,0.02,0.64,0,0.67,0,38.21,"tac","tac","Y","no",0,"c","0"
"55",55,55,55,55,55,55,55,55,55,55,55,55,55,55,55,55,55,55,55,55,55,55,55,1,1.1,0.01,0.62,0.01,0.38,0,0.67,0,23.97,"gcg","gcg","A","no",0,"g","0"
"56",56,56,56,56,56,56,56,56,56,56,56,56,56,56,56,56,56,56,56,56,56,56,56,1,1.3,0,0.19,0,0.81,0,0.67,0,27.69,"caa","caa","Q","yes",1,"a","2"
"57",57,57,57,57,57,57,57,57,57,57,57,57,57,57,57,57,57,57,57,57,57,57,57,1,1.56,0.02,0.68,0.02,0.32,0,0.67,0,33.84,"atg","atg","M","no",1,"g","0"
"58",58,58,58,58,58,58,58,58,58,58,58,58,58,58,58,58,58,58,58,58,58,58,58,1,0.53,0.53,0.03,0,0.97,0,0.67,0,11.9,"cgt","cgt","R","no",0,"t","0"
"59",59,59,59,59,59,59,59,59,59,59,59,59,59,59,59,59,59,59,59,59,59,59,59,1,1.25,0,0.13,0,0.87,0,0.67,0,26.47,"aga","aga","R","no",0,"a","0"
"60",60,60,60,60,60,60,60,60,60,60,60,60,60,60,60,60,60,60,60,60,60,60,60,1,1.19,0,0.26,0,0.74,0,0.67,0,25.2,"aag","aag","K","no",0,"g","0"
"61",61,61,61,61,61,61,61,61,61,61,61,61,61,61,61,61,61,61,61,61,61,61,61,1,0.76,0.53,0.16,0,0.84,0,0.67,0,19.99,"gta","gta","V","no",0,"a","0"
"62",62,62,62,62,62,62,62,62,62,62,62,62,62,62,62,62,62,62,62,62,62,62,62,1,0.97,0,0.12,0,0.88,0,0.67,0,20.68,"gag","gag","E","no",0,"g","0"
"63",63,63,63,63,63,63,63,63,63,63,63,63,63,63,63,63,63,63,63,63,63,63,63,1,1.47,0.04,1,0.03,0,0,0.67,0,32.97,"cta","cta","L","no",0,"a","0"
"64",64,64,64,64,64,64,64,64,64,64,64,64,64,64,64,64,64,64,64,64,64,64,64,1,0.98,0.98,0.01,0.01,0.99,0,0.67,0,21.59,"ttc","ttc","F","no",0,"c","0"
"65",65,65,65,65,65,65,65,65,65,65,65,65,65,65,65,65,65,65,65,65,65,65,65,1,1,0,0.22,0,0.78,0,0.67,0,21.23,"acc","acc","T","no",1,"c","0"
"66",66,66,66,66,66,66,66,66,66,66,66,66,66,66,66,66,66,66,66,66,66,66,66,1,1.2,1.2,0.02,0,0.98,0,0.67,0,26.64,"tac","tac","Y","no",0,"c","0"
"67",67,67,67,67,67,67,67,67,67,67,67,67,67,67,67,67,67,67,67,67,67,67,67,1,28.62,28.62,0,0,1,0,0.67,0,610.75,"atg","atg","M","no",1,"g","0"
"68",68,68,68,68,68,68,68,68,68,68,68,68,68,68,68,68,68,68,68,68,68,68,68,1,0.53,0,0.02,0,0.98,0,0.67,0,11.19,"cgc","cgc","R","no",0,"c","0"
"69",69,69,69,69,69,69,69,69,69,69,69,69,69,69,69,69,69,69,69,69,69,69,69,1,0.73,0,0.19,0,0.81,0,0.67,0,15.48,"ttt","ttt","F","yes",1,"t","4"
"70",70,70,70,70,70,70,70,70,70,70,70,70,70,70,70,70,70,70,70,70,70,70,70,1,0.94,0.02,0.19,0.02,0.81,0,0.67,0,20.7,"gat","gat","D","yes",1,"t","4"
"71",71,71,71,71,71,71,71,71,71,71,71,71,71,71,71,71,71,71,71,71,71,71,71,1,0.81,0,0.07,0,0.93,0,0.67,0,17.21,"gca","gca","A","no",1,"a","0"
"72",72,72,72,72,72,72,72,72,72,72,72,72,72,72,72,72,72,72,72,72,72,72,72,1,1.19,0.31,0.04,0,0.96,0,0.67,0,25.98,"gag","gag","E","no",0,"g","0"
"73",73,73,73,73,73,73,73,73,73,73,73,73,73,73,73,73,73,73,73,73,73,73,73,1,0.52,0,0.07,0,0.93,0,0.67,0,11.04,"ttc","ttc","F","no",0,"c","0"
"74",74,74,74,74,74,74,74,74,74,74,74,74,74,74,74,74,74,74,74,74,74,74,74,1,0.85,0,0.15,0,0.85,0,0.67,0,18.11,"act","act","T","no",1,"t","0"
"75",75,75,75,75,75,75,75,75,75,75,75,75,75,75,75,75,75,75,75,75,75,75,75,1,1.28,1.28,0.01,0,0.99,0,0.67,0,28.01,"ttt","ttt","F","yes",1,"t","4"
"76",76,76,76,76,76,76,76,76,76,76,76,76,76,76,76,76,76,76,76,76,76,76,76,1,0.93,0.93,0.04,0,0.96,0,0.67,0,21.3,"gtt","gtt","V","no",1,"t","0"
"77",77,77,77,77,77,77,77,77,77,77,77,77,77,77,77,77,77,77,77,77,77,77,77,1,0.97,0.04,1,0.03,0,0,0.67,0,22.51,"gcg","gcg","A","no",0,"g","0"
"78",78,78,78,78,78,78,78,78,78,78,78,78,78,78,78,78,78,78,78,78,78,78,78,1,1.26,0.84,0.03,0.02,0.97,0,0.67,0,28.67,"tgc","tgc","C","no",1,"c","0"
"79",79,79,79,79,79,79,79,79,79,79,79,79,79,79,79,79,79,79,79,79,79,79,79,1,0.82,0.25,0.22,0,0.78,0,0.67,0,20.09,"aca","aca","T","no",1,"a","0"
"80",80,80,80,80,80,80,80,80,80,80,80,80,80,80,80,80,80,80,80,80,80,80,80,1,0.92,0.6,0.33,0,0.67,0,0.67,0,28.72,"ccc","ccc","P","no",0,"c","0"
"81",81,81,81,81,81,81,81,81,81,81,81,81,81,81,81,81,81,81,81,81,81,81,81,1,1.59,0.42,0.1,0.11,0.9,0,0.67,0,40.26,"acc","acc","T","no",1,"c","0"
"82",82,82,82,82,82,82,82,82,82,82,82,82,82,82,82,82,82,82,82,82,82,82,82,1,0.8,0.02,0,0.02,1,0,0.67,0,17.78,"ggg","ggg","G","no",0,"g","0"
"83",83,83,83,83,83,83,83,83,83,83,83,83,83,83,83,83,83,83,83,83,83,83,83,1,0.77,0.77,0.58,0.03,0.42,0,0.67,0,37.74,"gaa","gaa","E","yes",0,"a","1"
"84",84,84,84,84,84,84,84,84,84,84,84,84,84,84,84,84,84,84,84,84,84,84,84,1,0.81,0.07,0,0.07,1,0,0.67,0,20.14,"gtt","gtt","V","no",1,"t","0"
"85",85,85,85,85,85,85,85,85,85,85,85,85,85,85,85,85,85,85,85,85,85,85,85,1,0.5,0.5,0.13,0,0.87,0,0.67,0,13.66,"gtc","gtc","V","no",0,"c","0"
"86",86,86,86,86,86,86,86,86,86,86,86,86,86,86,86,86,86,86,86,86,86,86,86,1,1.13,0.52,0.06,0.03,0.94,0,0.67,0,27.01,"cca","cca","P","no",1,"a","0"
"87",87,87,87,87,87,87,87,87,87,87,87,87,87,87,87,87,87,87,87,87,87,87,87,1,1.01,0.57,0.18,0.02,0.82,0,0.67,0,27.02,"caa","caa","Q","yes",1,"a","2"
"88",88,88,88,88,88,88,88,88,88,88,88,88,88,88,88,88,88,88,88,88,88,88,88,1,1.2,1.2,0.05,0.03,0.95,0,0.67,0,29.24,"ttg","ttg","L","no",1,"g","0"
"89",89,89,89,89,89,89,89,89,89,89,89,89,89,89,89,89,89,89,89,89,89,89,89,1,0.83,0.83,0.02,0.01,0.98,0,0.67,0,18.81,"ctc","ctc","L","no",0,"c","0"
"90",90,90,90,90,90,90,90,90,90,90,90,90,90,90,90,90,90,90,90,90,90,90,90,1,1.27,1.27,0.02,0,0.98,0,0.67,0,28.23,"caa","caa","Q","yes",1,"a","2"
"91",91,91,91,91,91,91,91,91,91,91,91,91,91,91,91,91,91,91,91,91,91,91,91,1,1.51,0,0.19,0,0.81,0,0.67,0,32,"tat","tat","Y","yes",0,"t","3"
"92",92,92,92,92,92,92,92,92,92,92,92,92,92,92,92,92,92,92,92,92,92,92,92,1,0,0,1,0,0,0,1,0,0,"atg","atg","M","no",1,"g","0"
"93",93,93,93,93,93,93,93,93,93,93,93,93,93,93,93,93,93,93,93,93,93,93,93,1,0.52,0.01,0.18,0.01,0.82,0,0.67,0,11.33,"ttt","ttt","F","yes",1,"t","4"
"94",94,94,94,94,94,94,94,94,94,94,94,94,94,94,94,94,94,94,94,94,94,94,94,1,1.27,0,0.2,0,0.8,0,0.67,0,26.88,"gtg","gtg","V","no",1,"g","0"
"95",95,95,95,95,95,95,95,95,95,95,95,95,95,95,95,95,95,95,95,95,95,95,95,1,0.64,0.64,0.03,0,0.97,0,0.67,0,14.31,"cca","cca","P","no",1,"a","0"
"96",96,96,96,96,96,96,96,96,96,96,96,96,96,96,96,96,96,96,96,96,96,96,96,1,0.45,0,0.05,0,0.95,0,0.67,0,9.62,"cct","cct","P","no",1,"t","0"
"97",97,97,97,97,97,97,97,97,97,97,97,97,97,97,97,97,97,97,97,97,97,97,97,1,1.13,0,0.12,0,0.88,0,0.67,0,24.06,"gga","gga","G","no",0,"a","0"
"98",98,98,98,98,98,98,98,98,98,98,98,98,98,98,98,98,98,98,98,98,98,98,98,1,0.76,0,0.05,0,0.95,0,0.67,0,16.09,"gcc","gcc","A","no",0,"c","0"
"99",99,99,99,99,99,99,99,99,99,99,99,99,99,99,99,99,99,99,99,99,99,99,99,1,0.92,0.92,0.04,0,0.96,0,0.67,0,21.18,"cct","cct","P","no",0,"t","0"
"100",100,100,100,100,100,100,100,100,100,100,100,100,100,100,100,100,100,100,100,100,100,100,100,1,1.4,0,0.19,0,0.81,0,0.67,0,29.69,"aag","aag","K","no",0,"g","0"
"101",101,101,101,101,101,101,101,101,101,101,101,101,101,101,101,101,101,101,101,101,101,101,101,1,0.96,0,0.14,0,0.86,0,0.67,0,20.47,"cca","cca","P","no",1,"a","0"
"102",102,102,102,102,102,102,102,102,102,102,102,102,102,102,102,102,102,102,102,102,102,102,102,1,1.13,0.94,0.16,0,0.84,0,0.67,0,30.97,"gat","gat","D","yes",0,"t","3"
"103",103,103,103,103,103,103,103,103,103,103,103,103,103,103,103,103,103,103,103,103,103,103,103,1,0.93,0.86,0.14,0.04,0.86,0,0.67,0,26.5,"tcc","tcc","S","no",0,"c","0"
"104",104,104,104,104,104,104,104,104,104,104,104,104,104,104,104,104,104,104,104,104,104,104,104,1,0.6,0,0.37,0,0.63,0,0.67,0,12.65,"agg","agg","R","no",1,"g","0"
"105",105,105,105,105,105,105,105,105,105,105,105,105,105,105,105,105,105,105,105,105,105,105,105,1,1.52,0.04,0.44,0.04,0.56,0,0.67,0,34.25,"gaa","gaa","E","yes",0,"a","1"
"106",106,106,106,106,106,106,106,106,106,106,106,106,106,106,106,106,106,106,106,106,106,106,106,1,1.04,0.11,0.2,0,0.8,0,0.67,0,23.07,"tcc","tcc","S","no",0,"c","0"
"107",107,107,107,107,107,107,107,107,107,107,107,107,107,107,107,107,107,107,107,107,107,107,107,1,1.52,1.52,0,0.02,1,0,0.67,0,33.25,"ctt","ctt","L","no",1,"t","0"
"108",108,108,108,108,108,108,108,108,108,108,108,108,108,108,108,108,108,108,108,108,108,108,108,1,0.75,0.75,0.1,0,0.9,0,0.67,0,19.42,"gca","gca","A","no",1,"a","0"
"109",109,109,109,109,109,109,109,109,109,109,109,109,109,109,109,109,109,109,109,109,109,109,109,1,0,0,1,0,0,0,1,0,0,"tgg","tgg","W","no",1,"g","0"
"110",110,110,110,110,110,110,110,110,110,110,110,110,110,110,110,110,110,110,110,110,110,110,110,1,1.3,0,0.26,0,0.74,0,0.67,0,27.7,"caa","caa","Q","yes",1,"a","2"
"111",111,111,111,111,111,111,111,111,111,111,111,111,111,111,111,111,111,111,111,111,111,111,111,1,1.29,0.01,0.03,0.01,0.97,0,0.67,0,27.84,"acc","acc","T","no",0,"c","0"
"112",112,112,112,112,112,112,112,112,112,112,112,112,112,112,112,112,112,112,112,112,112,112,112,1,1.09,0.16,0.07,0,0.93,0,0.67,0,23.77,"gcc","gcc","A","no",0,"c","0"
"113",113,113,113,113,113,113,113,113,113,113,113,113,113,113,113,113,113,113,113,113,113,113,113,1,1.48,0,0.27,0,0.73,0,0.67,0,31.49,"act","act","T","no",1,"t","0"
"114",114,114,114,114,114,114,114,114,114,114,114,114,114,114,114,114,114,114,114,114,114,114,114,1,0.79,0,0.2,0,0.8,0,0.67,0,16.68,"aac","aac","N","no",0,"c","0"
"115",115,115,115,115,115,115,115,115,115,115,115,115,115,115,115,115,115,115,115,115,115,115,115,1,0.59,0,0.05,0,0.95,0,0.67,0,12.59,"ccc","ccc","P","no",0,"c","0"
"116",116,116,116,116,116,116,116,116,116,116,116,116,116,116,116,116,116,116,116,116,116,116,116,1,0.54,0,0.04,0,0.96,0,0.67,0,11.42,"tca","tca","S","no",1,"a","0"
"117",117,117,117,117,117,117,117,117,117,117,117,117,117,117,117,117,117,117,117,117,117,117,117,1,0.66,0.66,0.18,0,0.82,0,0.67,0,19.65,"gtt","gtt","V","no",0,"t","0"
"118",118,118,118,118,118,118,118,118,118,118,118,118,118,118,118,118,118,118,118,118,118,118,118,1,0.83,0,0.19,0,0.81,0,0.67,0,17.73,"ttt","ttt","F","yes",1,"t","4"
"119",119,119,119,119,119,119,119,119,119,119,119,119,119,119,119,119,119,119,119,119,119,119,119,1,1.14,0.4,0.09,0.02,0.91,0,0.67,0,26.57,"gtc","gtc","V","no",0,"c","0"
"120",120,120,120,120,120,120,120,120,120,120,120,120,120,120,120,120,120,120,120,120,120,120,120,1,1.08,0,0.19,0,0.81,0,0.67,0,22.94,"aag","aag","K","no",1,"g","0"
"121",121,121,121,121,121,121,121,121,121,121,121,121,121,121,121,121,121,121,121,121,121,121,121,1,0.89,0.8,0.04,0.02,0.96,0,0.67,0,21.37,"ctg","ctg","L","no",1,"g","0"
"122",122,122,122,122,122,122,122,122,122,122,122,122,122,122,122,122,122,122,122,122,122,122,122,1,0.63,0.09,0.06,0.08,0.94,0,0.67,0,16.99,"tca","tca","S","no",1,"a","0"
"123",123,123,123,123,123,123,123,123,123,123,123,123,123,123,123,123,123,123,123,123,123,123,123,1,1.12,0.19,0.18,0,0.82,0,0.67,0,25.41,"gac","gac","D","no",0,"c","0"
"124",124,124,124,124,124,124,124,124,124,124,124,124,124,124,124,124,124,124,124,124,124,124,124,1,0.91,0,0.14,0,0.86,0,0.67,0,19.29,"cct","cct","P","no",0,"t","0"
"125",125,125,125,125,125,125,125,125,125,125,125,125,125,125,125,125,125,125,125,125,125,125,125,1,0.49,0,0.05,0,0.95,0,0.67,0,10.47,"cca","cca","P","no",1,"a","0"
"126",126,126,126,126,126,126,126,126,126,126,126,126,126,126,126,126,126,126,126,126,126,126,126,1,1.08,0.02,0.14,0.02,0.86,0,0.67,0,23.74,"gcg","gcg","A","no",0,"g","0"
"127",127,127,127,127,127,127,127,127,127,127,127,127,127,127,127,127,127,127,127,127,127,127,127,1,1.32,0,0.26,0,0.74,0,0.67,0,28.11,"cag","cag","Q","no",1,"g","0"
"128",128,128,128,128,128,128,128,128,128,128,128,128,128,128,128,128,128,128,128,128,128,128,128,1,1.11,0,0.27,0,0.73,0,0.67,0,23.56,"gtt","gtt","V","no",0,"t","0"
"129",129,129,129,129,129,129,129,129,129,129,129,129,129,129,129,129,129,129,129,129,129,129,129,1,0.81,0,0.04,0,0.96,0,0.67,0,17.14,"tca","tca","S","no",1,"a","0"
"130",130,130,130,130,130,130,130,130,130,130,130,130,130,130,130,130,130,130,130,130,130,130,130,1,1.09,0,0.2,0,0.8,0,0.67,0,23.17,"gtg","gtg","V","no",1,"g","0"
"131",131,131,131,131,131,131,131,131,131,131,131,131,131,131,131,131,131,131,131,131,131,131,131,1,0.79,0,0.08,0,0.92,0,0.67,0,16.74,"cca","cca","P","no",1,"a","0"
"132",132,132,132,132,132,132,132,132,132,132,132,132,132,132,132,132,132,132,132,132,132,132,132,1,1.11,0,0.14,0,0.86,0,0.67,0,23.57,"ttc","ttc","F","no",0,"c","0"
"133",133,133,133,133,133,133,133,133,133,133,133,133,133,133,133,133,133,133,133,133,133,133,133,1,0,0,1,0,0,0,1,0,0,"atg","atg","M","no",1,"g","0"
"134",134,134,134,134,134,134,134,134,134,134,134,134,134,134,134,134,134,134,134,134,134,134,134,1,0.64,0,0.04,0,0.96,0,0.67,0,13.51,"tca","tca","S","no",1,"a","0"
"135",135,135,135,135,135,135,135,135,135,135,135,135,135,135,135,135,135,135,135,135,135,135,135,1,0.73,0,0.15,0,0.85,0,0.67,0,15.51,"cct","cct","P","no",1,"t","0"
"136",136,136,136,136,136,136,136,136,136,136,136,136,136,136,136,136,136,136,136,136,136,136,136,1,0.73,0.56,0.03,0,0.97,0,0.67,0,16.33,"gcg","gcg","A","no",0,"g","0"
"137",137,137,137,137,137,137,137,137,137,137,137,137,137,137,137,137,137,137,137,137,137,137,137,1,1.31,0.45,0.06,0,0.94,0,0.67,0,29,"agt","agt","S","no",1,"t","0"
"138",138,138,138,138,138,138,138,138,138,138,138,138,138,138,138,138,138,138,138,138,138,138,138,1,1.14,1.14,0.02,0,0.98,0,0.67,0,25.07,"gct","gct","A","no",0,"t","0"
"139",139,139,139,139,139,139,139,139,139,139,139,139,139,139,139,139,139,139,139,139,139,139,139,1,1.01,0,0.19,0,0.81,0,0.67,0,21.53,"tat","tat","Y","yes",0,"t","3"
"140",140,140,140,140,140,140,140,140,140,140,140,140,140,140,140,140,140,140,140,140,140,140,140,1,1.08,0,0.19,0,0.81,0,0.67,0,22.87,"caa","caa","Q","yes",1,"a","2"
"141",141,141,141,141,141,141,141,141,141,141,141,141,141,141,141,141,141,141,141,141,141,141,141,1,0,0,1,0,0,0,1,0,0,"tgg","tgg","W","no",1,"g","0"
"142",142,142,142,142,142,142,142,142,142,142,142,142,142,142,142,142,142,142,142,142,142,142,142,1,0.71,0,0.2,0,0.8,0,0.67,0,15.19,"ttt","ttt","F","yes",0,"t","3"
"143",143,143,143,143,143,143,143,143,143,143,143,143,143,143,143,143,143,143,143,143,143,143,143,1,1.37,1.37,0.02,0,0.98,0,0.67,0,30.29,"tat","tat","Y","yes",1,"t","4"
"144",144,144,144,144,144,144,144,144,144,144,144,144,144,144,144,144,144,144,144,144,144,144,144,1,1.04,0,0.26,0,0.74,0,0.67,0,22.19,"gac","gac","D","no",0,"c","0"
"145",145,145,145,145,145,145,145,145,145,145,145,145,145,145,145,145,145,145,145,145,145,145,145,1,1.16,0,0.27,0,0.73,0,0.67,0,24.59,"gga","gga","G","no",0,"a","0"
"146",146,146,146,146,146,146,146,146,146,146,146,146,146,146,146,146,146,146,146,146,146,146,146,1,0.87,0,0.2,0,0.8,0,0.67,0,18.55,"tat","tat","Y","yes",0,"t","3"
"147",147,147,147,147,147,147,147,147,147,147,147,147,147,147,147,147,147,147,147,147,147,147,147,1,0.93,0.93,0.02,0,0.98,0,0.67,0,20.64,"ccc","ccc","P","no",0,"c","0"
"148",148,148,148,148,148,148,148,148,148,148,148,148,148,148,148,148,148,148,148,148,148,148,148,1,0.81,0,0.01,0,0.99,0,0.67,0,17.11,"aca","aca","T","no",1,"a","0"
"149",149,149,149,149,149,149,149,149,149,149,149,149,149,149,149,149,149,149,149,149,149,149,149,1,0.88,0,0.25,0,0.75,0,0.67,0,18.75,"ttc","ttc","F","no",0,"c","0"
"150",150,150,150,150,150,150,150,150,150,150,150,150,150,150,150,150,150,150,150,150,150,150,150,1,1.15,0.01,0.13,0.01,0.87,0,0.67,0,24.71,"gga","gga","G","no",0,"a","0"
"151",151,151,151,151,151,151,151,151,151,151,151,151,151,151,151,151,151,151,151,151,151,151,151,1,1.25,0.52,0.06,0.01,0.94,0,0.67,0,28.52,"gaa","gaa","E","yes",0,"a","1"
"152",152,152,152,152,152,152,152,152,152,152,152,152,152,152,152,152,152,152,152,152,152,152,152,1,1.05,0.01,0.2,0.01,0.8,0,0.67,0,22.6,"cac","cac","H","no",1,"c","0"
"153",153,153,153,153,153,153,153,153,153,153,153,153,153,153,153,153,153,153,153,153,153,153,153,1,0.89,0.31,0.36,0.02,0.64,0,0.67,0,24.6,"aaa","aaa","K","yes",1,"a","2"
"154",154,154,154,154,154,154,154,154,154,154,154,154,154,154,154,154,154,154,154,154,154,154,154,1,0.96,0.11,0.43,0,0.57,0,0.67,0,22.75,"cag","cag","Q","no",1,"g","0"
"155",155,155,155,155,155,155,155,155,155,155,155,155,155,155,155,155,155,155,155,155,155,155,155,1,0.38,0.05,1,0.04,0,0,0.67,0,10.42,"gag","gag","E","no",0,"g","0"
"156",156,156,156,156,156,156,156,156,156,156,156,156,156,156,156,156,156,156,156,156,156,156,156,1,1.09,1.09,0.14,0.02,0.86,0,0.67,0,31,"aaa","aaa","K","yes",0,"a","1"
"157",157,157,157,157,157,157,157,157,157,157,157,157,157,157,157,157,157,157,157,157,157,157,157,1,1.07,0.02,0,0.02,1,0,0.67,0,23.34,"gat","gat","D","yes",0,"t","3"
"158",158,158,158,158,158,158,158,158,158,158,158,158,158,158,158,158,158,158,158,158,158,158,158,1,0.82,0.43,0.12,0,0.88,0,0.67,0,19.84,"ctt","ctt","L","no",1,"t","0"
"159",159,159,159,159,159,159,159,159,159,159,159,159,159,159,159,159,159,159,159,159,159,159,159,1,1.48,0.11,0.29,0.11,0.71,0,0.67,0,36.63,"gaa","gaa","E","yes",0,"a","1"
"160",160,160,160,160,160,160,160,160,160,160,160,160,160,160,160,160,160,160,160,160,160,160,160,1,1.35,0,0.19,0,0.81,0,0.67,0,28.64,"tac","tac","Y","no",0,"c","0"
"161",161,161,161,161,161,161,161,161,161,161,161,161,161,161,161,161,161,161,161,161,161,161,161,1,0.88,0,0.27,0,0.73,0,0.67,0,18.77,"ggg","ggg","G","no",0,"g","0"
"162",162,162,162,162,162,162,162,162,162,162,162,162,162,162,162,162,162,162,162,162,162,162,162,1,1.02,0.55,0.06,0,0.94,0,0.67,0,23.39,"gca","gca","A","no",1,"a","0"
"163",163,163,163,163,163,163,163,163,163,163,163,163,163,163,163,163,163,163,163,163,163,163,163,1,1.02,0,0.26,0,0.74,0,0.67,0,21.74,"tgt","tgt","C","yes",1,"t","4"
"164",164,164,164,164,164,164,164,164,164,164,164,164,164,164,164,164,164,164,164,164,164,164,164,1,1.32,0,0.13,0,0.87,0,0.67,0,27.99,"cct","cct","P","no",0,"t","0"
"165",165,165,165,165,165,165,165,165,165,165,165,165,165,165,165,165,165,165,165,165,165,165,165,1,1.83,0,0.15,0,0.85,0,0.67,0,38.82,"aat","aat","N","yes",0,"t","3"
"166",166,166,166,166,166,166,166,166,166,166,166,166,166,166,166,166,166,166,166,166,166,166,166,1,1.61,0,0.33,0,0.67,0,0.67,0,34.18,"aac","aac","N","no",0,"c","0"
"167",167,167,167,167,167,167,167,167,167,167,167,167,167,167,167,167,167,167,167,167,167,167,167,1,0.24,0.24,0.08,0,0.92,0,0.67,0,5.94,"atg","atg","M","no",1,"g","0"
"168",168,168,168,168,168,168,168,168,168,168,168,168,168,168,168,168,168,168,168,168,168,168,168,1,0.54,0.02,1,0,0,0,0.67,0,12.53,"atg","atg","M","no",1,"g","0"
"169",169,169,169,169,169,169,169,169,169,169,169,169,169,169,169,169,169,169,169,169,169,169,169,1,1.13,0,0.13,0,0.87,0,0.67,0,24.09,"ggc","ggc","G","no",0,"c","0"
"170",170,170,170,170,170,170,170,170,170,170,170,170,170,170,170,170,170,170,170,170,170,170,170,1,1.2,0.69,0.03,0,0.97,0,0.67,0,26.24,"acg","acg","T","no",1,"g","0"
"171",171,171,171,171,171,171,171,171,171,171,171,171,171,171,171,171,171,171,171,171,171,171,171,1,0.83,0,0.27,0,0.73,0,0.67,0,17.62,"ttc","ttc","F","no",0,"c","0"
"172",172,172,172,172,172,172,172,172,172,172,172,172,172,172,172,172,172,172,172,172,172,172,172,1,0.8,0.8,0.05,0,0.95,0,0.67,0,18.74,"tca","tca","S","no",1,"a","0"
"173",173,173,173,173,173,173,173,173,173,173,173,173,173,173,173,173,173,173,173,173,173,173,173,1,0.78,0.06,0,0.06,1,0,0.67,0,19.05,"gtg","gtg","V","no",1,"g","0"
"174",174,174,174,174,174,174,174,174,174,174,174,174,174,174,174,174,174,174,174,174,174,174,174,1,0.9,0,0.15,0,0.85,0,0.67,0,19.22,"cgg","cgg","R","no",0,"g","0"
"175",175,175,175,175,175,175,175,175,175,175,175,175,175,175,175,175,175,175,175,175,175,175,175,1,0.46,0.06,1,0.05,0,0,0.67,0,12.5,"act","act","T","no",1,"t","0"
"176",176,176,176,176,176,176,176,176,176,176,176,176,176,176,176,176,176,176,176,176,176,176,176,1,1.08,0,0.2,0,0.8,0,0.67,0,22.93,"gtg","gtg","V","no",1,"g","0"
"177",177,177,177,177,177,177,177,177,177,177,177,177,177,177,177,177,177,177,177,177,177,177,177,1,1.38,0.01,0.26,0.01,0.74,0,0.67,0,29.64,"ggg","ggg","G","no",0,"g","0"
"178",178,178,178,178,178,178,178,178,178,178,178,178,178,178,178,178,178,178,178,178,178,178,178,1,1.14,1.14,0.09,0.1,0.91,0,0.67,0,33.3,"acc","acc","T","no",0,"c","0"
"179",179,179,179,179,179,179,179,179,179,179,179,179,179,179,179,179,179,179,179,179,179,179,179,1,1.01,0.7,0.28,0,0.72,0,0.67,0,30.66,"tcc","tcc","S","no",0,"c","0"
"180",180,180,180,180,180,180,180,180,180,180,180,180,180,180,180,180,180,180,180,180,180,180,180,1,0.83,0.05,0.27,0.03,0.73,0,0.67,0,19.01,"aag","aag","K","no",1,"g","0"
"181",181,181,181,181,181,181,181,181,181,181,181,181,181,181,181,181,181,181,181,181,181,181,181,1,1.05,0.01,0.39,0.01,0.61,0,0.67,0,22.72,"tcc","tcc","S","no",0,"c","0"
"182",182,182,182,182,182,182,182,182,182,182,182,182,182,182,182,182,182,182,182,182,182,182,182,1,0.61,0.61,0.05,0.04,0.95,0,0.67,0,16.33,"aag","aag","K","no",1,"g","0"
"183",183,183,183,183,183,183,183,183,183,183,183,183,183,183,183,183,183,183,183,183,183,183,183,1,1.82,0.09,0.14,0.09,0.86,0,0.67,0,42.76,"tac","tac","Y","no",0,"c","0"
"184",184,184,184,184,184,184,184,184,184,184,184,184,184,184,184,184,184,184,184,184,184,184,184,1,1.04,0.06,1,0.06,0,0,0.67,0,24.96,"cct","cct","P","no",0,"t","0"
"185",185,185,185,185,185,185,185,185,185,185,185,185,185,185,185,185,185,185,185,185,185,185,185,1,1.28,0.1,0.07,0.1,0.93,0,0.67,0,31.74,"tta","tta","L","no",0,"a","0"
"186",186,186,186,186,186,186,186,186,186,186,186,186,186,186,186,186,186,186,186,186,186,186,186,1,0.99,0.15,0.84,0.14,0.16,0,0.67,0,27.77,"gtg","gtg","V","no",1,"g","0"
"187",187,187,187,187,187,187,187,187,187,187,187,187,187,187,187,187,187,187,187,187,187,187,187,1,0.58,0.47,0.38,0,0.62,0,0.67,0,20.74,"gtt","gtt","V","no",0,"t","0"
"188",188,188,188,188,188,188,188,188,188,188,188,188,188,188,188,188,188,188,188,188,188,188,188,1,1.25,0,0.2,0,0.8,0,0.67,0,26.56,"agg","agg","R","no",0,"g","0"
"189",189,189,189,189,189,189,189,189,189,189,189,189,189,189,189,189,189,189,189,189,189,189,189,1,1.06,0.02,1,0.02,0,0,0.67,0,23.49,"att","att","I","no",0,"t","0"
"190",190,190,190,190,190,190,190,190,190,190,190,190,190,190,190,190,190,190,190,190,190,190,190,1,0.88,0,0.27,0,0.73,0,0.67,0,18.75,"tac","tac","Y","no",0,"c","0"
"191",191,191,191,191,191,191,191,191,191,191,191,191,191,191,191,191,191,191,191,191,191,191,191,1,0,0,0,0,1,0.04,0.61,1,0.23,"atg","atg","M","no",1,"g","0"
"192",192,192,192,192,192,192,192,192,192,192,192,192,192,192,192,192,192,192,192,192,192,192,192,1,1.09,0.01,0.02,0.01,0.98,0,0.67,0,23.57,"aga","aga","R","no",0,"a","0"
"193",193,193,193,193,193,193,193,193,193,193,193,193,193,193,193,193,193,193,193,193,193,193,193,1,1.1,0.03,0.54,0.03,0.46,0,0.67,0,24.67,"atg","atg","M","no",1,"g","0"
"194",194,194,194,194,194,194,194,194,194,194,194,194,194,194,194,194,194,194,194,194,194,194,194,1,1.49,0,0.12,0,0.88,0,0.67,0,31.67,"aag","aag","K","no",0,"g","0"
"195",195,195,195,195,195,195,195,195,195,195,195,195,195,195,195,195,195,195,195,195,195,195,195,1,0.94,0.01,0.3,0.01,0.7,0,0.67,0,20.39,"cac","cac","H","no",1,"c","0"
"196",196,196,196,196,196,196,196,196,196,196,196,196,196,196,196,196,196,196,196,196,196,196,196,1,0.62,0.62,0.05,0,0.95,0,0.67,0,14.55,"gtc","gtc","V","no",0,"c","0"
"197",197,197,197,197,197,197,197,197,197,197,197,197,197,197,197,197,197,197,197,197,197,197,197,1,0.53,0.53,0.03,0,0.97,0,0.67,0,11.94,"agg","agg","R","no",1,"g","0"
"198",198,198,198,198,198,198,198,198,198,198,198,198,198,198,198,198,198,198,198,198,198,198,198,1,1.18,0,0.34,0,0.66,0,0.67,0,25.04,"gcg","gcg","A","no",0,"g","0"
"199",199,199,199,199,199,199,199,199,199,199,199,199,199,199,199,199,199,199,199,199,199,199,199,1,204.13,5.89,0.01,0,0.99,0,0.67,0,4338.12,"tgg","tgg","W","no",1,"g","0"
"200",200,200,200,200,200,200,200,200,200,200,200,200,200,200,200,200,200,200,200,200,200,200,200,1,1.18,1.18,0.11,0.01,0.89,0,0.67,0,31.71,"ata","ata","I","no",0,"a","0"
"201",201,201,201,201,201,201,201,201,201,201,201,201,201,201,201,201,201,201,201,201,201,201,201,1,0.66,0.66,0.03,0,0.97,0,0.67,0,14.91,"cct","cct","P","no",0,"t","0"
"202",202,202,202,202,202,202,202,202,202,202,202,202,202,202,202,202,202,202,202,202,202,202,202,1,1.33,0,0.2,0,0.8,0,0.67,0,28.16,"cgc","cgc","R","no",0,"c","0"
"203",203,203,203,203,203,203,203,203,203,203,203,203,203,203,203,203,203,203,203,203,203,203,203,1,0.56,0,0,0,1,0,0.67,0,11.96,"ccg","ccg","P","no",0,"g","0"
"204",204,204,204,204,204,204,204,204,204,204,204,204,204,204,204,204,204,204,204,204,204,204,204,1,0.74,0.14,0.09,0.02,0.91,0,0.67,0,17.24,"atg","atg","M","no",1,"g","0"
"205",205,205,205,205,205,205,205,205,205,205,205,205,205,205,205,205,205,205,205,205,205,205,205,1,1.65,1.65,0.01,0,0.99,0,0.67,0,36,"cgt","cgt","R","no",0,"t","0"
"206",206,206,206,206,206,206,206,206,206,206,206,206,206,206,206,206,206,206,206,206,206,206,206,1,0.97,0.97,0.04,0,0.96,0,0.67,0,22.36,"aac","aac","N","no",0,"c","0"
"207",207,207,207,207,207,207,207,207,207,207,207,207,207,207,207,207,207,207,207,207,207,207,207,1,0.73,0.44,0.03,0.02,0.97,0,0.67,0,16.89,"caa","caa","Q","yes",1,"a","2"
"208",208,208,208,208,208,208,208,208,208,208,208,208,208,208,208,208,208,208,208,208,208,208,208,1,1.33,0.61,0.05,0,0.95,0,0.67,0,29.77,"aac","aac","N","no",0,"c","0"
"209",209,209,209,209,209,209,209,209,209,209,209,209,209,209,209,209,209,209,209,209,209,209,209,1,1.11,1.11,0.02,0,0.98,0,0.67,0,24.56,"tac","tac","Y","no",0,"c","0"
"210",210,210,210,210,210,210,210,210,210,210,210,210,210,210,210,210,210,210,210,210,210,210,210,1,1.38,0.04,1,0.04,0,0,0.67,0,31.05,"cta","cta","L","no",0,"a","0"
"211",211,211,211,211,211,211,211,211,211,211,211,211,211,211,211,211,211,211,211,211,211,211,211,1,1.66,0.03,0.4,0.03,0.6,0,0.67,0,36.48,"ttc","ttc","F","no",0,"c","0"
"212",212,212,212,212,212,212,212,212,212,212,212,212,212,212,212,212,212,212,212,212,212,212,212,1,0.6,0.6,0,0.01,1,0,0.67,0,13.47,"aaa","aaa","K","yes",1,"a","2"
"213",213,213,213,213,213,213,213,213,213,213,213,213,213,213,213,213,213,213,213,213,213,213,213,1,0.84,0.84,0.15,0,0.85,0,0.67,0,23.68,"gcc","gcc","A","no",0,"c","0"
"214",214,214,214,214,214,214,214,214,214,214,214,214,214,214,214,214,214,214,214,214,214,214,214,1,1.45,0.03,0,0.03,1,0,0.67,0,32.33,"aac","aac","N","no",1,"c","0"
"215",215,215,215,215,215,215,215,215,215,215,215,215,215,215,215,215,215,215,215,215,215,215,215,1,0.48,0,0.14,0,0.86,0,0.67,0,10.25,"cca","cca","P","no",1,"a","0"
"216",216,216,216,216,216,216,216,216,216,216,216,216,216,216,216,216,216,216,216,216,216,216,216,1,0.78,0.02,0.82,0.02,0.18,0,0.67,0,17.38,"aat","aat","N","yes",0,"t","3"
"217",217,217,217,217,217,217,217,217,217,217,217,217,217,217,217,217,217,217,217,217,217,217,217,1,1.39,0,0.26,0,0.74,0,0.67,0,29.46,"tat","tat","Y","yes",1,"t","4"
"218",218,218,218,218,218,218,218,218,218,218,218,218,218,218,218,218,218,218,218,218,218,218,218,1,0.5,0.16,0.71,0,0.29,0,0.67,0,16.09,"gct","gct","A","no",1,"t","0"
"219",219,219,219,219,219,219,219,219,219,219,219,219,219,219,219,219,219,219,219,219,219,219,219,1,1.89,1.37,0.02,0.04,0.98,0,0.67,0,43.39,"ggc","ggc","G","no",0,"c","0"
"220",220,220,220,220,220,220,220,220,220,220,220,220,220,220,220,220,220,220,220,220,220,220,220,1,0.94,0.94,0.22,0.02,0.78,0,0.67,0,30.18,"aac","aac","N","no",1,"c","0"
"221",221,221,221,221,221,221,221,221,221,221,221,221,221,221,221,221,221,221,221,221,221,221,221,1,0.63,0.63,0.19,0.04,0.81,0,0.67,0,20.33,"tcc","tcc","S","no",0,"c","0"
"222",222,222,222,222,222,222,222,222,222,222,222,222,222,222,222,222,222,222,222,222,222,222,222,1,1.66,1.66,0.01,0.01,0.99,0,0.67,0,36.14,"att","att","I","no",1,"t","0"
"223",223,223,223,223,223,223,223,223,223,223,223,223,223,223,223,223,223,223,223,223,223,223,223,1,1.88,1.88,0.04,0.07,0.96,0,0.67,0,46.15,"aag","aag","K","no",0,"g","0"
"224",224,224,224,224,224,224,224,224,224,224,224,224,224,224,224,224,224,224,224,224,224,224,224,1,0.49,0.49,0.22,0,0.78,0,0.67,0,15.66,"cca","cca","P","no",1,"a","0"
"225",225,225,225,225,225,225,225,225,225,225,225,225,225,225,225,225,225,225,225,225,225,225,225,1,0.87,0.05,0.79,0.04,0.21,0,0.67,0,20.47,"act","act","T","no",1,"t","0"
"226",226,226,226,226,226,226,226,226,226,226,226,226,226,226,226,226,226,226,226,226,226,226,226,1,0.75,0.09,0.53,0,0.47,0,0.67,0,18.25,"ggt","ggt","G","no",1,"t","0"
"227",227,227,227,227,227,227,227,227,227,227,227,227,227,227,227,227,227,227,227,227,227,227,227,1,0.99,0.99,0.54,0,0.46,0,0.67,0,45.66,"gcc","gcc","A","no",0,"c","0"
"228",228,228,228,228,228,228,228,228,228,228,228,228,228,228,228,228,228,228,228,228,228,228,228,1,0.79,0.17,0.21,0,0.79,0,0.67,0,18.39,"agt","agt","S","no",1,"t","0"
"229",229,229,229,229,229,229,229,229,229,229,229,229,229,229,229,229,229,229,229,229,229,229,229,1,0.86,0,0.07,0,0.93,0,0.67,0,18.26,"cgc","cgc","R","no",0,"c","0"
"230",230,230,230,230,230,230,230,230,230,230,230,230,230,230,230,230,230,230,230,230,230,230,230,1,0.98,0.98,0.16,0.06,0.84,0,0.67,0,30.41,"aca","aca","T","no",1,"a","0"
"231",231,231,231,231,231,231,231,231,231,231,231,231,231,231,231,231,231,231,231,231,231,231,231,1,1.29,0.32,0.58,0,0.42,0,0.67,0,35.91,"gcg","gcg","A","no",0,"g","0"
"232",232,232,232,232,232,232,232,232,232,232,232,232,232,232,232,232,232,232,232,232,232,232,232,1,1.17,1.17,0.03,0,0.97,0,0.67,0,26.43,"atc","atc","I","no",0,"c","0"
"233",233,233,233,233,233,233,233,233,233,233,233,233,233,233,233,233,233,233,233,233,233,233,233,1,1.01,1.01,0.06,0,0.94,0,0.67,0,24.41,"acc","acc","T","no",1,"c","0"
"234",234,234,234,234,234,234,234,234,234,234,234,234,234,234,234,234,234,234,234,234,234,234,234,1,1.42,0.13,0.64,0.12,0.36,0,0.67,0,36.15,"act","act","T","no",1,"t","0"
