"","Site","Partition","X.alpha.","X.beta.","X.beta...alpha.","Prob..alpha...beta..","Prob..alpha...beta...1","BayesFactor..alpha...beta..","PSRF","Neff","consensus_codon","last_nuc","consensus_AA","potential_CpG","makesCpG","graphit4"
"1",1,1,3.248,0.554,-2.694,0.604,0.344,0.772,1.015,127.639,"atg","g","M","no",1,"0"
"2",2,1,1.653,10.786,9.133,0.075,0.887,11.532,1.012,150.756,"cag","g","Q","no",1,"0"
"3",3,1,1.032,0.642,-0.39,0.536,0.406,1.008,1.017,119.232,"gtg","g","V","no",1,"0"
"4",4,1,1.564,0.595,-0.969,0.562,0.381,0.91,1.016,122.925,"act","t","T","no",0,"0"
"5",5,1,2.168,0.641,-1.526,0.571,0.374,0.882,1.015,126.55,"ttt","t","F","yes",0,"3"
"6",6,1,1.757,0.631,-1.126,0.563,0.381,0.91,1.016,124.676,"att","t","I","no",0,"0"
"7",7,1,1.295,0.667,-0.629,0.545,0.398,0.975,1.016,122.31,"tac","c","Y","no",0,"0"
"8",8,1,0.924,0.628,-0.296,0.531,0.41,1.026,1.017,117.424,"atc","c","I","no",1,"0"
"9",9,1,1.002,0.675,-0.328,0.531,0.411,1.03,1.017,119.197,"cta","a","L","no",0,"0"
"10",10,1,1.568,0.645,-0.923,0.556,0.388,0.934,1.016,123.898,"gtt","t","V","no",0,"0"
"11",11,1,1.757,0.631,-1.126,0.563,0.381,0.91,1.016,124.676,"att","t","I","no",0,"0"
"12",12,1,1.432,0.594,-0.838,0.558,0.385,0.924,1.016,122.058,"aca","a","T","no",1,"0"
"13",13,1,2.166,0.627,-1.539,0.573,0.372,0.876,1.015,126.288,"tgt","t","C","yes",1,"4"
"14",14,1,1.295,0.667,-0.629,0.545,0.398,0.975,1.016,122.31,"tac","c","Y","no",0,"0"
"15",15,1,2.248,0.623,-1.625,0.575,0.37,0.868,1.015,126.501,"gaa","a","E","yes",0,"1"
"16",16,1,1.291,0.567,-0.723,0.558,0.385,0.923,1.016,120.38,"aac","c","N","no",0,"0"
"17",17,1,1.291,0.568,-0.723,0.558,0.385,0.923,1.016,120.4,"gac","c","D","no",0,"0"
"18",18,1,1.587,3.196,1.609,0.276,0.671,3.014,1.012,146.263,"gta","a","V","no",0,"0"
"19",19,1,1.291,0.567,-0.723,0.558,0.385,0.923,1.016,120.38,"aac","c","N","no",0,"0"
"20",20,1,1.568,0.645,-0.923,0.556,0.388,0.934,1.016,123.898,"gtt","t","V","no",0,"0"
"21",21,1,1.295,0.667,-0.629,0.545,0.398,0.975,1.016,122.31,"tac","c","Y","no",0,"0"
"22",22,1,2.159,0.579,-1.579,0.579,0.366,0.852,1.015,125.21,"cat","t","H","yes",1,"4"
"23",23,1,1.757,0.631,-1.126,0.563,0.381,0.91,1.016,124.676,"att","t","I","no",0,"0"
"24",24,1,2.168,0.641,-1.526,0.571,0.374,0.882,1.015,126.55,"ttt","t","F","yes",0,"3"
"25",25,1,2.168,0.641,-1.526,0.571,0.374,0.882,1.015,126.55,"ttt","t","F","yes",0,"3"
"26",26,1,1.348,0.612,-0.737,0.553,0.39,0.943,1.016,121.881,"cag","g","Q","no",1,"0"
"27",27,1,3.226,0.501,-2.725,0.616,0.332,0.733,1.015,125.495,"atg","g","M","no",1,"0"
"28",28,1,1.273,0.549,-0.724,0.56,0.382,0.912,1.016,119.697,"tct","t","S","no",0,"0"
"29",29,1,1.272,0.54,-0.732,0.562,0.38,0.905,1.016,119.41,"ctt","t","L","no",0,"0"
"30",30,1,3.262,0.597,-2.665,0.597,0.35,0.796,1.015,128.898,"tgg","g","W","no",1,"0"
"31",31,1,0.709,0.593,-0.116,0.516,0.423,1.083,1.018,112.426,"ctg","g","L","no",1,"0"
"32",32,1,1.27,0.512,-0.758,0.569,0.373,0.879,1.017,118.341,"cct","t","P","no",0,"0"
"33",33,1,16.18,0.574,-15.605,0.923,0.061,0.096,1.011,158.484,"agt","t","S","no",1,"0"
"34",34,1,1.18,1.771,0.591,0.304,0.641,2.637,1.013,144.213,"gag","g","E","no",0,"0"
"35",35,1,0.842,15.847,15.005,0.003,0.987,115.461,1.003,329.857,"gcc","c","A","no",0,"0"
"36",36,1,1.352,1.606,0.254,0.32,0.624,2.453,1.012,146.848,"act","t","T","no",1,"0"
"37",37,1,0.749,0.568,-0.181,0.525,0.415,1.046,1.018,112.859,"gtc","c","V","no",0,"0"
"38",38,1,1.051,0.587,-0.464,0.544,0.397,0.973,1.017,118.444,"tac","c","Y","no",0,"0"
"39",39,1,0.889,0.602,-0.287,0.532,0.409,1.021,1.017,116.389,"ttg","g","L","no",1,"0"
"40",40,1,1.27,0.512,-0.758,0.569,0.373,0.879,1.017,118.341,"cct","t","P","no",0,"0"
"41",41,1,1.27,0.512,-0.758,0.569,0.373,0.879,1.017,118.341,"cct","t","P","no",1,"0"
"42",42,1,0.749,0.568,-0.181,0.525,0.415,1.046,1.018,112.859,"gtc","c","V","no",0,"0"
"43",43,1,1.158,0.512,-0.646,0.565,0.377,0.894,1.017,117.288,"cca","a","P","no",1,"0"
"44",44,1,1.161,0.57,-0.591,0.552,0.39,0.944,1.017,119.245,"gta","a","V","no",0,"0"
"45",45,1,1.368,1.812,0.443,0.311,0.634,2.555,1.012,145.964,"tct","t","S","no",0,"0"
"46",46,1,25.661,6.562,-19.099,0.828,0.062,0.098,0.998,723.64,"aag","g","K","no",0,"0"
"47",47,1,1.274,0.571,-0.704,0.556,0.386,0.928,1.016,120.313,"gtt","t","V","no",1,"0"
"48",48,1,1.161,0.57,-0.591,0.552,0.39,0.944,1.017,119.245,"gta","a","V","no",0,"0"
"49",49,1,1.048,0.5,-0.547,0.563,0.378,0.898,1.017,115.605,"agc","c","S","no",0,"0"
"50",50,1,0.851,0.531,-0.32,0.542,0.398,0.976,1.018,113.874,"acg","g","T","no",1,"0"
"51",51,1,1.849,0.543,-1.306,0.579,0.366,0.851,1.016,122.935,"gat","t","D","yes",1,"4"
"52",52,1,2.46,6.525,4.065,0.143,0.807,6.166,1.014,138.078,"gaa","a","E","yes",0,"1"
"53",53,1,1.855,0.59,-1.265,0.57,0.374,0.881,1.016,124.27,"tat","t","Y","yes",1,"4"
"54",54,1,1.274,0.571,-0.704,0.556,0.386,0.928,1.016,120.313,"gtt","t","V","no",1,"0"
"55",55,1,8.663,0.56,-8.103,0.875,0.099,0.162,1.013,139.254,"gca","a","A","no",1,"0"
"56",56,1,3.217,0.528,-2.688,0.805,0.156,0.274,1.018,111.562,"cgc","c","R","no",0,"0"
"57",57,1,1.159,0.532,-0.627,0.56,0.382,0.914,1.017,118.071,"aca","a","T","no",1,"0"
"58",58,1,1.048,0.511,-0.537,0.56,0.381,0.91,1.017,116.077,"aac","c","N","no",0,"0"
"59",59,1,1.498,0.549,-0.949,0.568,0.375,0.886,1.016,121.335,"ata","a","I","no",1,"0"
"60",60,1,1.855,0.59,-1.265,0.57,0.374,0.881,1.016,124.27,"tat","t","Y","yes",0,"3"
"61",61,1,1.855,0.59,-1.265,0.57,0.374,0.881,1.016,124.27,"tat","t","Y","yes",0,"3"
"62",62,1,1.846,0.52,-1.325,0.584,0.36,0.832,1.016,122.088,"cat","t","H","yes",1,"4"
"63",63,1,1.159,0.533,-0.627,0.559,0.382,0.914,1.017,118.097,"gca","a","A","no",1,"0"
"64",64,1,1.161,0.566,-0.594,0.553,0.389,0.941,1.017,119.15,"gga","a","G","no",0,"0"
"65",65,1,1.159,0.532,-0.627,0.56,0.382,0.914,1.017,118.071,"aca","a","T","no",1,"0"
"66",66,1,0.749,0.547,-0.202,0.529,0.41,1.028,1.018,112.296,"tcc","c","S","no",0,"0"
"67",67,1,1.365,1.769,0.404,0.312,0.632,2.536,1.012,146.082,"aga","a","R","no",1,"0"
"68",68,1,0.828,0.593,-0.234,0.528,0.412,1.034,1.017,115.073,"cta","a","L","no",0,"0"
"69",69,1,1.272,0.54,-0.732,0.562,0.38,0.905,1.016,119.41,"ctt","t","L","no",1,"0"
"70",70,1,1.159,0.533,-0.627,0.559,0.382,0.914,1.017,118.097,"gca","a","A","no",1,"0"
"71",71,1,1.274,0.571,-0.704,0.556,0.386,0.928,1.016,120.313,"gtt","t","V","no",1,"0"
"72",72,1,1.161,0.566,-0.594,0.553,0.389,0.941,1.017,119.15,"gga","a","G","no",0,"0"
"73",73,1,1.846,0.52,-1.325,0.584,0.36,0.832,1.016,122.088,"cat","t","H","yes",1,"4"
"74",74,1,0.749,0.511,-0.238,0.538,0.401,0.989,1.018,111.027,"ccc","c","P","no",0,"0"
"75",75,1,1.855,0.59,-1.265,0.57,0.374,0.881,1.016,124.27,"tat","t","Y","yes",0,"3"
"76",76,1,1.853,0.567,-1.285,0.574,0.37,0.868,1.016,123.685,"ttt","t","F","yes",0,"3"
"77",77,1,1.27,0.512,-0.758,0.569,0.373,0.879,1.017,118.341,"cct","t","P","no",0,"0"
"78",78,1,1.444,0.56,-0.884,0.564,0.379,0.9,1.016,121.288,"att","t","I","no",0,"0"
"79",79,1,1.94,0.543,-1.397,0.581,0.364,0.843,1.016,123.32,"aaa","a","K","yes",0,"1"
"80",80,1,1.94,0.543,-1.397,0.581,0.364,0.843,1.016,123.32,"aaa","a","K","yes",0,"1"
"81",81,1,1.27,0.512,-0.758,0.569,0.373,0.879,1.017,118.341,"cct","t","P","no",0,"0"
"82",82,1,1.048,0.511,-0.537,0.56,0.381,0.91,1.017,116.077,"aac","c","N","no",0,"0"
"83",83,1,1.849,0.543,-1.306,0.579,0.365,0.85,1.016,122.907,"aat","t","N","yes",1,"4"
"84",84,1,1.048,0.511,-0.537,0.56,0.381,0.91,1.017,116.077,"aac","c","N","no",0,"0"
"85",85,1,1.94,0.543,-1.397,0.581,0.364,0.843,1.016,123.32,"aaa","a","K","yes",1,"2"
"86",86,1,1.498,0.549,-0.949,0.568,0.375,0.886,1.016,121.335,"ata","a","I","no",0,"0"
"87",87,1,1.23,0.632,-0.599,0.546,0.396,0.97,1.016,121.183,"tta","a","L","no",0,"0"
"88",88,1,1.274,0.571,-0.704,0.556,0.386,0.928,1.016,120.313,"gtt","t","V","no",0,"0"
"89",89,1,1.27,0.512,-0.758,0.569,0.373,0.879,1.017,118.341,"cct","t","P","no",0,"0"
"90",90,1,1.94,0.543,-1.397,0.581,0.364,0.843,1.016,123.32,"aaa","a","K","yes",0,"1"
"91",91,1,1.161,0.57,-0.591,0.552,0.39,0.944,1.017,119.245,"gta","a","V","no",0,"0"
"92",92,1,8.729,0.683,-8.046,0.863,0.108,0.179,1.012,152.03,"tca","a","S","no",1,"0"
"93",93,1,1.161,0.566,-0.594,0.553,0.389,0.941,1.017,119.15,"gga","a","G","no",0,"0"
"94",94,1,1.23,0.632,-0.599,0.546,0.396,0.97,1.016,121.183,"tta","a","L","no",0,"0"
"95",95,1,1.941,0.551,-1.39,0.579,0.365,0.849,1.016,123.588,"caa","a","Q","yes",1,"2"
"96",96,1,1.051,0.587,-0.464,0.544,0.397,0.973,1.017,118.444,"tac","c","Y","no",0,"0"
"97",97,1,0.907,0.534,-0.374,0.546,0.395,0.963,1.017,114.936,"agg","g","R","no",1,"0"
"98",98,1,1.161,0.57,-0.591,0.552,0.39,0.944,1.017,119.245,"gta","a","V","no",0,"0"
"99",99,1,1.853,0.567,-1.285,0.574,0.37,0.868,1.016,123.685,"ttt","t","F","yes",0,"3"
"100",100,1,1.367,1.776,0.409,0.312,0.632,2.539,1.012,146.069,"aga","a","R","no",0,"0"
"101",101,1,1.498,0.549,-0.949,0.568,0.375,0.886,1.016,121.335,"ata","a","I","no",0,"0"
"102",102,1,2.027,1.745,-0.282,0.338,0.607,2.277,1.012,151.145,"cat","t","H","yes",1,"4"
"103",103,1,1.23,0.632,-0.599,0.546,0.396,0.97,1.016,121.183,"tta","a","L","no",0,"0"
"104",104,1,1.27,0.512,-0.758,0.569,0.373,0.879,1.017,118.341,"cct","t","P","no",1,"0"
"105",105,1,1.048,0.512,-0.537,0.56,0.382,0.911,1.017,116.101,"gac","c","D","no",0,"0"
"106",106,1,0.749,0.511,-0.238,0.538,0.401,0.989,1.018,111.027,"ccc","c","P","no",0,"0"
"107",107,1,1.849,0.543,-1.306,0.579,0.365,0.85,1.016,122.907,"aat","t","N","yes",1,"4"
"108",108,1,1.094,0.538,-0.556,0.555,0.386,0.928,1.017,117.612,"aag","g","K","no",0,"0"
"109",109,1,1.853,0.567,-1.285,0.574,0.37,0.868,1.016,123.685,"ttt","t","F","yes",1,"4"
"110",110,1,1.273,0.545,-0.727,0.561,0.381,0.909,1.016,119.576,"ggt","t","G","no",0,"0"
"111",111,1,1.853,0.567,-1.285,0.574,0.37,0.868,1.016,123.685,"ttt","t","F","yes",0,"3"
"112",112,1,1.27,0.512,-0.758,0.569,0.373,0.879,1.017,118.341,"cct","t","P","no",1,"0"
"113",113,1,1.048,0.512,-0.537,0.56,0.382,0.911,1.017,116.101,"gac","c","D","no",0,"0"
"114",114,1,0.749,0.531,-0.218,0.533,0.407,1.012,1.018,111.768,"acc","c","T","no",1,"0"
"115",115,1,1.164,0.638,-0.526,0.542,0.4,0.983,1.016,120.642,"tca","a","S","no",1,"0"
"116",116,1,1.853,0.567,-1.285,0.574,0.37,0.868,1.016,123.685,"ttt","t","F","yes",0,"3"
"117",117,1,12.543,0.639,-11.904,0.897,0.081,0.13,1.011,156.867,"tat","t","Y","yes",0,"3"
"118",118,1,1.849,0.543,-1.306,0.579,0.365,0.85,1.016,122.907,"aat","t","N","yes",0,"3"
"119",119,1,1.158,0.512,-0.646,0.565,0.377,0.894,1.017,117.288,"cca","a","P","no",1,"0"
"120",120,1,1.849,0.543,-1.306,0.579,0.366,0.851,1.016,122.935,"gat","t","D","yes",0,"3"
"121",121,1,1.159,0.532,-0.627,0.56,0.382,0.914,1.017,118.071,"aca","a","T","no",1,"0"
"122",122,1,7.861,0.574,-7.287,0.866,0.106,0.175,1.013,139.233,"cag","g","Q","no",1,"0"
"123",123,1,0.723,0.555,-0.168,0.524,0.415,1.047,1.018,111.895,"cgg","g","R","no",0,"0"
"124",124,1,0.709,0.593,-0.116,0.516,0.423,1.083,1.018,112.426,"ctg","g","L","no",1,"0"
"125",125,1,1.274,0.571,-0.704,0.556,0.386,0.928,1.016,120.313,"gtt","t","V","no",0,"0"
"126",126,1,3.262,0.597,-2.665,0.597,0.35,0.796,1.015,128.898,"tgg","g","W","no",1,"0"
"127",127,1,0.749,0.531,-0.218,0.533,0.407,1.012,1.018,111.793,"gcc","c","A","no",0,"0"
"128",128,1,1.851,0.557,-1.295,0.576,0.368,0.86,1.016,123.367,"tgt","t","C","yes",1,"4"
"129",129,1,1.161,0.57,-0.591,0.552,0.39,0.944,1.017,119.245,"gta","a","V","no",0,"0"
"130",130,1,1.273,0.545,-0.727,0.561,0.381,0.909,1.016,119.576,"ggt","t","G","no",1,"0"
"131",131,1,1.274,0.571,-0.704,0.556,0.386,0.928,1.016,120.313,"gtt","t","V","no",1,"0"
"132",132,1,1.094,0.548,-0.546,0.553,0.388,0.937,1.017,117.934,"gag","g","E","no",0,"0"
"133",133,1,22.247,0.659,-21.589,0.988,0.007,0.01,1.003,300.924,"gta","a","V","no",0,"0"
"134",134,1,10.083,0.579,-9.505,0.885,0.091,0.148,1.013,144.478,"ggt","t","G","no",0,"0"
"135",135,1,1.271,0.522,-0.749,0.567,0.376,0.888,1.017,118.732,"cgt","t","R","no",1,"0"
"136",136,1,1.273,0.545,-0.727,0.561,0.381,0.909,1.016,119.576,"ggt","t","G","no",0,"0"
"137",137,1,1.094,0.545,-0.548,0.554,0.388,0.935,1.017,117.868,"cag","g","Q","no",1,"0"
"138",138,1,1.158,0.512,-0.646,0.565,0.377,0.894,1.017,117.288,"cca","a","P","no",1,"0"
"139",139,1,1.519,11.899,10.381,0.064,0.901,13.474,1.012,154.34,"tta","a","L","no",0,"0"
"140",140,1,1.273,0.545,-0.727,0.561,0.381,0.909,1.016,119.576,"ggt","t","G","no",1,"0"
"141",141,1,13.665,0.628,-13.037,0.973,0.017,0.026,1.004,274.471,"gtg","g","V","no",1,"0"
"142",142,1,0.749,0.544,-0.206,0.53,0.41,1.024,1.018,112.185,"ggc","c","G","no",0,"0"
"143",143,1,1.571,1.983,0.412,0.312,0.633,2.545,1.012,147.012,"att","t","I","no",1,"0"
"144",144,1,1.847,0.528,-1.319,0.582,0.362,0.838,1.016,122.375,"agt","t","S","no",1,"0"
"145",145,1,0.749,0.544,-0.206,0.53,0.41,1.024,1.018,112.185,"ggc","c","G","no",0,"0"
"146",146,1,1.846,0.52,-1.325,0.584,0.36,0.832,1.016,122.088,"cat","t","H","yes",1,"4"
"147",147,1,1.27,0.512,-0.758,0.569,0.373,0.879,1.017,118.341,"cct","t","P","no",0,"0"
"148",148,1,1.23,0.632,-0.599,0.546,0.396,0.97,1.016,121.183,"tta","a","L","no",0,"0"
"149",149,1,1.23,0.632,-0.599,0.546,0.396,0.97,1.016,121.183,"tta","a","L","no",0,"0"
"150",150,1,1.849,0.543,-1.306,0.579,0.365,0.85,1.016,122.907,"aat","t","N","yes",0,"3"
"151",151,1,1.94,0.543,-1.397,0.581,0.364,0.843,1.016,123.32,"aaa","a","K","yes",0,"1"
"152",152,1,0.889,0.602,-0.287,0.532,0.409,1.021,1.017,116.389,"ttg","g","L","no",1,"0"
"153",153,1,1.849,0.543,-1.306,0.579,0.366,0.851,1.016,122.935,"gat","t","D","yes",1,"4"
"154",154,1,1.048,0.512,-0.537,0.56,0.382,0.911,1.017,116.101,"gac","c","D","no",0,"0"
"155",155,1,34.002,2,-32.001,0.992,0.001,0.002,0.998,779.762,"aca","a","T","no",1,"0"
"156",156,1,1.941,0.553,-1.388,0.579,0.366,0.851,1.016,123.657,"gaa","a","E","yes",0,"1"
"157",157,1,1.849,0.543,-1.306,0.579,0.365,0.85,1.016,122.907,"aat","t","N","yes",1,"4"
"158",158,1,10.018,0.564,-9.454,0.886,0.09,0.146,1.013,142.695,"gct","t","A","no",0,"0"
"159",159,1,1.847,0.528,-1.319,0.582,0.362,0.838,1.016,122.375,"agt","t","S","no",1,"0"
"160",160,1,1.272,0.533,-0.739,0.564,0.378,0.899,1.017,119.155,"gct","t","A","no",0,"0"
"161",161,1,1.855,0.59,-1.265,0.57,0.374,0.881,1.016,124.27,"tat","t","Y","yes",1,"4"
"162",162,1,9.475,0.562,-8.912,0.882,0.093,0.152,1.013,141.63,"gca","a","A","no",1,"0"
"163",163,1,1.219,1.652,0.434,0.311,0.633,2.55,1.013,145.13,"gca","a","A","no",1,"0"
"164",164,1,2.037,1.705,-0.332,0.34,0.604,2.256,1.012,151.477,"aat","t","N","yes",1,"4"
"165",165,1,1.159,0.533,-0.627,0.559,0.382,0.914,1.017,118.097,"gca","a","A","no",1,"0"
"166",166,1,1.351,1.761,0.41,0.312,0.632,2.539,1.012,145.997,"ggt","t","G","no",1,"0"
"167",167,1,0.851,0.569,-0.283,0.534,0.406,1.008,1.017,114.995,"gtg","g","V","no",1,"0"
"168",168,1,1.849,0.543,-1.306,0.579,0.366,0.851,1.016,122.935,"gat","t","D","yes",0,"3"
"169",169,1,2.031,1.714,-0.317,0.34,0.605,2.261,1.012,151.379,"aat","t","N","yes",0,"3"
"170",170,1,1.283,0.547,-0.736,0.561,0.381,0.909,1.016,119.676,"aga","a","R","no",0,"0"
"171",171,1,1.941,0.553,-1.388,0.579,0.366,0.851,1.016,123.657,"gaa","a","E","yes",0,"1"
"172",172,1,2.016,1.876,-0.139,0.332,0.613,2.339,1.012,150.343,"tgt","t","C","yes",1,"4"
"173",173,1,1.498,0.549,-0.949,0.568,0.375,0.886,1.016,121.335,"ata","a","I","no",0,"0"
"174",174,1,1.273,0.549,-0.724,0.56,0.382,0.912,1.016,119.697,"tct","t","S","no",0,"0"
"175",175,1,3.226,0.501,-2.725,0.616,0.332,0.733,1.015,125.495,"atg","g","M","no",1,"0"
"176",176,1,1.849,0.543,-1.306,0.579,0.366,0.851,1.016,122.935,"gat","t","D","yes",0,"3"
"177",177,1,1.051,0.587,-0.464,0.544,0.397,0.973,1.017,118.444,"tac","c","Y","no",0,"0"
"178",178,1,1.94,0.543,-1.397,0.581,0.364,0.843,1.016,123.32,"aaa","a","K","yes",1,"2"
"179",179,1,1.941,0.551,-1.39,0.579,0.365,0.849,1.016,123.588,"caa","a","Q","yes",1,"2"
"180",180,1,1.159,0.532,-0.627,0.56,0.382,0.914,1.017,118.071,"aca","a","T","no",1,"0"
"181",181,1,1.941,0.551,-1.39,0.579,0.365,0.849,1.016,123.588,"caa","a","Q","yes",1,"2"
"182",182,1,0.889,0.602,-0.287,0.532,0.409,1.021,1.017,116.389,"ttg","g","L","no",1,"0"
"183",183,1,1.851,0.557,-1.295,0.576,0.368,0.86,1.016,123.367,"tgt","t","C","yes",1,"4"
"184",184,1,1.23,0.632,-0.599,0.546,0.396,0.97,1.016,121.183,"tta","a","L","no",0,"0"
"185",185,1,1.444,0.56,-0.884,0.564,0.379,0.9,1.016,121.288,"att","t","I","no",1,"0"
"186",186,1,1.273,0.545,-0.727,0.561,0.381,0.909,1.016,119.576,"ggt","t","G","no",0,"0"
"187",187,1,1.05,0.555,-0.495,0.55,0.392,0.951,1.017,117.621,"tgc","c","C","no",1,"0"
"188",188,1,1.94,0.543,-1.397,0.581,0.364,0.843,1.016,123.32,"aaa","a","K","yes",1,"2"
"189",189,1,1.158,0.512,-0.646,0.565,0.377,0.894,1.017,117.288,"cca","a","P","no",1,"0"
"190",190,1,1.27,0.512,-0.758,0.569,0.373,0.879,1.017,118.341,"cct","t","P","no",0,"0"
"191",191,1,1.498,0.549,-0.949,0.568,0.375,0.886,1.016,121.335,"ata","a","I","no",0,"0"
"192",192,1,0.851,0.544,-0.307,0.539,0.401,0.988,1.017,114.301,"ggg","g","G","no",0,"0"
"193",193,1,1.941,0.553,-1.388,0.579,0.366,0.851,1.016,123.657,"gaa","a","E","yes",0,"1"
"194",194,1,1.047,0.495,-0.553,0.565,0.377,0.892,1.017,115.347,"cac","c","H","no",1,"0"
"195",195,1,3.262,0.597,-2.665,0.597,0.35,0.796,1.015,128.898,"tgg","g","W","no",1,"0"
"196",196,1,0.749,0.544,-0.206,0.53,0.41,1.024,1.018,112.185,"ggc","c","G","no",0,"0"
"197",197,1,1.94,0.543,-1.397,0.581,0.364,0.843,1.016,123.32,"aaa","a","K","yes",1,"2"
"198",198,1,1.161,0.566,-0.594,0.553,0.389,0.941,1.017,119.15,"gga","a","G","no",0,"0"
"199",199,1,0.749,0.547,-0.202,0.529,0.41,1.028,1.018,112.296,"tcc","c","S","no",0,"0"
"200",200,1,8.586,0.535,-8.051,0.878,0.097,0.158,1.014,136.427,"cca","a","P","no",1,"0"
"201",201,1,2.355,6.944,4.59,0.133,0.817,6.607,1.013,138.745,"tgt","t","C","yes",1,"4"
"202",202,1,0.921,10.567,9.646,0.019,0.958,34.078,1.01,165.494,"acc","c","T","no",0,"0"
"203",203,1,1.849,0.543,-1.306,0.579,0.365,0.85,1.016,122.907,"aat","t","N","yes",1,"4"
"204",204,1,1.274,0.571,-0.704,0.556,0.386,0.928,1.016,120.313,"gtt","t","V","no",1,"0"
"205",205,1,1.159,0.533,-0.627,0.559,0.382,0.914,1.017,118.097,"gca","a","A","no",1,"0"
"206",206,1,1.161,0.57,-0.591,0.552,0.39,0.944,1.017,119.245,"gta","a","V","no",0,"0"
"207",207,1,2.376,31.523,29.148,0.01,0.971,49.449,1,482.594,"aat","t","N","yes",0,"3"
"208",208,1,1.158,0.512,-0.646,0.565,0.377,0.894,1.017,117.288,"cca","a","P","no",1,"0"
"209",209,1,34.274,0.662,-33.612,0.999,0,0,0.996,4654.159,"ggt","t","G","no",1,"0"
"210",210,1,1.849,0.543,-1.306,0.579,0.366,0.851,1.016,122.935,"gat","t","D","yes",0,"3"
"211",211,1,1.851,0.557,-1.295,0.576,0.368,0.86,1.016,123.367,"tgt","t","C","yes",1,"4"
"212",212,1,1.158,0.512,-0.646,0.565,0.377,0.894,1.017,117.288,"cca","a","P","no",1,"0"
"213",213,1,1.158,0.512,-0.646,0.565,0.377,0.894,1.017,117.288,"cca","a","P","no",1,"0"
"214",214,1,1.23,0.632,-0.599,0.546,0.396,0.97,1.016,121.183,"tta","a","L","no",0,"0"
"215",215,1,1.094,0.548,-0.546,0.553,0.388,0.937,1.017,117.934,"gag","g","E","no",0,"0"
"216",216,1,1.23,0.632,-0.599,0.546,0.396,0.97,1.016,121.183,"tta","a","L","no",0,"0"
"217",217,1,1.498,0.549,-0.949,0.568,0.375,0.886,1.016,121.335,"ata","a","I","no",0,"0"
"218",218,1,1.048,0.511,-0.537,0.56,0.381,0.91,1.017,116.077,"aac","c","N","no",0,"0"
"219",219,1,1.159,0.532,-0.627,0.56,0.382,0.914,1.017,118.071,"aca","a","T","no",1,"0"
"220",220,1,1.274,0.571,-0.704,0.556,0.386,0.928,1.016,120.313,"gtt","t","V","no",0,"0"
"221",221,1,1.444,0.56,-0.884,0.564,0.379,0.9,1.016,121.288,"att","t","I","no",0,"0"
"222",222,1,1.094,0.545,-0.548,0.554,0.388,0.935,1.017,117.868,"cag","g","Q","no",1,"0"
"223",223,1,1.849,0.543,-1.306,0.579,0.366,0.851,1.016,122.935,"gat","t","D","yes",1,"4"
"224",224,1,1.273,0.545,-0.727,0.561,0.381,0.909,1.016,119.576,"ggt","t","G","no",1,"0"
"225",225,1,1.849,0.543,-1.306,0.579,0.366,0.851,1.016,122.935,"gat","t","D","yes",0,"3"
"226",226,1,3.226,0.501,-2.725,0.616,0.332,0.733,1.015,125.495,"atg","g","M","no",1,"0"
"227",227,1,1.274,0.571,-0.704,0.556,0.386,0.928,1.016,120.313,"gtt","t","V","no",1,"0"
"228",228,1,2.025,1.721,-0.304,0.339,0.606,2.266,1.012,151.29,"gat","t","D","yes",0,"3"
"229",229,1,18.543,0.594,-17.948,0.985,0.009,0.014,1.006,231.848,"act","t","T","no",1,"0"
"230",230,1,0.749,0.544,-0.206,0.53,0.41,1.024,1.018,112.185,"ggc","c","G","no",0,"0"
"231",231,1,17.513,2.3,-15.213,0.81,0.141,0.242,1.004,294.261,"ttt","t","F","yes",1,"4"
"232",232,1,1.273,0.545,-0.727,0.561,0.381,0.909,1.016,119.576,"ggt","t","G","no",1,"0"
"233",233,1,1.272,0.533,-0.739,0.564,0.378,0.899,1.017,119.155,"gct","t","A","no",0,"0"
"234",234,1,3.226,0.501,-2.725,0.616,0.332,0.733,1.015,125.495,"atg","g","M","no",1,"0"
"235",235,1,1.048,0.512,-0.537,0.56,0.382,0.911,1.017,116.101,"gac","c","D","no",0,"0"
"236",236,1,1.853,0.567,-1.285,0.574,0.37,0.868,1.016,123.685,"ttt","t","F","yes",0,"3"
"237",237,1,1.272,0.533,-0.739,0.564,0.378,0.898,1.017,119.128,"act","t","T","no",0,"0"
"238",238,1,22.606,0.609,-21.996,0.99,0.006,0.009,1.005,253.393,"aca","a","T","no",1,"0"
"239",239,1,1.242,0.635,-0.607,0.546,0.396,0.97,1.016,121.34,"tta","a","L","no",0,"0"
"240",240,1,1.094,0.545,-0.548,0.554,0.388,0.935,1.017,117.868,"cag","g","Q","no",1,"0"
"241",241,1,1.272,0.533,-0.739,0.564,0.378,0.899,1.017,119.155,"gct","t","A","no",0,"0"
"242",242,1,1.048,0.511,-0.537,0.56,0.381,0.91,1.017,116.077,"aac","c","N","no",0,"0"
"243",243,1,1.94,0.543,-1.397,0.581,0.364,0.843,1.016,123.32,"aaa","a","K","yes",1,"2"
"244",244,1,1.847,0.528,-1.319,0.582,0.362,0.838,1.016,122.375,"agt","t","S","no",1,"0"
"245",245,1,1.941,0.553,-1.388,0.579,0.366,0.851,1.016,123.657,"gaa","a","E","yes",0,"1"
"246",246,1,1.274,0.571,-0.704,0.556,0.386,0.928,1.016,120.313,"gtt","t","V","no",0,"0"
"247",247,1,1.158,0.512,-0.646,0.565,0.377,0.894,1.017,117.288,"cca","a","P","no",1,"0"
"248",248,1,2.766,0.604,-2.162,0.78,0.178,0.319,1.018,111.183,"ctg","g","L","no",1,"0"
"249",249,1,1.849,0.543,-1.306,0.579,0.366,0.851,1.016,122.935,"gat","t","D","yes",0,"3"
"250",250,1,1.444,0.56,-0.884,0.564,0.379,0.9,1.016,121.288,"att","t","I","no",0,"0"
"251",251,1,1.851,0.557,-1.295,0.576,0.368,0.86,1.016,123.367,"tgt","t","C","yes",1,"4"
"252",252,1,20.657,0.601,-20.056,0.988,0.007,0.011,1.006,238.543,"aca","a","T","no",1,"0"
"253",253,1,1.273,0.549,-0.724,0.56,0.382,0.912,1.016,119.697,"tct","t","S","no",0,"0"
"254",254,1,1.444,0.56,-0.884,0.564,0.379,0.9,1.016,121.288,"att","t","I","no",0,"0"
"255",255,1,1.05,0.555,-0.495,0.55,0.392,0.951,1.017,117.621,"tgc","c","C","no",1,"0"
"256",256,1,1.94,0.543,-1.397,0.581,0.364,0.843,1.016,123.32,"aaa","a","K","yes",1,"2"
"257",257,1,1.855,0.59,-1.265,0.57,0.374,0.881,1.016,124.27,"tat","t","Y","yes",0,"3"
"258",258,1,1.158,0.512,-0.646,0.565,0.377,0.894,1.017,117.288,"cca","a","P","no",1,"0"
"259",259,1,1.849,0.543,-1.306,0.579,0.366,0.851,1.016,122.935,"gat","t","D","yes",0,"3"
"260",260,1,1.855,0.59,-1.265,0.57,0.374,0.881,1.016,124.27,"tat","t","Y","yes",0,"3"
"261",261,1,1.444,0.56,-0.884,0.564,0.379,0.9,1.016,121.288,"att","t","I","no",0,"0"
"262",262,1,1.94,0.543,-1.397,0.581,0.364,0.843,1.016,123.32,"aaa","a","K","yes",0,"1"
"263",263,1,3.226,0.501,-2.725,0.616,0.332,0.733,1.015,125.495,"atg","g","M","no",1,"0"
"264",264,1,0.851,0.569,-0.283,0.534,0.406,1.008,1.017,114.995,"gtg","g","V","no",1,"0"
"265",265,1,1.164,0.638,-0.526,0.542,0.4,0.983,1.016,120.642,"tca","a","S","no",1,"0"
"266",266,1,17.034,0.611,-16.423,0.924,0.06,0.093,1.01,167.16,"gaa","a","E","yes",0,"1"
"267",267,1,1.158,0.512,-0.646,0.565,0.377,0.894,1.017,117.288,"cca","a","P","no",1,"0"
"268",268,1,1.855,0.59,-1.265,0.57,0.374,0.881,1.016,124.27,"tat","t","Y","yes",1,"4"
"269",269,1,0.749,0.544,-0.206,0.53,0.41,1.024,1.018,112.185,"ggc","c","G","no",0,"0"
"270",270,1,1.048,0.512,-0.537,0.56,0.382,0.911,1.017,116.101,"gac","c","D","no",0,"0"
"271",271,1,1.081,1.291,0.21,0.324,0.619,2.398,1.012,146.357,"agc","c","S","no",1,"0"
"272",272,1,1.23,0.632,-0.599,0.546,0.396,0.97,1.016,121.183,"tta","a","L","no",0,"0"
"273",273,1,1.853,0.567,-1.285,0.574,0.37,0.868,1.016,123.685,"ttt","t","F","yes",0,"3"
"274",274,1,16.445,0.626,-15.819,0.92,0.063,0.099,1.01,167.014,"ttt","t","F","yes",0,"3"
"275",275,1,1.855,0.59,-1.265,0.57,0.374,0.881,1.016,124.27,"tat","t","Y","yes",0,"3"
"276",276,1,1.23,0.632,-0.599,0.546,0.396,0.97,1.016,121.183,"tta","a","L","no",0,"0"
"277",277,1,0.855,0.623,-0.232,0.526,0.414,1.043,1.017,116.155,"cga","a","R","no",0,"0"
"278",278,1,0.907,0.534,-0.374,0.546,0.395,0.963,1.017,114.936,"agg","g","R","no",0,"0"
"279",279,1,1.941,0.553,-1.388,0.579,0.366,0.851,1.016,123.657,"gaa","a","E","yes",0,"1"
"280",280,1,1.941,0.551,-1.39,0.579,0.365,0.849,1.016,123.588,"caa","a","Q","yes",1,"2"
"281",281,1,3.226,0.501,-2.725,0.616,0.332,0.733,1.015,125.495,"atg","g","M","no",1,"0"
"282",282,1,1.853,0.567,-1.285,0.574,0.37,0.868,1.016,123.685,"ttt","t","F","yes",1,"4"
"283",283,1,1.274,0.571,-0.704,0.556,0.386,0.928,1.016,120.313,"gtt","t","V","no",0,"0"
"284",284,1,1.283,0.547,-0.736,0.561,0.381,0.909,1.016,119.676,"aga","a","R","no",0,"0"
"285",285,1,1.846,0.52,-1.325,0.584,0.36,0.832,1.016,122.088,"cat","t","H","yes",1,"4"
"286",286,1,1.23,0.632,-0.599,0.546,0.396,0.97,1.016,121.183,"tta","a","L","no",0,"0"
"287",287,1,1.853,0.567,-1.285,0.574,0.37,0.868,1.016,123.685,"ttt","t","F","yes",0,"3"
"288",288,1,1.849,0.543,-1.306,0.579,0.365,0.85,1.016,122.907,"aat","t","N","yes",0,"3"
"289",289,1,0.907,0.534,-0.374,0.546,0.395,0.963,1.017,114.936,"agg","g","R","no",0,"0"
"290",290,1,1.272,0.533,-0.739,0.564,0.378,0.899,1.017,119.155,"gct","t","A","no",1,"0"
"291",291,1,1.273,0.545,-0.727,0.561,0.381,0.909,1.016,119.576,"ggt","t","G","no",1,"0"
"292",292,1,1.272,0.533,-0.739,0.564,0.378,0.899,1.017,119.155,"gct","t","A","no",1,"0"
"293",293,1,1.274,0.571,-0.704,0.556,0.386,0.928,1.016,120.313,"gtt","t","V","no",1,"0"
"294",294,1,1.273,0.545,-0.727,0.561,0.381,0.909,1.016,119.576,"ggt","t","G","no",1,"0"
"295",295,1,1.941,0.553,-1.388,0.579,0.366,0.851,1.016,123.657,"gaa","a","E","yes",0,"1"
"296",296,1,1.849,0.543,-1.306,0.579,0.365,0.85,1.016,122.907,"aat","t","N","yes",1,"4"
"297",297,1,1.161,0.57,-0.591,0.552,0.39,0.944,1.017,119.245,"gta","a","V","no",0,"0"
"298",298,1,1.158,0.512,-0.646,0.565,0.377,0.894,1.017,117.288,"cca","a","P","no",1,"0"
"299",299,1,1.048,0.512,-0.537,0.56,0.382,0.911,1.017,116.101,"gac","c","D","no",0,"0"
"300",300,1,1.849,0.543,-1.306,0.579,0.366,0.851,1.016,122.935,"gat","t","D","yes",0,"3"
"301",301,1,1.23,0.632,-0.599,0.546,0.396,0.97,1.016,121.183,"tta","a","L","no",0,"0"
"302",302,1,1.051,0.587,-0.464,0.544,0.397,0.973,1.017,118.444,"tac","c","Y","no",0,"0"
"303",303,1,1.444,0.56,-0.884,0.564,0.379,0.9,1.016,121.288,"att","t","I","no",1,"0"
"304",304,1,1.94,0.543,-1.397,0.581,0.364,0.843,1.016,123.32,"aaa","a","K","yes",0,"1"
"305",305,1,0.749,0.544,-0.206,0.53,0.41,1.024,1.018,112.185,"ggc","c","G","no",0,"0"
"306",306,1,1.273,0.549,-0.724,0.56,0.382,0.912,1.016,119.697,"tct","t","S","no",1,"0"
"307",307,1,0.851,0.544,-0.307,0.539,0.401,0.988,1.017,114.301,"ggg","g","G","no",0,"0"
"308",308,1,1.273,0.549,-0.724,0.56,0.382,0.912,1.016,119.697,"tct","t","S","no",0,"0"
"309",309,1,1.272,0.533,-0.739,0.564,0.378,0.898,1.017,119.128,"act","t","T","no",1,"0"
"310",310,1,1.159,0.533,-0.627,0.559,0.382,0.914,1.017,118.097,"gca","a","A","no",1,"0"
"311",311,1,1.849,0.543,-1.306,0.579,0.365,0.85,1.016,122.907,"aat","t","N","yes",0,"3"
"312",312,1,1.23,0.632,-0.599,0.546,0.396,0.97,1.016,121.183,"tta","a","L","no",0,"0"
"313",313,1,0.749,0.531,-0.218,0.533,0.407,1.012,1.018,111.793,"gcc","c","A","no",0,"0"
"314",314,1,1.847,0.528,-1.319,0.582,0.362,0.838,1.016,122.375,"agt","t","S","no",1,"0"
"315",315,1,8.712,0.683,-8.029,0.863,0.108,0.179,1.012,151.967,"tca","a","S","no",1,"0"
"316",316,1,1.849,0.543,-1.306,0.579,0.365,0.85,1.016,122.907,"aat","t","N","yes",0,"3"
"317",317,1,1.855,0.59,-1.265,0.57,0.374,0.881,1.016,124.27,"tat","t","Y","yes",0,"3"
"318",318,1,1.853,0.567,-1.285,0.574,0.37,0.868,1.016,123.685,"ttt","t","F","yes",0,"3"
"319",319,1,1.27,0.512,-0.758,0.569,0.373,0.879,1.017,118.341,"cct","t","P","no",0,"0"
"320",320,1,1.159,0.532,-0.627,0.56,0.382,0.914,1.017,118.071,"aca","a","T","no",1,"0"
"321",321,1,1.27,0.512,-0.758,0.569,0.373,0.879,1.017,118.341,"cct","t","P","no",0,"0"
"322",322,1,1.847,0.528,-1.319,0.582,0.362,0.838,1.016,122.375,"agt","t","S","no",1,"0"
"323",323,1,1.273,0.545,-0.727,0.561,0.381,0.909,1.016,119.576,"ggt","t","G","no",0,"0"
"324",324,1,1.273,0.549,-0.724,0.56,0.382,0.912,1.016,119.697,"tct","t","S","no",0,"0"
"325",325,1,3.226,0.501,-2.725,0.616,0.332,0.733,1.015,125.495,"atg","g","M","no",1,"0"
"326",326,1,34.633,2.618,-32.015,0.985,0.003,0.004,0.998,724,"gtt","t","V","no",0,"0"
"327",327,1,3.881,10.989,7.107,0.101,0.769,4.902,1.004,286.563,"acc","c","T","no",0,"0"
"328",328,1,1.494,6.402,4.908,0.113,0.841,7.834,1.015,126.054,"tct","t","S","no",1,"0"
"329",329,1,1.849,0.543,-1.306,0.579,0.366,0.851,1.016,122.935,"gat","t","D","yes",1,"4"
"330",330,1,3.223,0.54,-2.683,0.803,0.158,0.278,1.018,112.371,"gcc","c","A","no",0,"0"
"331",331,1,1.941,0.551,-1.39,0.579,0.365,0.849,1.016,123.588,"caa","a","Q","yes",1,"2"
"332",332,1,1.498,0.549,-0.949,0.568,0.375,0.886,1.016,121.335,"ata","a","I","no",0,"0"
"333",333,1,23.787,0.618,-23.169,0.991,0.005,0.008,1.004,268.736,"ttc","c","F","no",0,"0"
"334",334,1,1.849,0.543,-1.306,0.579,0.365,0.85,1.016,122.907,"aat","t","N","yes",1,"4"
"335",335,1,1.94,0.543,-1.397,0.581,0.364,0.843,1.016,123.32,"aaa","a","K","yes",0,"1"
"336",336,1,10.855,0.542,-10.313,0.895,0.083,0.134,1.013,141.944,"cct","t","P","no",0,"0"
"337",337,1,1.855,0.59,-1.265,0.57,0.374,0.881,1.016,124.27,"tat","t","Y","yes",0,"3"
"338",338,1,3.262,0.597,-2.665,0.597,0.35,0.796,1.015,128.898,"tgg","g","W","no",1,"0"
"339",339,1,9.427,0.688,-8.738,0.869,0.103,0.17,1.012,154.064,"tta","a","L","no",0,"0"
"340",340,1,1.941,0.551,-1.39,0.579,0.365,0.849,1.016,123.588,"caa","a","Q","yes",1,"2"
"341",341,1,0.855,0.623,-0.232,0.526,0.414,1.043,1.017,116.155,"cga","a","R","no",0,"0"
"342",342,1,1.159,0.533,-0.627,0.559,0.382,0.914,1.017,118.097,"gca","a","A","no",1,"0"
"343",343,1,1.094,0.545,-0.548,0.554,0.388,0.935,1.017,117.868,"cag","g","Q","no",1,"0"
"344",344,1,3.314,0.554,-2.761,0.803,0.159,0.279,1.018,114.036,"ggc","c","G","no",0,"0"
"345",345,1,7.284,0.515,-6.769,0.87,0.104,0.171,1.014,131.394,"cac","c","H","no",1,"0"
"346",346,1,16.199,0.594,-15.606,0.921,0.062,0.098,1.011,161.449,"aat","t","N","yes",1,"4"
"347",347,1,1.849,0.543,-1.306,0.579,0.365,0.85,1.016,122.907,"aat","t","N","yes",1,"4"
"348",348,1,0.749,0.544,-0.206,0.53,0.41,1.024,1.018,112.185,"ggc","c","G","no",0,"0"
"349",349,1,1.444,0.56,-0.884,0.564,0.379,0.9,1.016,121.288,"att","t","I","no",1,"0"
"350",350,1,1.851,0.557,-1.295,0.576,0.368,0.86,1.016,123.367,"tgt","t","C","yes",1,"4"
"351",351,1,3.262,0.597,-2.665,0.597,0.35,0.796,1.015,128.898,"tgg","g","W","no",1,"0"
"352",352,1,1.273,0.545,-0.727,0.561,0.381,0.909,1.016,119.576,"ggt","t","G","no",0,"0"
"353",353,1,1.048,0.511,-0.537,0.56,0.381,0.91,1.017,116.077,"aac","c","N","no",0,"0"
"354",354,1,1.941,0.551,-1.39,0.579,0.365,0.849,1.016,123.588,"caa","a","Q","yes",1,"2"
"355",355,1,0.828,0.593,-0.234,0.528,0.412,1.034,1.017,115.073,"cta","a","L","no",0,"0"
"356",356,1,1.853,0.567,-1.285,0.574,0.37,0.868,1.016,123.685,"ttt","t","F","yes",1,"4"
"357",357,1,1.274,0.571,-0.704,0.556,0.386,0.928,1.016,120.313,"gtt","t","V","no",0,"0"
"358",358,1,1.272,0.533,-0.739,0.564,0.378,0.898,1.017,119.128,"act","t","T","no",1,"0"
"359",359,1,1.274,0.571,-0.704,0.556,0.386,0.928,1.016,120.313,"gtt","t","V","no",1,"0"
"360",360,1,1.274,0.571,-0.704,0.556,0.386,0.928,1.016,120.313,"gtt","t","V","no",1,"0"
"361",361,1,1.849,0.543,-1.306,0.579,0.366,0.851,1.016,122.935,"gat","t","D","yes",0,"3"
"362",362,1,1.272,0.533,-0.739,0.564,0.378,0.898,1.017,119.128,"act","t","T","no",0,"0"
"363",363,1,1.159,0.532,-0.627,0.56,0.382,0.914,1.017,118.071,"aca","a","T","no",1,"0"
"364",364,1,0.749,0.52,-0.229,0.535,0.404,1,1.018,111.396,"cgc","c","R","no",0,"0"
"365",365,1,1.847,0.528,-1.319,0.582,0.362,0.838,1.016,122.375,"agt","t","S","no",1,"0"
"366",366,1,1.159,0.532,-0.627,0.56,0.382,0.914,1.017,118.071,"aca","a","T","no",1,"0"
"367",367,1,1.849,0.543,-1.306,0.579,0.365,0.85,1.016,122.907,"aat","t","N","yes",0,"3"
"368",368,1,3.226,0.501,-2.725,0.616,0.332,0.733,1.015,125.495,"atg","g","M","no",1,"0"
"369",369,1,1.164,0.638,-0.526,0.542,0.4,0.983,1.016,120.642,"tca","a","S","no",1,"0"
"370",370,1,1.23,0.632,-0.599,0.546,0.396,0.97,1.016,121.183,"tta","a","L","no",0,"0"
"371",371,1,1.851,0.557,-1.295,0.576,0.368,0.86,1.016,123.367,"tgt","t","C","yes",1,"4"
"372",372,1,1.272,0.533,-0.739,0.564,0.378,0.899,1.017,119.155,"gct","t","A","no",1,"0"
"373",373,1,0.749,0.531,-0.218,0.533,0.407,1.012,1.018,111.793,"gcc","c","A","no",0,"0"
"374",374,1,1.498,0.549,-0.949,0.568,0.375,0.886,1.016,121.335,"ata","a","I","no",1,"0"
"375",375,1,1.273,0.549,-0.724,0.56,0.382,0.912,1.016,119.697,"tct","t","S","no",0,"0"
"376",376,1,1.272,0.533,-0.739,0.564,0.378,0.898,1.017,119.128,"act","t","T","no",0,"0"
"377",377,1,1.164,0.638,-0.526,0.542,0.4,0.983,1.016,120.642,"tca","a","S","no",1,"0"
"378",378,1,2.139,1.819,-0.32,0.338,0.607,2.276,1.012,151.492,"gaa","a","E","yes",0,"1"
"379",379,1,1.474,5.349,3.874,0.129,0.823,6.876,1.016,122.212,"act","t","T","no",0,"0"
"380",380,1,1.159,0.532,-0.627,0.56,0.382,0.914,1.017,118.071,"aca","a","T","no",1,"0"
"381",381,1,1.855,0.59,-1.265,0.57,0.374,0.881,1.016,124.27,"tat","t","Y","yes",0,"3"
"382",382,1,1.94,0.543,-1.397,0.581,0.364,0.843,1.016,123.32,"aaa","a","K","yes",0,"1"
"383",383,1,1.849,0.543,-1.306,0.579,0.365,0.85,1.016,122.907,"aat","t","N","yes",0,"3"
"384",384,1,1.272,0.533,-0.739,0.564,0.378,0.898,1.017,119.128,"act","t","T","no",0,"0"
"385",385,1,1.048,0.511,-0.537,0.56,0.381,0.91,1.017,116.077,"aac","c","N","no",0,"0"
"386",386,1,1.853,0.567,-1.285,0.574,0.37,0.868,1.016,123.685,"ttt","t","F","yes",0,"3"
"387",387,1,24.955,0.623,-24.332,0.992,0.005,0.007,1.004,285.052,"aag","g","K","no",0,"0"
"388",388,1,1.094,0.548,-0.546,0.553,0.388,0.937,1.017,117.934,"gag","g","E","no",0,"0"
"389",389,1,1.051,0.587,-0.464,0.544,0.397,0.973,1.017,118.444,"tac","c","Y","no",0,"0"
"390",390,1,4.193,0.611,-3.582,0.812,0.151,0.262,1.016,124.946,"cta","a","L","no",0,"0"
"391",391,1,0.855,0.623,-0.232,0.526,0.414,1.043,1.017,116.155,"cga","a","R","no",0,"0"
"392",392,1,1.846,0.52,-1.325,0.584,0.36,0.832,1.016,122.088,"cat","t","H","yes",1,"4"
"393",393,1,0.851,0.544,-0.307,0.539,0.401,0.988,1.017,114.301,"ggg","g","G","no",0,"0"
"394",394,1,1.796,12.029,10.233,0.045,0.919,16.692,1.007,210.194,"gag","g","E","no",0,"0"
"395",395,1,1.941,0.553,-1.388,0.579,0.366,0.851,1.016,123.657,"gaa","a","E","yes",0,"1"
"396",396,1,1.855,0.59,-1.265,0.57,0.374,0.881,1.016,124.27,"tat","t","Y","yes",1,"4"
"397",397,1,1.849,0.543,-1.306,0.579,0.366,0.851,1.016,122.935,"gat","t","D","yes",0,"3"
"398",398,1,1.324,2.987,1.662,0.27,0.677,3.095,1.013,144.271,"tta","a","L","no",0,"0"
"399",399,1,1.094,0.545,-0.548,0.554,0.388,0.935,1.017,117.868,"cag","g","Q","no",1,"0"
"400",400,1,1.853,0.567,-1.285,0.574,0.37,0.868,1.016,123.685,"ttt","t","F","yes",0,"3"
"401",401,1,1.444,0.56,-0.884,0.564,0.379,0.9,1.016,121.288,"att","t","I","no",0,"0"
"402",402,1,1.853,0.567,-1.285,0.574,0.37,0.868,1.016,123.685,"ttt","t","F","yes",0,"3"
"403",403,1,1.941,0.551,-1.39,0.579,0.365,0.849,1.016,123.588,"caa","a","Q","yes",1,"2"
"404",404,1,0.709,0.593,-0.116,0.516,0.423,1.083,1.018,112.426,"ctg","g","L","no",1,"0"
"405",405,1,1.05,0.555,-0.495,0.55,0.392,0.951,1.017,117.621,"tgc","c","C","no",1,"0"
"406",406,1,1.94,0.543,-1.397,0.581,0.364,0.843,1.016,123.32,"aaa","a","K","yes",1,"2"
"407",407,1,1.498,0.549,-0.949,0.568,0.375,0.886,1.016,121.335,"ata","a","I","no",0,"0"
"408",408,1,0.749,0.531,-0.218,0.533,0.407,1.012,1.018,111.768,"acc","c","T","no",0,"0"
"409",409,1,1.23,0.632,-0.599,0.546,0.396,0.97,1.016,121.183,"tta","a","L","no",0,"0"
"410",410,1,1.272,0.533,-0.739,0.564,0.378,0.898,1.017,119.128,"act","t","T","no",1,"0"
"411",411,1,1.159,0.533,-0.627,0.559,0.382,0.914,1.017,118.097,"gca","a","A","no",1,"0"
"412",412,1,1.048,0.512,-0.537,0.56,0.382,0.911,1.017,116.101,"gac","c","D","no",0,"0"
"413",413,1,1.274,0.571,-0.704,0.556,0.386,0.928,1.016,120.313,"gtt","t","V","no",0,"0"
"414",414,1,3.226,0.501,-2.725,0.616,0.332,0.733,1.015,125.495,"atg","g","M","no",1,"0"
"415",415,1,1.325,5.659,4.334,0.118,0.837,7.561,1.016,120.219,"aca","a","T","no",1,"0"
"416",416,1,1.051,0.587,-0.464,0.544,0.397,0.973,1.017,118.444,"tac","c","Y","no",0,"0"
"417",417,1,1.498,0.549,-0.949,0.568,0.375,0.886,1.016,121.335,"ata","a","I","no",1,"0"
"418",418,1,1.846,0.52,-1.325,0.584,0.36,0.832,1.016,122.088,"cat","t","H","yes",1,"4"
"419",419,1,1.273,0.549,-0.724,0.56,0.382,0.912,1.016,119.697,"tct","t","S","no",0,"0"
"420",420,1,3.226,0.501,-2.725,0.616,0.332,0.733,1.015,125.495,"atg","g","M","no",1,"0"
"421",421,1,1.849,0.543,-1.306,0.579,0.365,0.85,1.016,122.907,"aat","t","N","yes",0,"3"
"422",422,1,17.447,0.616,-16.831,0.995,0.002,0.003,0.999,560.521,"tcc","c","S","no",0,"0"
"423",423,1,1.346,1.603,0.257,0.32,0.624,2.454,1.012,146.807,"act","t","T","no",1,"0"
"424",424,1,1.444,0.56,-0.884,0.564,0.379,0.9,1.016,121.288,"att","t","I","no",0,"0"
"425",425,1,4.966,0.626,-4.34,0.824,0.141,0.242,1.014,131.596,"ttg","g","L","no",1,"0"
"426",426,1,1.094,0.548,-0.546,0.553,0.388,0.937,1.017,117.934,"gag","g","E","no",0,"0"
"427",427,1,1.048,0.512,-0.537,0.56,0.382,0.911,1.017,116.101,"gac","c","D","no",0,"0"
"428",428,1,3.262,0.597,-2.665,0.597,0.35,0.796,1.015,128.898,"tgg","g","W","no",1,"0"
"429",429,1,1.849,0.543,-1.306,0.579,0.365,0.85,1.016,122.907,"aat","t","N","yes",0,"3"
"430",430,1,1.853,0.567,-1.285,0.574,0.37,0.868,1.016,123.685,"ttt","t","F","yes",1,"4"
"431",431,1,1.273,0.545,-0.727,0.561,0.381,0.909,1.016,119.576,"ggt","t","G","no",0,"0"
"432",432,1,5.113,0.628,-4.485,0.826,0.139,0.239,1.014,132.273,"cta","a","L","no",0,"0"
"433",433,1,1.941,0.551,-1.39,0.579,0.365,0.849,1.016,123.588,"caa","a","Q","yes",1,"2"
"434",434,1,23.349,0.58,-22.769,0.992,0.005,0.008,1.006,235.746,"cct","t","P","no",0,"0"
"435",435,1,4.083,0.521,-3.562,0.825,0.14,0.24,1.017,117.738,"ccc","c","P","no",0,"0"
"436",436,1,1.158,0.512,-0.646,0.565,0.377,0.894,1.017,117.288,"cca","a","P","no",1,"0"
"437",437,1,1.161,0.566,-0.594,0.553,0.389,0.941,1.017,119.15,"gga","a","G","no",0,"0"
"438",438,1,0.749,0.544,-0.206,0.53,0.41,1.024,1.018,112.185,"ggc","c","G","no",0,"0"
"439",439,1,1.159,0.532,-0.627,0.56,0.382,0.914,1.017,118.071,"aca","a","T","no",1,"0"
"440",440,1,0.828,0.593,-0.234,0.528,0.412,1.034,1.017,115.073,"cta","a","L","no",0,"0"
"441",441,1,1.941,0.553,-1.388,0.579,0.366,0.851,1.016,123.657,"gaa","a","E","yes",0,"1"
"442",442,1,1.849,0.543,-1.306,0.579,0.366,0.851,1.016,122.935,"gat","t","D","yes",0,"3"
"443",443,1,24.248,0.611,-23.637,0.992,0.005,0.007,1.004,265.703,"act","t","T","no",0,"0"
"444",444,1,1.855,0.59,-1.265,0.57,0.374,0.881,1.016,124.27,"tat","t","Y","yes",0,"3"
"445",445,1,0.907,0.534,-0.374,0.546,0.395,0.963,1.017,114.936,"agg","g","R","no",0,"0"
"446",446,1,1.853,0.567,-1.285,0.574,0.37,0.868,1.016,123.685,"ttt","t","F","yes",1,"4"
"447",447,1,1.161,0.57,-0.591,0.552,0.39,0.944,1.017,119.245,"gta","a","V","no",0,"0"
"448",448,1,1.159,0.532,-0.627,0.56,0.382,0.914,1.017,118.071,"aca","a","T","no",1,"0"
"449",449,1,0.749,0.547,-0.202,0.529,0.41,1.028,1.018,112.296,"tcc","c","S","no",0,"0"
"450",450,1,1.094,0.545,-0.548,0.554,0.388,0.935,1.017,117.868,"cag","g","Q","no",1,"0"
"451",451,1,1.159,0.533,-0.627,0.559,0.382,0.914,1.017,118.097,"gca","a","A","no",1,"0"
"452",452,1,12.475,0.606,-11.87,0.899,0.08,0.128,1.012,152.639,"att","t","I","no",1,"0"
"453",453,1,10.073,0.564,-9.509,0.886,0.09,0.146,1.013,142.822,"gct","t","A","no",0,"0"
"454",454,1,1.851,0.557,-1.295,0.576,0.368,0.86,1.016,123.367,"tgt","t","C","yes",1,"4"
"455",455,1,1.941,0.551,-1.39,0.579,0.365,0.849,1.016,123.588,"caa","a","Q","yes",1,"2"
"456",456,1,1.94,0.543,-1.397,0.581,0.364,0.843,1.016,123.32,"aaa","a","K","yes",0,"1"
"457",457,1,1.846,0.52,-1.325,0.584,0.36,0.832,1.016,122.088,"cat","t","H","yes",1,"4"
"458",458,1,1.159,0.532,-0.627,0.56,0.382,0.914,1.017,118.071,"aca","a","T","no",1,"0"
"459",459,1,1.27,0.512,-0.758,0.569,0.373,0.879,1.017,118.341,"cct","t","P","no",0,"0"
"460",460,1,1.158,0.512,-0.646,0.565,0.377,0.894,1.017,117.288,"cca","a","P","no",1,"0"
"461",461,1,1.159,0.533,-0.627,0.559,0.382,0.914,1.017,118.097,"gca","a","A","no",1,"0"
"462",462,1,1.27,0.512,-0.758,0.569,0.373,0.879,1.017,118.341,"cct","t","P","no",0,"0"
"463",463,1,1.94,0.543,-1.397,0.581,0.364,0.843,1.016,123.32,"aaa","a","K","yes",0,"1"
"464",464,1,1.941,0.553,-1.388,0.579,0.366,0.851,1.016,123.657,"gaa","a","E","yes",0,"1"
"465",465,1,1.849,0.543,-1.306,0.579,0.366,0.851,1.016,122.935,"gat","t","D","yes",0,"3"
"466",466,1,0.749,0.511,-0.238,0.538,0.401,0.989,1.018,111.027,"ccc","c","P","no",0,"0"
"467",467,1,1.272,0.54,-0.732,0.562,0.38,0.905,1.016,119.41,"ctt","t","L","no",0,"0"
"468",468,1,1.94,0.543,-1.397,0.581,0.364,0.843,1.016,123.32,"aaa","a","K","yes",0,"1"
"469",469,1,1.94,0.543,-1.397,0.581,0.364,0.843,1.016,123.32,"aaa","a","K","yes",0,"1"
"470",470,1,23.411,0.687,-22.724,0.989,0.006,0.009,1.002,355.682,"tac","c","Y","no",0,"0"
"471",471,1,1.272,0.533,-0.739,0.564,0.378,0.898,1.017,119.128,"act","t","T","no",1,"0"
"472",472,1,1.853,0.567,-1.285,0.574,0.37,0.868,1.016,123.685,"ttt","t","F","yes",0,"3"
"473",473,1,3.262,0.597,-2.665,0.597,0.35,0.796,1.015,128.898,"tgg","g","W","no",1,"0"
"474",474,1,1.941,0.553,-1.388,0.579,0.366,0.851,1.016,123.657,"gaa","a","E","yes",0,"1"
"475",475,1,22.255,0.659,-21.596,0.988,0.007,0.01,1.003,301.004,"gta","a","V","no",0,"0"
"476",476,1,1.849,0.543,-1.306,0.579,0.365,0.85,1.016,122.907,"aat","t","N","yes",0,"3"
"477",477,1,1.23,0.632,-0.599,0.546,0.396,0.97,1.016,121.183,"tta","a","L","no",0,"0"
"478",478,1,9.997,0.572,-9.425,0.885,0.091,0.147,1.013,143.856,"aag","g","K","no",0,"0"
"479",479,1,1.941,0.553,-1.388,0.579,0.366,0.851,1.016,123.657,"gaa","a","E","yes",0,"1"
"480",480,1,1.094,0.538,-0.556,0.555,0.386,0.928,1.017,117.612,"aag","g","K","no",0,"0"
"481",481,1,1.853,0.567,-1.285,0.574,0.37,0.868,1.016,123.685,"ttt","t","F","yes",0,"3"
"482",482,1,1.273,0.549,-0.724,0.56,0.382,0.912,1.016,119.697,"tct","t","S","no",1,"0"
"483",483,1,1.159,0.533,-0.627,0.559,0.382,0.914,1.017,118.097,"gca","a","A","no",1,"0"
"484",484,1,1.048,0.512,-0.537,0.56,0.382,0.911,1.017,116.101,"gac","c","D","no",0,"0"
"485",485,1,0.828,0.593,-0.234,0.528,0.412,1.034,1.017,115.073,"cta","a","L","no",0,"0"
"486",486,1,1.849,0.543,-1.306,0.579,0.366,0.851,1.016,122.935,"gat","t","D","yes",0,"3"
"487",487,1,1.094,0.545,-0.548,0.554,0.388,0.935,1.017,117.868,"cag","g","Q","no",1,"0"
"488",488,1,1.853,0.567,-1.285,0.574,0.37,0.868,1.016,123.685,"ttt","t","F","yes",0,"3"
"489",489,1,1.27,0.512,-0.758,0.569,0.373,0.879,1.017,118.341,"cct","t","P","no",0,"0"
"490",490,1,1.23,0.632,-0.599,0.546,0.396,0.97,1.016,121.183,"tta","a","L","no",0,"0"
"491",491,1,1.161,0.566,-0.594,0.553,0.389,0.941,1.017,119.15,"gga","a","G","no",0,"0"
"492",492,1,0.749,0.52,-0.229,0.535,0.404,1,1.018,111.396,"cgc","c","R","no",0,"0"
"493",493,1,2.422,6.007,3.585,0.15,0.799,5.876,1.014,135.978,"aaa","a","K","yes",1,"2"
"494",494,1,1.853,0.567,-1.285,0.574,0.37,0.868,1.016,123.685,"ttt","t","F","yes",0,"3"
"495",495,1,1.354,2.97,1.615,0.272,0.675,3.069,1.013,144.518,"tta","a","L","no",0,"0"
"496",496,1,0.828,0.593,-0.234,0.528,0.412,1.034,1.017,115.073,"cta","a","L","no",0,"0"
"497",497,1,1.941,0.551,-1.39,0.579,0.365,0.849,1.016,123.588,"caa","a","Q","yes",1,"2"
"498",498,1,1.159,0.533,-0.627,0.559,0.382,0.914,1.017,118.097,"gca","a","A","no",1,"0"
"499",499,1,1.23,2.012,0.781,0.296,0.649,2.734,1.013,143.944,"gga","a","G","no",0,"0"
"500",500,1,8.274,16.926,8.652,0.153,0.691,3.299,1.002,370.944,"ttg","g","L","no",1,"0"
"501",501,1,1.094,0.538,-0.556,0.555,0.386,0.928,1.017,117.612,"aag","g","K","no",0,"0"
"502",502,1,0.749,0.531,-0.218,0.533,0.407,1.012,1.018,111.793,"gcc","c","A","no",0,"0"
"503",503,1,2.454,5.982,3.528,0.151,0.798,5.821,1.014,136.233,"aaa","a","K","yes",1,"2"
"504",504,1,1.158,0.512,-0.646,0.565,0.377,0.894,1.017,117.288,"cca","a","P","no",1,"0"
"505",505,1,1.94,0.543,-1.397,0.581,0.364,0.843,1.016,123.32,"aaa","a","K","yes",0,"1"
"506",506,1,1.853,0.567,-1.285,0.574,0.37,0.868,1.016,123.685,"ttt","t","F","yes",0,"3"
"507",507,1,1.159,0.532,-0.627,0.56,0.382,0.914,1.017,118.071,"aca","a","T","no",1,"0"
"508",508,1,1.23,0.632,-0.599,0.546,0.396,0.97,1.016,121.183,"tta","a","L","no",0,"0"
"509",509,1,1.194,2.049,0.855,0.293,0.653,2.776,1.013,143.465,"gga","a","G","no",0,"0"
"510",510,1,1.94,0.543,-1.397,0.581,0.364,0.843,1.016,123.32,"aaa","a","K","yes",0,"1"
"511",511,1,0.899,2.823,1.923,0.25,0.699,3.426,1.013,138.724,"cga","a","R","no",0,"0"
"512",512,1,1.94,0.543,-1.397,0.581,0.364,0.843,1.016,123.32,"aaa","a","K","yes",0,"1"
"513",513,1,1.272,0.533,-0.739,0.564,0.378,0.899,1.017,119.155,"gct","t","A","no",0,"0"
"514",514,1,1.159,0.532,-0.627,0.56,0.382,0.914,1.017,118.071,"aca","a","T","no",1,"0"
"515",515,1,0.749,0.511,-0.238,0.538,0.401,0.989,1.018,111.027,"ccc","c","P","no",0,"0"
"516",516,1,0.749,0.531,-0.218,0.533,0.407,1.012,1.018,111.768,"acc","c","T","no",1,"0"
"517",517,1,0.749,0.531,-0.218,0.533,0.407,1.012,1.018,111.768,"acc","c","T","no",1,"0"
"518",518,1,1.249,3.206,1.958,0.262,0.686,3.232,1.013,143.759,"tca","a","S","no",1,"0"
"519",519,1,1.273,0.549,-0.724,0.56,0.382,0.912,1.016,119.697,"tct","t","S","no",0,"0"
"520",520,1,0.749,0.531,-0.218,0.533,0.407,1.012,1.018,111.768,"acc","c","T","no",0,"0"
"521",521,1,1.273,0.549,-0.724,0.56,0.382,0.912,1.016,119.697,"tct","t","S","no",0,"0"
"522",522,1,7.833,0.556,-7.277,0.868,0.105,0.173,1.014,136.93,"aca","a","T","no",1,"0"
"523",523,1,1.272,0.533,-0.739,0.564,0.378,0.898,1.017,119.128,"act","t","T","no",1,"0"
"524",524,1,1.346,1.61,0.263,0.319,0.625,2.458,1.012,146.763,"gct","t","A","no",0,"0"
"525",525,1,1.94,0.543,-1.397,0.581,0.364,0.843,1.016,123.32,"aaa","a","K","yes",0,"1"
"526",526,1,0.749,0.52,-0.229,0.535,0.404,1,1.018,111.396,"cgc","c","R","no",0,"0"
"527",527,1,1.94,0.543,-1.397,0.581,0.364,0.843,1.016,123.32,"aaa","a","K","yes",1,"2"
"528",528,1,1.94,0.543,-1.397,0.581,0.364,0.843,1.016,123.32,"aaa","a","K","yes",0,"1"
"529",529,1,1.271,0.522,-0.749,0.567,0.376,0.888,1.017,118.732,"cgt","t","R","no",0,"0"
"530",530,1,1.346,0.573,-0.774,0.559,0.384,0.919,1.016,120.973,"aag","g","K","no",0,"0"
"531",531,1,0.837,0.673,-0.164,0.52,0.421,1.074,1.017,116.453,"ctg","g","L","no",1,"0"
