Site,Partition,&alpha;,&beta;,&beta;-&alpha;,Prob[&alpha;>&beta;],Prob[&alpha;<&beta;],BayesFactor[&alpha;<&beta;],PSRF,Neff
1,1,3.028,0.277,-2.752,0.848,0.121,0.377,1.002,353.686
2,1,2.498,1.394,-1.104,0.583,0.147,0.470,1.040,59.244
3,1,0.912,1.064,0.151,0.313,0.590,3.931,0.998,756.162
4,1,1.641,0.978,-0.662,0.463,0.435,2.102,0.996,1976.516
5,1,1.250,0.451,-0.800,0.766,0.182,0.607,1.007,206.047
6,1,1.085,3.305,2.219,0.026,0.759,8.593,1.166,18.392
7,1,0.872,0.721,-0.151,0.443,0.485,2.580,1.002,344.559
8,1,1.034,1.746,0.711,0.249,0.602,4.132,1.056,44.587
9,1,1.254,0.450,-0.804,0.767,0.181,0.604,1.007,204.707
10,1,12.565,0.806,-11.758,0.994,0.000,0.000,1.010,164.772
11,1,0.893,0.708,-0.185,0.453,0.476,2.481,1.003,296.465
12,1,2.299,2.119,-0.181,0.287,0.301,1.179,1.135,21.605
13,1,2.142,2.880,0.738,0.079,0.384,1.708,1.216,15.114
14,1,1.876,2.454,0.578,0.138,0.428,2.045,1.169,18.154
15,1,1.981,0.702,-1.279,0.743,0.183,0.612,1.033,69.579
16,1,3.358,2.558,-0.800,0.273,0.114,0.353,1.196,16.238
17,1,0.907,1.056,0.149,0.314,0.590,3.935,0.998,830.025
18,1,0.961,0.350,-0.610,0.686,0.259,0.955,0.996,2606.406
19,1,2.058,0.321,-1.737,0.902,0.073,0.214,1.018,111.905
20,1,1.643,1.032,-0.611,0.576,0.283,1.077,1.018,109.582
21,1,2.279,0.320,-1.960,0.914,0.063,0.184,1.019,108.166
22,1,1.623,0.957,-0.666,0.467,0.434,2.095,0.997,1560.887
23,1,2.000,0.295,-1.705,0.909,0.068,0.199,1.019,109.482
24,1,6.849,1.396,-5.453,0.846,0.004,0.012,1.029,76.136
25,1,1.075,0.349,-0.726,0.706,0.242,0.871,0.997,1388.666
26,1,3.067,0.288,-2.779,0.983,0.008,0.022,1.032,71.174
27,1,0.958,0.358,-0.600,0.681,0.264,0.979,0.996,2471.122
28,1,3.528,0.321,-3.207,0.975,0.014,0.039,1.020,102.913
29,1,2.040,0.377,-1.663,0.878,0.088,0.265,1.018,110.487
30,1,5.709,0.354,-5.354,0.996,0.000,0.001,1.005,250.649
31,1,3.108,0.304,-2.803,0.971,0.017,0.048,1.025,85.570
32,1,2.003,0.321,-1.682,0.898,0.076,0.223,1.018,113.840
33,1,1.971,0.727,-1.244,0.731,0.189,0.635,1.029,77.924
34,1,0.960,0.350,-0.610,0.686,0.259,0.955,0.996,2616.086
35,1,2.062,0.321,-1.741,0.902,0.072,0.214,1.018,111.737
36,1,3.286,1.238,-2.048,0.705,0.084,0.251,1.019,106.689
37,1,0.597,0.462,-0.134,0.529,0.404,1.855,0.996,2068.983
38,1,2.281,0.742,-1.540,0.757,0.163,0.533,1.029,77.541
39,1,0.702,0.742,0.041,0.382,0.548,3.310,0.998,872.665
40,1,1.073,0.358,-0.715,0.701,0.247,0.896,0.997,1336.450
41,1,2.046,0.327,-1.719,0.899,0.075,0.222,1.018,112.770
42,1,1.960,0.712,-1.248,0.736,0.187,0.628,1.031,73.269
43,1,3.147,0.313,-2.834,0.970,0.018,0.049,1.025,87.165
44,1,2.051,0.321,-1.730,0.901,0.073,0.215,1.018,112.117
45,1,3.104,0.303,-2.800,0.971,0.017,0.048,1.025,85.417
46,1,0.937,0.384,-0.553,0.661,0.282,1.073,0.996,2222.810
47,1,3.155,1.245,-1.910,0.694,0.091,0.272,1.019,105.591
48,1,4.633,1.191,-3.443,0.809,0.019,0.053,1.030,75.165
49,1,2.058,2.474,0.415,0.152,0.377,1.654,1.177,17.549
50,1,1.221,0.447,-0.774,0.764,0.184,0.618,1.006,222.824
51,1,1.092,0.359,-0.733,0.703,0.245,0.887,0.997,1227.923
52,1,1.045,2.349,1.305,0.081,0.724,7.157,1.120,23.695
53,1,4.163,0.338,-3.825,0.990,0.002,0.004,1.021,99.300
54,1,3.528,0.312,-3.215,0.976,0.013,0.037,1.020,103.235
55,1,0.893,1.104,0.211,0.299,0.603,4.146,1.000,478.337
56,1,2.339,1.628,-0.712,0.468,0.190,0.640,1.069,37.350
57,1,2.315,0.336,-1.980,0.910,0.065,0.191,1.019,109.313
58,1,3.299,1.099,-2.200,0.787,0.021,0.057,1.040,59.152
59,1,0.958,0.358,-0.601,0.681,0.264,0.979,0.996,2476.634
60,1,1.000,0.738,-0.262,0.468,0.458,2.310,1.005,243.745
61,1,1.993,0.423,-1.570,0.886,0.072,0.212,1.030,75.709
62,1,0.951,0.975,0.024,0.347,0.562,3.510,0.996,2872.786
63,1,1.379,0.646,-0.733,0.681,0.248,0.903,1.022,96.423
64,1,4.706,0.729,-3.977,0.941,0.011,0.029,1.014,132.825
65,1,0.830,1.578,0.748,0.165,0.717,6.932,1.038,62.216
66,1,1.958,0.690,-1.268,0.745,0.183,0.612,1.035,66.658
67,1,2.044,0.422,-1.621,0.890,0.068,0.200,1.031,73.791
68,1,1.075,0.349,-0.726,0.706,0.242,0.871,0.997,1388.666
69,1,2.697,0.406,-2.291,0.945,0.020,0.057,1.042,56.790
70,1,3.067,0.279,-2.787,0.975,0.015,0.043,1.027,81.555
71,1,1.090,0.366,-0.725,0.699,0.249,0.904,0.997,1195.028
72,1,1.075,0.350,-0.725,0.706,0.242,0.874,0.997,1382.480
73,1,1.952,1.195,-0.757,0.540,0.277,1.050,1.010,168.585
74,1,3.244,0.316,-2.928,0.971,0.017,0.046,1.024,90.423
75,1,0.945,0.346,-0.600,0.686,0.258,0.953,0.996,3038.413
76,1,1.770,0.299,-1.471,0.893,0.081,0.241,1.015,127.414
77,1,3.018,1.113,-1.905,0.527,0.351,1.476,1.012,152.391
78,1,0.841,0.369,-0.473,0.651,0.290,1.118,0.995,5034.196
79,1,1.610,0.435,-1.175,0.847,0.107,0.328,1.020,102.132
80,1,3.135,0.287,-2.848,0.975,0.015,0.043,1.026,84.950
81,1,1.073,0.358,-0.715,0.701,0.247,0.896,0.997,1336.450
82,1,2.053,0.312,-1.741,0.905,0.071,0.207,1.018,111.045
83,1,2.478,0.320,-2.158,0.949,0.032,0.090,1.030,75.372
84,1,3.526,0.313,-3.213,0.976,0.013,0.037,1.020,103.151
85,1,3.798,1.254,-2.544,0.729,0.065,0.191,1.024,89.069
86,1,0.934,1.394,0.460,0.249,0.631,4.675,1.023,92.860
87,1,0.780,1.094,0.315,0.271,0.640,4.868,1.000,513.068
88,1,0.765,0.767,0.001,0.395,0.532,3.112,0.999,703.215
89,1,1.962,0.712,-1.250,0.737,0.187,0.627,1.031,73.199
90,1,0.895,1.040,0.145,0.315,0.591,3.949,0.997,1013.522
91,1,3.238,1.542,-1.696,0.590,0.100,0.303,1.056,44.777
92,1,0.960,0.406,-0.554,0.654,0.289,1.112,0.997,1632.033
93,1,3.082,0.476,-2.605,0.759,0.192,0.651,1.004,276.074
94,1,1.751,0.358,-1.393,0.864,0.101,0.309,1.015,131.154
95,1,0.947,0.414,-0.534,0.647,0.295,1.144,0.997,1625.650
96,1,2.009,0.733,-1.276,0.733,0.186,0.623,1.028,78.713
97,1,0.666,0.707,0.041,0.382,0.550,3.336,0.998,886.758
98,1,1.092,0.359,-0.733,0.703,0.245,0.887,0.997,1227.923
99,1,0.882,0.698,-0.185,0.455,0.475,2.477,1.004,292.976
100,1,1.026,2.872,1.846,0.053,0.755,8.409,1.142,20.731
101,1,0.946,5.503,4.557,0.003,0.872,18.561,1.152,19.642
102,1,0.891,0.831,-0.060,0.410,0.510,2.844,1.000,483.907
103,1,2.013,1.779,-0.234,0.341,0.332,1.360,1.088,30.494
104,1,0.986,0.718,-0.267,0.472,0.456,2.288,1.006,229.589
105,1,1.960,0.663,-1.297,0.756,0.177,0.588,1.040,58.910
106,1,2.360,0.305,-2.055,0.949,0.034,0.095,1.030,75.594
107,1,3.521,0.313,-3.208,0.976,0.013,0.037,1.020,102.906
108,1,4.288,0.385,-3.903,0.981,0.004,0.012,1.020,104.638
109,1,0.973,0.344,-0.629,0.692,0.253,0.927,0.996,2541.507
110,1,0.976,0.333,-0.644,0.700,0.246,0.891,0.996,2726.588
111,1,3.791,0.719,-3.072,0.902,0.040,0.114,1.029,76.377
112,1,2.022,0.348,-1.674,0.888,0.082,0.244,1.018,113.718
113,1,3.612,1.963,-1.649,0.487,0.047,0.135,1.132,21.988
114,1,2.297,2.464,0.166,0.179,0.321,1.292,1.180,17.267
115,1,1.063,0.411,-0.652,0.670,0.275,1.036,0.997,1011.014
116,1,6.385,0.395,-5.990,0.998,0.000,0.000,1.009,181.145
117,1,1.482,0.748,-0.734,0.653,0.259,0.954,1.015,125.534
118,1,1.158,0.993,-0.165,0.497,0.389,1.739,1.012,152.639
119,1,5.174,1.016,-4.158,0.882,0.013,0.036,1.013,141.628
120,1,3.279,0.315,-2.964,0.981,0.007,0.020,1.029,76.007
121,1,2.317,0.420,-1.897,0.879,0.083,0.247,1.021,99.505
122,1,1.265,0.446,-0.819,0.771,0.178,0.593,1.007,203.627
123,1,2.038,0.286,-1.751,0.915,0.064,0.186,1.019,105.711
124,1,0.960,0.406,-0.554,0.654,0.289,1.112,0.997,1621.669
125,1,1.383,0.721,-0.662,0.647,0.270,1.012,1.014,134.086
126,1,0.960,0.406,-0.554,0.654,0.289,1.112,0.997,1621.669
127,1,0.960,0.406,-0.554,0.654,0.289,1.112,0.997,1621.669
128,1,1.069,0.379,-0.689,0.688,0.259,0.954,0.997,1198.976
129,1,1.000,0.724,-0.276,0.473,0.454,2.273,1.006,226.970
130,1,9.371,0.657,-8.714,0.999,0.000,0.000,1.025,86.178
131,1,0.985,0.771,-0.214,0.453,0.470,2.429,1.003,297.323
132,1,4.175,0.333,-3.842,0.991,0.001,0.004,1.020,102.735
133,1,1.721,2.065,0.343,0.187,0.527,3.051,1.110,25.446
134,1,2.021,0.348,-1.673,0.888,0.082,0.244,1.018,113.767
135,1,0.836,0.348,-0.487,0.663,0.279,1.057,0.995,7433.541
136,1,7.624,1.053,-6.572,0.966,0.000,0.000,1.002,364.735
137,1,3.161,1.856,-1.305,0.471,0.110,0.338,1.111,25.256
138,1,1.035,1.390,0.355,0.241,0.624,4.544,1.022,96.315
139,1,0.960,0.406,-0.554,0.654,0.289,1.112,0.997,1632.033
140,1,3.082,0.476,-2.605,0.759,0.192,0.651,1.004,276.074
141,1,2.698,0.295,-2.403,0.963,0.023,0.065,1.030,75.607
142,1,1.088,1.768,0.680,0.180,0.648,5.036,1.068,37.888
143,1,2.278,0.318,-1.960,0.914,0.063,0.183,1.019,108.022
144,1,1.930,0.706,-1.224,0.735,0.189,0.636,1.031,72.218
145,1,4.959,5.000,0.041,0.131,0.136,0.431,1.010,173.765
146,1,0.958,0.358,-0.600,0.681,0.264,0.979,0.996,2471.122
147,1,1.090,0.366,-0.725,0.699,0.249,0.904,0.997,1195.028
148,1,1.996,0.295,-1.701,0.909,0.068,0.199,1.018,109.637
149,1,3.987,2.472,-1.515,0.368,0.044,0.126,1.163,18.625
150,1,1.514,0.333,-1.180,0.855,0.111,0.340,1.009,177.355
151,1,2.038,1.738,-0.299,0.357,0.324,1.312,1.082,32.432
152,1,0.973,0.345,-0.628,0.692,0.254,0.930,0.996,2525.300
153,1,4.951,0.336,-4.615,0.993,0.002,0.006,1.008,193.012
154,1,3.172,1.153,-2.019,0.729,0.087,0.260,1.009,184.485
155,1,2.234,1.170,-1.064,0.584,0.238,0.852,1.007,217.519
156,1,3.047,0.298,-2.748,0.971,0.017,0.049,1.026,83.332
157,1,4.266,0.302,-3.964,0.993,0.003,0.008,1.014,137.779
158,1,1.092,2.944,1.852,0.033,0.745,8.001,1.156,19.313
159,1,1.028,1.177,0.148,0.312,0.574,3.681,1.005,261.425
160,1,3.114,1.550,-1.563,0.577,0.107,0.329,1.057,44.151
161,1,2.023,0.348,-1.675,0.889,0.082,0.244,1.018,113.691
162,1,0.947,0.414,-0.534,0.647,0.295,1.144,0.997,1625.650
163,1,1.000,0.737,-0.263,0.468,0.458,2.308,1.005,242.897
164,1,3.528,0.321,-3.207,0.975,0.014,0.039,1.020,102.886
165,1,2.669,0.417,-2.252,0.927,0.037,0.106,1.034,67.826
166,1,4.460,0.985,-3.475,0.777,0.114,0.353,0.999,678.614
167,1,3.082,0.476,-2.605,0.759,0.192,0.651,1.004,276.074
168,1,0.597,0.462,-0.134,0.529,0.404,1.855,0.996,2068.983
169,1,1.890,0.727,-1.163,0.722,0.197,0.671,1.027,80.498
170,1,1.090,0.366,-0.725,0.699,0.249,0.904,0.997,1195.028
171,1,2.309,1.275,-1.034,0.556,0.237,0.850,1.018,111.294
172,1,9.325,0.896,-8.428,0.987,0.000,0.000,1.037,63.171
173,1,2.270,1.888,-0.382,0.342,0.292,1.128,1.105,26.447
174,1,2.042,0.377,-1.665,0.878,0.088,0.264,1.018,110.437
175,1,4.291,0.385,-3.906,0.981,0.004,0.012,1.020,104.763
176,1,2.055,0.312,-1.742,0.905,0.070,0.207,1.018,110.997
177,1,4.053,2.008,-2.046,0.518,0.021,0.058,1.118,24.003
178,1,2.712,0.735,-1.977,0.848,0.075,0.222,1.040,59.445
179,1,2.097,3.329,1.232,0.029,0.432,2.076,1.238,14.106
180,1,0.961,5.617,4.655,0.004,0.870,18.272,1.148,20.094
181,1,1.751,0.358,-1.393,0.864,0.102,0.309,1.015,131.216
182,1,5.741,0.415,-5.326,0.991,0.001,0.002,1.012,149.803
183,1,2.095,0.328,-1.766,0.901,0.073,0.215,1.018,111.321
184,1,2.270,0.327,-1.942,0.911,0.065,0.191,1.019,108.858
185,1,2.229,0.715,-1.514,0.762,0.163,0.533,1.033,69.279
186,1,1.090,0.366,-0.725,0.699,0.249,0.904,0.997,1195.028
187,1,4.796,0.309,-4.487,0.997,0.000,0.001,1.011,162.162
188,1,1.000,0.737,-0.263,0.468,0.458,2.309,1.005,243.226
189,1,2.271,0.742,-1.529,0.756,0.164,0.537,1.029,77.604
190,1,1.637,0.724,-0.912,0.689,0.229,0.810,1.022,95.312
191,1,3.573,0.311,-3.262,0.986,0.005,0.015,1.025,87.785
192,1,2.358,0.311,-2.047,0.947,0.035,0.098,1.029,75.873
193,1,3.671,0.411,-3.261,0.972,0.002,0.005,1.050,48.759
194,1,3.082,0.476,-2.605,0.759,0.192,0.651,1.004,276.074
195,1,3.562,0.279,-3.284,0.990,0.004,0.012,1.024,88.611
196,1,3.403,0.742,-2.662,0.881,0.050,0.145,1.031,72.465
197,1,2.027,0.318,-1.709,0.901,0.073,0.216,1.018,112.547
198,1,2.272,0.318,-1.954,0.914,0.063,0.184,1.019,108.042
199,1,1.053,2.269,1.216,0.088,0.716,6.886,1.116,24.436
200,1,3.887,3.452,-0.435,0.178,0.097,0.294,1.083,31.955
201,1,4.148,0.319,-3.830,0.990,0.003,0.010,1.016,122.611
202,1,1.104,2.119,1.015,0.109,0.688,6.016,1.107,26.072
203,1,4.769,5.746,0.977,0.066,0.283,1.079,1.004,273.900
204,1,3.224,1.194,-2.030,0.717,0.086,0.256,1.013,139.027
205,1,1.077,0.444,-0.633,0.656,0.287,1.100,0.998,793.992
206,1,1.077,0.444,-0.633,0.656,0.287,1.100,0.998,793.992
207,1,3.792,0.995,-2.796,0.820,0.059,0.170,1.001,448.795
208,1,2.713,1.249,-1.464,0.659,0.119,0.370,1.019,109.117
209,1,1.062,0.411,-0.651,0.669,0.275,1.036,0.997,1015.845
210,1,1.582,0.438,-1.144,0.813,0.139,0.442,1.015,129.194
211,1,1.073,0.358,-0.715,0.701,0.247,0.896,0.997,1336.450
212,1,2.053,0.313,-1.740,0.905,0.071,0.208,1.018,111.160
213,1,1.075,0.350,-0.725,0.706,0.242,0.874,0.997,1382.668
214,1,2.103,3.393,1.289,0.038,0.438,2.129,1.232,14.398
215,1,1.062,0.411,-0.651,0.669,0.275,1.036,0.997,1015.845
216,1,0.878,1.105,0.227,0.295,0.608,4.237,1.000,470.200
217,1,1.068,0.379,-0.689,0.688,0.259,0.954,0.997,1205.005
218,1,0.719,0.366,-0.353,0.623,0.314,1.254,0.995,6757.338
219,1,5.323,0.980,-4.343,0.911,0.002,0.006,1.026,83.870
220,1,1.076,3.185,2.109,0.027,0.758,8.573,1.162,18.717
221,1,0.960,0.406,-0.554,0.654,0.289,1.112,0.997,1632.033
222,1,1.173,2.741,1.568,0.044,0.710,6.681,1.153,19.568
223,1,3.121,0.372,-2.749,0.955,0.023,0.064,1.027,81.535
224,1,2.036,0.286,-1.750,0.915,0.064,0.186,1.019,105.675
225,1,0.758,0.381,-0.377,0.624,0.315,1.256,0.995,5950.396
226,1,5.503,1.211,-4.292,0.851,0.003,0.007,1.042,56.449
227,1,1.940,0.785,-1.155,0.705,0.202,0.691,1.021,98.377
228,1,4.156,0.338,-3.818,0.990,0.002,0.004,1.021,98.915
229,1,3.845,0.299,-3.545,0.993,0.002,0.004,1.023,92.990
230,1,2.319,0.329,-1.989,0.912,0.064,0.186,1.019,109.042
231,1,1.623,0.640,-0.984,0.604,0.335,1.379,1.031,72.851
232,1,2.040,1.736,-0.304,0.358,0.324,1.308,1.081,32.572
233,1,3.532,2.618,-0.915,0.238,0.196,0.668,1.196,16.266
234,1,1.046,0.329,-0.717,0.714,0.234,0.834,0.996,1788.336
235,1,1.631,0.688,-0.943,0.704,0.221,0.775,1.027,82.158
236,1,1.090,0.366,-0.725,0.699,0.249,0.904,0.997,1195.028
237,1,0.666,0.707,0.041,0.382,0.550,3.338,0.998,888.257
238,1,1.416,1.005,-0.410,0.515,0.355,1.507,0.999,682.111
239,1,4.334,13.495,9.161,0.006,0.842,14.561,0.999,577.080
240,1,0.825,7.827,7.002,0.002,0.936,39.893,1.102,26.977
241,1,2.318,0.329,-1.989,0.912,0.064,0.186,1.019,109.045
242,1,1.379,0.646,-0.733,0.681,0.248,0.903,1.022,96.427
243,1,1.046,0.329,-0.717,0.714,0.234,0.834,0.996,1788.336
244,1,3.026,0.272,-2.754,0.850,0.119,0.369,1.002,346.745
245,1,0.873,0.709,-0.163,0.447,0.482,2.541,1.003,323.945
246,1,6.852,0.429,-6.424,0.993,0.000,0.001,1.010,173.791
247,1,1.002,2.399,1.397,0.106,0.721,7.077,1.109,25.619
248,1,3.082,0.476,-2.605,0.759,0.192,0.651,1.004,276.074
249,1,0.971,0.352,-0.618,0.687,0.259,0.953,0.996,2401.354
250,1,2.626,0.406,-2.220,0.943,0.022,0.062,1.042,56.941
251,1,1.085,2.431,1.346,0.078,0.714,6.837,1.127,22.653
252,1,4.091,1.948,-2.143,0.539,0.019,0.054,1.117,24.289
253,1,5.944,0.362,-5.582,0.998,0.000,0.000,1.007,211.688
254,1,2.053,0.301,-1.752,0.910,0.067,0.197,1.019,108.922
255,1,0.872,0.693,-0.179,0.454,0.476,2.488,1.003,297.403
256,1,1.090,0.366,-0.725,0.699,0.249,0.904,0.997,1195.028
257,1,1.623,0.639,-0.984,0.604,0.335,1.379,1.031,72.699
258,1,1.956,0.712,-1.244,0.736,0.187,0.630,1.031,73.370
259,1,2.022,0.348,-1.674,0.888,0.082,0.244,1.018,113.724
260,1,1.092,0.359,-0.733,0.703,0.245,0.887,0.997,1227.923
261,1,0.882,0.687,-0.195,0.459,0.472,2.442,1.004,277.024
262,1,0.944,0.353,-0.590,0.681,0.263,0.977,0.996,2862.688
263,1,2.054,0.301,-1.754,0.910,0.067,0.197,1.019,108.885
264,1,1.073,0.358,-0.715,0.701,0.247,0.896,0.997,1336.450
265,1,1.220,0.447,-0.773,0.764,0.184,0.618,1.006,223.174
266,1,2.387,2.516,0.129,0.167,0.240,0.862,1.202,15.866
267,1,3.132,0.313,-2.819,0.969,0.018,0.049,1.025,86.657
268,1,5.332,0.689,-4.642,0.971,0.001,0.003,1.012,154.014
269,1,2.204,0.298,-1.907,0.919,0.060,0.175,1.020,104.901
270,1,5.014,0.398,-4.615,0.985,0.003,0.008,1.013,141.567
271,1,0.973,0.345,-0.628,0.692,0.254,0.930,0.996,2525.300
272,1,5.682,0.379,-5.303,0.994,0.001,0.002,1.008,200.907
273,1,1.091,2.943,1.851,0.033,0.745,8.005,1.156,19.319
274,1,3.191,0.803,-2.388,0.589,0.342,1.423,1.005,256.085
275,1,1.024,1.144,0.120,0.319,0.570,3.627,1.002,344.000
276,1,2.227,2.229,0.002,0.222,0.322,1.296,1.153,19.571
277,1,1.171,2.498,1.327,0.080,0.689,6.054,1.135,21.584
278,1,1.899,1.115,-0.784,0.560,0.277,1.048,1.003,312.620
279,1,1.956,0.663,-1.293,0.756,0.177,0.589,1.040,58.817
280,1,1.895,0.799,-1.096,0.694,0.209,0.723,1.020,104.698
281,1,3.045,0.279,-2.766,0.975,0.016,0.043,1.027,80.887
282,1,0.991,0.359,-0.631,0.686,0.259,0.958,0.996,2001.693
283,1,3.839,1.287,-2.552,0.742,0.032,0.090,1.037,63.321
284,1,3.213,0.316,-2.897,0.970,0.017,0.047,1.024,89.455
285,1,0.960,0.406,-0.554,0.654,0.289,1.112,0.997,1632.033
286,1,4.974,0.336,-4.638,0.993,0.002,0.006,1.008,195.202
287,1,3.141,0.307,-2.834,0.971,0.017,0.047,1.025,86.835
288,1,0.895,1.039,0.144,0.315,0.591,3.947,0.997,1028.593
289,1,4.296,3.739,-0.557,0.184,0.073,0.216,1.039,59.927
290,1,4.673,0.706,-3.968,0.947,0.010,0.029,1.017,118.136
291,1,1.079,1.695,0.616,0.190,0.644,4.944,1.060,42.291
292,1,0.958,0.358,-0.601,0.681,0.264,0.979,0.996,2476.634
293,1,2.275,0.328,-1.947,0.911,0.065,0.190,1.019,108.845
294,1,1.960,0.712,-1.248,0.736,0.187,0.628,1.031,73.336
295,1,1.890,0.714,-1.176,0.728,0.194,0.660,1.029,76.106
296,1,1.075,0.350,-0.725,0.706,0.242,0.874,0.997,1382.480
297,1,2.474,0.417,-2.057,0.918,0.044,0.126,1.034,67.246
298,1,0.971,0.352,-0.618,0.687,0.259,0.953,0.996,2401.354
299,1,0.771,1.023,0.252,0.286,0.630,4.656,0.997,1050.132
300,1,3.141,3.163,0.022,0.115,0.129,0.403,1.164,18.594
301,1,3.024,0.279,-2.745,0.975,0.016,0.044,1.028,80.243
302,1,4.543,0.696,-3.847,0.948,0.011,0.030,1.020,103.828
303,1,1.624,0.956,-0.668,0.468,0.434,2.093,0.997,1534.775
304,1,0.958,0.358,-0.600,0.681,0.264,0.979,0.996,2471.122
305,1,2.696,0.303,-2.393,0.961,0.024,0.068,1.029,76.188
306,1,2.037,0.286,-1.750,0.915,0.064,0.186,1.019,105.664
307,1,7.085,0.395,-6.689,0.999,0.000,0.000,1.007,216.833
308,1,4.297,0.314,-3.983,0.992,0.003,0.008,1.014,137.123
309,1,2.273,0.350,-1.923,0.902,0.070,0.207,1.019,109.237
310,1,5.664,0.976,-4.687,0.907,0.002,0.006,1.017,116.474
311,1,3.792,0.742,-3.050,0.895,0.041,0.117,1.025,85.297
312,1,1.593,0.959,-0.634,0.464,0.437,2.127,0.996,1649.501
313,1,1.075,0.349,-0.726,0.706,0.242,0.871,0.997,1388.666
314,1,0.665,0.679,0.014,0.393,0.540,3.204,0.998,796.202
315,1,5.161,0.740,-4.421,0.953,0.003,0.009,1.011,156.727
316,1,2.055,0.321,-1.734,0.902,0.073,0.215,1.018,111.995
317,1,2.095,0.328,-1.766,0.901,0.073,0.215,1.018,111.321
318,1,4.296,0.302,-3.994,0.993,0.003,0.008,1.013,140.507
319,1,2.263,1.275,-0.989,0.551,0.243,0.875,1.018,110.763
320,1,1.075,0.350,-0.725,0.706,0.242,0.874,0.997,1382.480
321,1,7.665,0.967,-6.699,0.959,0.000,0.001,1.035,66.703
322,1,4.813,0.350,-4.464,0.990,0.003,0.007,1.010,166.568
323,1,2.268,0.383,-1.885,0.889,0.078,0.231,1.019,105.999
324,1,2.054,0.327,-1.727,0.899,0.075,0.220,1.018,112.496
325,1,1.090,0.366,-0.725,0.699,0.249,0.904,0.997,1195.028
326,1,3.093,0.272,-2.821,0.977,0.014,0.040,1.027,80.889
327,1,1.960,0.712,-1.248,0.736,0.187,0.628,1.031,73.201
328,1,1.000,0.737,-0.262,0.468,0.458,2.309,1.005,243.250
329,1,1.263,0.446,-0.817,0.770,0.178,0.594,1.007,204.713
330,1,3.379,0.289,-3.090,0.979,0.013,0.036,1.022,94.697
331,1,0.932,0.971,0.039,0.447,0.455,2.284,1.008,199.599
332,1,1.764,0.319,-1.445,0.883,0.088,0.264,1.015,131.025
333,1,2.051,0.321,-1.731,0.901,0.073,0.215,1.018,112.106
334,1,3.134,0.287,-2.847,0.975,0.015,0.043,1.026,84.932
335,1,2.697,0.406,-2.290,0.945,0.020,0.057,1.042,56.791
336,1,3.920,0.288,-3.633,0.995,0.001,0.004,1.021,100.245
337,1,1.073,0.358,-0.715,0.701,0.247,0.896,0.997,1336.450
338,1,0.772,5.208,4.436,0.002,0.903,25.563,1.163,18.675
339,1,4.208,0.700,-3.507,0.948,0.006,0.017,1.023,93.858
340,1,3.166,0.815,-2.350,0.844,0.062,0.180,1.025,87.734
341,1,0.991,0.359,-0.631,0.686,0.259,0.958,0.996,2001.693
342,1,1.078,1.751,0.673,0.223,0.623,4.510,1.056,44.383
343,1,1.896,0.799,-1.097,0.694,0.209,0.723,1.020,104.690
344,1,2.197,0.299,-1.899,0.918,0.061,0.176,1.020,105.175
345,1,3.562,0.279,-3.283,0.990,0.004,0.012,1.024,88.567
346,1,1.982,0.423,-1.559,0.885,0.073,0.215,1.029,76.144
347,1,2.269,0.349,-1.920,0.902,0.070,0.207,1.019,109.270
348,1,1.527,0.306,-1.221,0.870,0.099,0.300,1.010,173.492
349,1,1.762,0.319,-1.444,0.883,0.088,0.264,1.015,131.216
350,1,2.094,0.328,-1.766,0.901,0.073,0.215,1.018,111.337
351,1,4.620,0.322,-4.298,0.995,0.001,0.003,1.012,149.604
352,1,8.072,0.372,-7.699,1.000,0.000,0.000,1.004,289.258
353,1,3.112,0.334,-2.778,0.964,0.020,0.055,1.025,85.426
354,1,0.991,0.359,-0.631,0.686,0.259,0.958,0.996,2001.693
355,1,1.092,0.359,-0.733,0.703,0.245,0.887,0.997,1227.923
356,1,1.380,0.645,-0.734,0.681,0.248,0.902,1.022,96.184
357,1,3.815,0.281,-3.535,0.995,0.001,0.004,1.022,94.642
358,1,3.082,0.476,-2.605,0.759,0.192,0.651,1.004,276.074
359,1,0.971,0.352,-0.618,0.687,0.258,0.953,0.996,2399.778
360,1,3.842,0.282,-3.560,0.995,0.001,0.004,1.022,96.132
361,1,3.026,0.272,-2.754,0.850,0.119,0.369,1.002,346.745
362,1,4.280,0.327,-3.953,0.990,0.003,0.009,1.015,130.423
363,1,1.075,0.350,-0.725,0.706,0.242,0.874,0.997,1382.668
364,1,3.131,0.287,-2.844,0.975,0.015,0.043,1.026,84.800
365,1,3.082,0.476,-2.605,0.759,0.192,0.651,1.004,276.074
366,1,3.126,0.372,-2.754,0.955,0.023,0.064,1.027,81.664
367,1,0.951,0.326,-0.624,0.700,0.246,0.890,0.996,3494.546
368,1,2.271,0.383,-1.888,0.890,0.078,0.231,1.019,106.003
369,1,2.033,0.318,-1.716,0.902,0.073,0.215,1.018,112.320
370,1,1.075,0.349,-0.726,0.706,0.242,0.871,0.997,1388.666
371,1,2.289,1.019,-1.271,0.659,0.195,0.664,1.018,111.430
372,1,2.275,0.328,-1.948,0.911,0.065,0.190,1.019,108.848
373,1,2.429,0.767,-1.662,0.816,0.095,0.287,1.035,66.303
374,1,2.470,0.417,-2.052,0.918,0.044,0.127,1.034,67.254
375,1,3.062,0.269,-2.793,0.986,0.007,0.019,1.033,69.951
376,1,0.960,0.406,-0.554,0.654,0.289,1.112,0.997,1632.033
377,1,2.052,0.301,-1.751,0.910,0.067,0.197,1.019,108.978
378,1,3.748,0.909,-2.839,0.838,0.049,0.141,1.016,122.256
379,1,6.195,0.688,-5.508,0.977,0.002,0.004,1.008,201.360
380,1,1.762,0.319,-1.444,0.883,0.088,0.264,1.015,131.226
381,1,2.027,0.319,-1.709,0.901,0.074,0.217,1.018,112.612
382,1,2.190,1.083,-1.108,0.699,0.114,0.352,1.034,67.322
383,1,2.476,0.327,-2.150,0.947,0.033,0.093,1.030,75.348
384,1,0.970,0.318,-0.652,0.709,0.237,0.851,0.996,3193.481
385,1,0.971,0.352,-0.618,0.687,0.259,0.953,0.996,2401.354
386,1,5.517,0.455,-5.063,0.986,0.000,0.001,1.025,86.506
387,1,1.169,2.501,1.332,0.080,0.690,6.082,1.135,21.581
388,1,0.835,0.349,-0.486,0.662,0.279,1.060,0.995,7311.195
389,1,1.006,1.752,0.746,0.170,0.673,5.627,1.064,40.033
390,1,2.027,0.319,-1.708,0.901,0.074,0.217,1.018,112.636
391,1,3.899,7.583,3.684,0.008,0.602,4.140,1.001,444.883
392,1,2.096,0.328,-1.768,0.901,0.073,0.215,1.018,111.286
393,1,4.148,0.319,-3.830,0.990,0.003,0.010,1.016,122.635
394,1,3.106,0.312,-2.794,0.969,0.018,0.050,1.025,85.759
395,1,2.318,0.336,-1.982,0.910,0.065,0.191,1.019,109.323
396,1,0.969,0.358,-0.611,0.683,0.262,0.971,0.996,2305.814
397,1,3.544,0.322,-3.222,0.975,0.014,0.038,1.020,103.674
398,1,1.987,0.354,-1.633,0.884,0.085,0.255,1.017,114.822
399,1,1.914,1.196,-0.718,0.534,0.284,1.082,1.010,164.964
400,1,0.925,1.119,0.194,0.303,0.595,4.020,1.001,417.624
401,1,3.871,0.746,-3.125,0.896,0.040,0.113,1.024,90.045
402,1,4.198,0.339,-3.859,0.990,0.002,0.004,1.021,101.233
403,1,3.026,0.272,-2.754,0.850,0.119,0.369,1.002,346.745
404,1,6.755,0.377,-6.378,0.997,0.000,0.001,1.004,288.622
405,1,3.298,0.719,-2.578,0.884,0.052,0.150,1.037,63.397
406,1,4.183,0.426,-3.757,0.974,0.002,0.007,1.035,65.759
407,1,0.954,0.379,-0.575,0.668,0.276,1.043,0.996,2110.027
408,1,0.971,0.352,-0.618,0.687,0.259,0.953,0.996,2401.354
409,1,0.973,0.345,-0.628,0.692,0.254,0.930,0.996,2525.300
410,1,1.980,0.328,-1.653,0.894,0.079,0.233,1.017,115.418
411,1,4.135,0.292,-3.843,0.993,0.003,0.008,1.015,127.616
412,1,1.090,0.366,-0.725,0.699,0.249,0.904,0.997,1195.028
413,1,1.599,0.346,-1.253,0.857,0.109,0.334,1.011,155.383
414,1,0.954,0.379,-0.575,0.668,0.276,1.043,0.996,2110.027
415,1,3.108,0.312,-2.795,0.969,0.018,0.050,1.025,85.807
416,1,4.230,0.317,-3.913,0.991,0.003,0.009,1.015,130.019
417,1,3.053,0.398,-2.655,0.966,0.003,0.009,1.055,44.964
418,1,3.879,0.746,-3.133,0.896,0.040,0.113,1.024,90.383
419,1,2.316,0.336,-1.980,0.910,0.065,0.191,1.019,109.321
420,1,2.203,0.298,-1.905,0.919,0.060,0.175,1.020,104.926
421,1,4.585,0.642,-3.943,0.887,0.074,0.219,1.035,65.896
422,1,2.435,0.767,-1.669,0.817,0.095,0.285,1.035,66.311
423,1,1.073,0.358,-0.715,0.701,0.247,0.896,0.997,1336.450
424,1,1.715,0.436,-1.279,0.828,0.126,0.394,1.017,115.457
425,1,1.073,0.358,-0.715,0.701,0.247,0.896,0.997,1336.450
426,1,1.090,0.366,-0.725,0.699,0.249,0.904,0.997,1195.027
427,1,32.050,0.408,-31.642,1.000,0.000,0.000,1.005,261.914
428,1,2.072,3.025,0.953,0.065,0.416,1.945,1.219,14.992
429,1,1.075,0.350,-0.725,0.706,0.242,0.874,0.997,1382.668
430,1,1.075,0.350,-0.725,0.706,0.242,0.874,0.997,1382.668
431,1,1.983,0.295,-1.688,0.908,0.069,0.201,1.018,110.321
432,1,1.934,0.785,-1.150,0.704,0.202,0.693,1.021,98.564
433,1,1.612,0.435,-1.177,0.847,0.107,0.327,1.020,101.847
434,1,2.027,0.319,-1.708,0.901,0.074,0.217,1.018,112.644
435,1,3.240,0.316,-2.924,0.971,0.017,0.046,1.024,90.424
436,1,3.082,0.476,-2.605,0.759,0.192,0.651,1.004,276.074
437,1,0.944,0.353,-0.590,0.681,0.263,0.977,0.996,2862.688
438,1,2.014,0.385,-1.629,0.873,0.092,0.276,1.018,109.853
439,1,1.073,0.358,-0.715,0.701,0.247,0.896,0.997,1336.450
440,1,4.613,0.322,-4.291,0.995,0.001,0.003,1.012,148.889
441,1,1.092,0.359,-0.733,0.703,0.245,0.887,0.997,1227.923
442,1,2.708,0.399,-2.308,0.954,0.012,0.032,1.048,50.795
443,1,2.697,0.406,-2.290,0.945,0.020,0.057,1.042,56.786
444,1,0.953,1.723,0.770,0.165,0.688,6.035,1.059,42.949
445,1,1.902,1.050,-0.851,0.649,0.187,0.630,1.027,80.856
446,1,1.264,0.446,-0.818,0.771,0.178,0.593,1.007,204.335
447,1,2.317,0.329,-1.988,0.912,0.064,0.187,1.019,109.029
448,1,1.073,0.358,-0.715,0.701,0.247,0.896,0.997,1336.450
449,1,1.092,0.359,-0.733,0.703,0.245,0.887,0.997,1227.923
450,1,3.607,0.661,-2.946,0.915,0.041,0.115,1.045,53.312
451,1,5.936,0.705,-5.231,0.971,0.002,0.005,1.008,188.680
452,1,0.614,0.463,-0.151,0.535,0.398,1.811,0.996,2255.156
453,1,4.643,0.708,-3.934,0.946,0.011,0.029,1.017,117.335
454,1,4.288,0.385,-3.903,0.981,0.004,0.012,1.020,104.655
455,1,9.166,0.685,-8.481,0.996,0.000,0.000,1.031,72.622
456,1,1.075,0.350,-0.725,0.706,0.242,0.874,0.997,1381.896
457,1,2.035,0.377,-1.658,0.878,0.089,0.266,1.018,110.619
458,1,0.979,0.718,-0.260,0.471,0.457,2.303,1.006,234.254
459,1,1.384,0.720,-0.664,0.647,0.270,1.009,1.014,133.348
460,1,1.486,0.764,-0.722,0.647,0.262,0.971,1.014,131.857
461,1,1.955,1.195,-0.760,0.540,0.277,1.048,1.010,168.046
462,1,2.552,0.417,-2.135,0.922,0.041,0.118,1.034,67.340
463,1,1.062,0.411,-0.651,0.669,0.275,1.036,0.997,1015.845
464,1,1.092,0.359,-0.733,0.703,0.245,0.887,0.997,1227.923
465,1,4.545,0.777,-3.768,0.931,0.005,0.015,1.015,126.110
466,1,0.904,1.106,0.202,0.301,0.600,4.096,1.000,469.402
467,1,2.243,3.089,0.846,0.055,0.374,1.632,1.235,14.242
468,1,2.068,2.201,0.132,0.211,0.355,1.505,1.147,20.153
469,1,4.213,0.427,-3.786,0.975,0.002,0.007,1.035,66.414
470,1,4.780,1.035,-3.745,0.860,0.007,0.020,1.032,70.829
471,1,1.000,0.737,-0.263,0.468,0.458,2.307,1.005,242.490
472,1,0.968,1.720,0.752,0.168,0.683,5.885,1.059,42.757
473,1,2.275,0.328,-1.948,0.911,0.065,0.190,1.019,108.842
474,1,1.631,0.691,-0.940,0.702,0.222,0.778,1.026,82.998
475,1,1.518,1.267,-0.251,0.444,0.374,1.630,1.021,98.509
476,1,1.092,0.359,-0.733,0.703,0.245,0.887,0.997,1227.923
477,1,0.924,1.119,0.195,0.303,0.595,4.025,1.001,416.057
478,1,0.976,0.333,-0.644,0.700,0.246,0.891,0.996,2726.588
479,1,2.057,0.327,-1.730,0.899,0.074,0.220,1.018,112.273
480,1,2.695,0.277,-2.419,0.968,0.021,0.058,1.031,73.160
481,1,0.958,0.358,-0.601,0.681,0.264,0.979,0.996,2476.634
482,1,1.068,0.379,-0.689,0.688,0.259,0.954,0.997,1205.005
483,1,2.314,0.329,-1.984,0.912,0.064,0.187,1.019,109.040
484,1,1.068,0.379,-0.689,0.688,0.259,0.954,0.997,1205.005
485,1,2.015,0.385,-1.629,0.873,0.092,0.276,1.018,109.844
486,1,0.960,0.349,-0.611,0.687,0.258,0.952,0.996,2635.269
487,1,1.090,0.366,-0.725,0.699,0.249,0.904,0.997,1195.028
488,1,3.121,0.312,-2.810,0.970,0.018,0.049,1.025,86.299
489,1,2.239,1.173,-1.066,0.583,0.237,0.851,1.007,213.061
490,1,2.024,1.850,-0.174,0.322,0.335,1.377,1.099,27.729
491,1,2.356,1.867,-0.489,0.382,0.201,0.688,1.111,25.194
492,1,3.117,0.312,-2.805,0.969,0.018,0.049,1.025,86.161
493,1,3.026,0.272,-2.754,0.850,0.119,0.369,1.002,346.745
494,1,1.092,0.359,-0.733,0.703,0.245,0.887,0.997,1227.923
495,1,1.085,0.317,-0.768,0.728,0.221,0.778,0.997,1523.532
496,1,2.713,1.255,-1.458,0.656,0.119,0.370,1.019,105.491
497,1,1.090,0.366,-0.725,0.699,0.249,0.904,0.997,1195.028
498,1,2.275,0.328,-1.948,0.911,0.065,0.190,1.019,108.847
499,1,3.202,0.650,-2.552,0.930,0.025,0.070,1.058,43.321
500,1,0.944,0.353,-0.590,0.681,0.263,0.977,0.996,2862.688
501,1,2.270,0.383,-1.887,0.889,0.078,0.231,1.019,106.003
502,1,1.957,0.706,-1.251,0.738,0.186,0.624,1.032,71.415
503,1,0.947,0.414,-0.534,0.647,0.295,1.144,0.997,1625.650
504,1,7.369,0.377,-6.993,0.999,0.000,0.000,1.003,301.330
505,1,1.028,1.177,0.148,0.312,0.574,3.681,1.005,261.443
506,1,2.014,0.385,-1.629,0.873,0.092,0.276,1.018,109.859
507,1,0.891,0.830,-0.061,0.411,0.510,2.843,1.000,483.735
508,1,1.716,3.234,1.518,0.040,0.543,3.247,1.206,15.648
509,1,3.614,0.325,-3.289,0.975,0.013,0.037,1.019,107.021
510,1,0.973,0.345,-0.628,0.692,0.254,0.930,0.996,2525.300
511,1,2.319,0.336,-1.983,0.910,0.065,0.191,1.019,109.318
512,1,2.665,0.417,-2.248,0.927,0.037,0.106,1.034,67.791
513,1,0.958,0.358,-0.600,0.681,0.264,0.979,0.996,2471.122
514,1,1.046,0.329,-0.717,0.714,0.234,0.834,0.996,1788.336
515,1,1.092,0.359,-0.733,0.703,0.245,0.887,0.997,1227.923
516,1,2.286,4.710,2.425,0.025,0.537,3.174,1.133,21.885
517,1,1.696,0.311,-1.385,0.795,0.165,0.541,1.000,459.639
518,1,0.998,1.088,0.089,0.328,0.568,3.601,0.999,608.079
519,1,3.879,0.283,-3.596,0.995,0.001,0.004,1.021,98.380
520,1,2.048,0.327,-1.721,0.899,0.075,0.221,1.018,112.706
521,1,5.647,0.756,-4.891,0.960,0.001,0.003,1.018,112.958
522,1,2.707,0.399,-2.308,0.954,0.012,0.032,1.048,50.804
523,1,1.092,0.359,-0.733,0.703,0.245,0.887,0.997,1227.923
524,1,0.960,0.406,-0.554,0.654,0.289,1.112,0.997,1632.033
525,1,2.054,0.321,-1.733,0.902,0.073,0.215,1.018,112.025
526,1,2.431,2.258,-0.173,0.241,0.211,0.729,1.172,17.933
527,1,3.205,1.919,-1.286,0.454,0.108,0.333,1.121,23.532
528,1,2.020,0.385,-1.635,0.873,0.091,0.275,1.018,109.663
529,1,0.749,0.460,-0.289,0.578,0.359,1.531,0.996,2734.542
530,1,0.991,0.359,-0.631,0.686,0.259,0.958,0.996,2001.693
531,1,0.614,0.463,-0.151,0.535,0.398,1.811,0.996,2255.156
532,1,1.380,0.688,-0.691,0.660,0.262,0.968,1.017,117.773
533,1,1.778,0.338,-1.439,0.876,0.093,0.282,1.015,130.039
534,1,1.062,0.411,-0.651,0.669,0.275,1.036,0.997,1015.845
535,1,0.960,0.406,-0.554,0.654,0.289,1.112,0.997,1632.033
536,1,1.911,1.163,-0.747,0.545,0.281,1.067,1.007,208.768
537,1,0.911,2.467,1.555,0.063,0.778,9.576,1.117,24.216
538,1,1.770,0.318,-1.451,0.884,0.088,0.262,1.015,130.367
539,1,1.085,0.317,-0.768,0.728,0.221,0.778,0.997,1523.532
540,1,0.960,0.406,-0.554,0.654,0.289,1.112,0.997,1632.033
541,1,1.268,0.446,-0.822,0.771,0.178,0.591,1.007,202.820
542,1,0.904,1.106,0.202,0.301,0.600,4.094,1.000,470.140
543,1,2.265,0.412,-1.853,0.923,0.039,0.111,1.038,61.128
544,1,2.123,3.012,0.889,0.070,0.401,1.831,1.220,14.928
545,1,0.779,1.095,0.316,0.271,0.641,4.877,1.000,508.944
546,1,0.828,0.387,-0.441,0.637,0.304,1.193,0.996,4181.518
547,1,0.974,0.454,-0.519,0.720,0.225,0.792,1.002,383.503
548,1,0.725,0.334,-0.391,0.647,0.291,1.123,0.995,12107.758
549,1,0.973,0.345,-0.628,0.692,0.254,0.930,0.996,2525.300
550,1,0.771,0.723,-0.048,0.413,0.517,2.926,0.999,564.429
551,1,3.483,0.280,-3.204,0.982,0.011,0.031,1.021,98.000
552,1,2.053,0.348,-1.705,0.890,0.080,0.239,1.018,112.701
553,1,3.082,0.476,-2.605,0.759,0.192,0.651,1.004,276.074
554,1,3.026,0.272,-2.754,0.850,0.119,0.369,1.002,346.745
555,1,3.119,0.312,-2.807,0.969,0.018,0.049,1.025,86.230
556,1,8.637,0.429,-8.208,0.999,0.000,0.000,1.013,142.725
557,1,1.004,1.130,0.127,0.318,0.574,3.680,1.001,385.712
558,1,2.385,0.280,-2.105,0.957,0.029,0.081,1.031,72.788
559,1,0.942,0.386,-0.557,0.661,0.282,1.073,0.996,2120.419
560,1,2.001,0.425,-1.576,0.886,0.072,0.211,1.030,75.055
561,1,2.127,1.406,-0.721,0.543,0.242,0.872,1.046,53.022
562,1,3.550,0.316,-3.235,0.976,0.013,0.037,1.020,104.317
563,1,1.052,0.331,-0.721,0.714,0.234,0.835,0.996,1717.937
564,1,1.631,0.965,-0.666,0.466,0.434,2.097,0.996,1725.856
565,1,6.826,0.373,-6.453,0.997,0.000,0.001,1.003,305.240
566,1,2.108,0.330,-1.778,0.901,0.073,0.215,1.018,111.091