"","X.15","X.14","X.13","X.12","X.11","X.10","X.9","X.8","X.7","X.6","X.5","X.4","X.3","X.2","X.1","X","Site","Partition","X.alpha.","X.beta..sup....sup.","p.sup....sup.","X.beta..sup....sup..1","p.sup....sup..1","LRT","p.value","X..branches.under.selection","Total.branch.length","wtnt_codon"
"1",1,1,1,1,1,1,1,1,1,1,1,1,1,1,1,1,1,1,0.87,0.02,0.02,0.02,0.98,0,0.67,0,60.29,"atg"
"2",2,2,2,2,2,2,2,2,2,2,2,2,2,2,2,2,2,1,1.49,1.49,0.02,0,0.98,0,0.67,0,101.98,"caa"
"3",3,3,3,3,3,3,3,3,3,3,3,3,3,3,3,3,3,1,0.73,0,0.1,0,0.9,0,0.67,0,47.74,"aca"
"4",4,4,4,4,4,4,4,4,4,4,4,4,4,4,4,4,4,1,1.14,1.14,0.03,0,0.97,0,0.67,0,80.09,"aga"
"5",5,5,5,5,5,5,5,5,5,5,5,5,5,5,5,5,5,1,1.4,0.18,0.07,0,0.93,0,0.67,0,92.65,"cac"
"6",6,6,6,6,6,6,6,6,6,6,6,6,6,6,6,6,6,1,0.7,0,0.18,0,0.82,0,0.67,0,45.84,"gtg"
"7",7,7,7,7,7,7,7,7,7,7,7,7,7,7,7,7,7,1,1.06,1.06,0.2,0,0.8,0,0.67,0,101.08,"aac"
"8",8,8,8,8,8,8,8,8,8,8,8,8,8,8,8,8,8,1,1.16,1.16,0.01,0,0.99,0,0.67,0,77.27,"aac"
"9",9,9,9,9,9,9,9,9,9,9,9,9,9,9,9,9,9,1,1.27,0.38,0.25,0,0.75,0,0.67,0,96.85,"tac"
"10",10,10,10,10,10,10,10,10,10,10,10,10,10,10,10,10,10,1,0.84,0.84,0.02,0,0.98,0,0.67,0,56.79,"cac"
"11",11,11,11,11,11,11,11,11,11,11,11,11,11,11,11,11,11,1,0.78,0.2,0.17,0,0.83,0,0.67,0,56.5,"tcc"
"12",12,12,12,12,12,12,12,12,12,12,12,12,12,12,12,12,12,1,1.15,1.15,0.02,0,0.98,0,0.67,0,77.53,"aga"
"13",13,13,13,13,13,13,13,13,13,13,13,13,13,13,13,13,13,1,0.72,0.01,0.1,0.01,0.9,0,0.67,0,48.29,"tca"
"14",14,14,14,14,14,14,14,14,14,14,14,14,14,14,14,14,14,1,1.18,0.32,0.06,0,0.94,0,0.67,0,79.87,"gag"
"15",15,15,15,15,15,15,15,15,15,15,15,15,15,15,15,15,15,1,0.82,0,0.18,0,0.82,0,0.67,0,53.51,"tca"
"16",16,16,16,16,16,16,16,16,16,16,16,16,16,16,16,16,16,1,1.01,0.48,0.02,0.03,0.98,0,0.67,0,70.73,"tca"
"17",17,17,17,17,17,17,17,17,17,17,17,17,17,17,17,17,17,1,0.81,0.81,0.08,0.02,0.92,0,0.67,0,64.87,"ata"
"18",18,18,18,18,18,18,18,18,18,18,18,18,18,18,18,18,18,1,0.86,0.86,0.04,0,0.96,0,0.67,0,61.27,"gag"
"19",19,19,19,19,19,19,19,19,19,19,19,19,19,19,19,19,19,1,1.18,1.18,0.01,0,0.99,0,0.67,0,78.06,"aac"
"20",20,20,20,20,20,20,20,20,20,20,20,20,20,20,20,20,20,1,1.31,0,0.03,0,0.97,0,0.67,0,85.49,"ttt"
"21",21,21,21,21,21,21,21,21,21,21,21,21,21,21,21,21,21,1,0.81,0.02,0.79,0.02,0.21,0,0.67,0,55.78,"ctg"
"22",22,22,22,22,22,22,22,22,22,22,22,22,22,22,22,22,22,1,1.16,0.75,0.02,0.04,0.98,0,0.67,0,82.93,"tgt"
"23",23,23,23,23,23,23,23,23,23,23,23,23,23,23,23,23,23,1,1.04,1.04,0.01,0,0.99,0,0.67,0,68.45,"aga"
"24",24,24,24,24,24,24,24,24,24,24,24,24,24,24,24,24,24,1,1.25,0.17,0.18,0,0.82,0,0.67,0,86.05,"tca"
"25",25,25,25,25,25,25,25,25,25,25,25,25,25,25,25,25,25,1,0.98,0.98,0.01,0,0.99,0,0.67,0,64.62,"gca"
"26",26,26,26,26,26,26,26,26,26,26,26,26,26,26,26,26,26,1,1.57,0,0.02,0,0.98,0,0.67,0,101.96,"tgt"
"27",27,27,27,27,27,27,27,27,27,27,27,27,27,27,27,27,27,1,0.98,0,0.03,0,0.97,0,0.67,0,64.23,"gtg"
"28",28,28,28,28,28,28,28,28,28,28,28,28,28,28,28,28,28,1,1.39,0.75,0.03,0.01,0.97,0,0.67,0,96.25,"tac"
"29",29,29,29,29,29,29,29,29,29,29,29,29,29,29,29,29,29,1,1.32,0.74,0.01,0.02,0.99,0,0.67,0,90.63,"atc"
"30",30,30,30,30,30,30,30,30,30,30,30,30,30,30,30,30,30,1,0.69,0.09,0.68,0,0.32,0,0.67,0,54.8,"gct"
"31",31,31,31,31,31,31,31,31,31,31,31,31,31,31,31,31,31,1,1.15,0.22,0.49,0,0.51,0,0.67,0,91.08,"gag"
"32",32,32,32,32,32,32,32,32,32,32,32,32,32,32,32,32,32,1,1.58,0.01,0.08,0.01,0.92,0,0.67,0,104.09,"tac"
"33",33,33,33,33,33,33,33,33,33,33,33,33,33,33,33,33,33,1,1.02,0.22,0.44,0,0.56,0,0.67,0,80.93,"aag"
"34",34,34,34,34,34,34,34,34,34,34,34,34,34,34,34,34,34,1,0.79,0.79,0.01,0.02,0.99,0,0.67,0,55.19,"aca"
"35",35,35,35,35,35,35,35,35,35,35,35,35,35,35,35,35,35,1,0.89,0.89,0.1,0.1,0.9,0,0.67,0,84.91,"aag"
"36",36,36,36,36,36,36,36,36,36,36,36,36,36,36,36,36,36,1,0.86,0.1,0.62,0,0.38,0,0.67,0,64.99,"ga-"
"37",37,37,37,37,37,37,37,37,37,37,37,37,37,37,37,37,37,1,0.63,0.63,0.43,0.03,0.57,0,0.67,0,85.14,"acc"
"38",38,38,38,38,38,38,38,38,38,38,38,38,38,38,38,38,38,1,1.03,1.03,0.21,0.15,0.79,0,0.67,0,118.26,"aat"
"39",39,39,39,39,39,39,39,39,39,39,39,39,39,39,39,39,39,1,1.23,1.23,0.02,0.08,0.98,0,0.67,0,96.22,"gat"
"40",40,40,40,40,40,40,40,40,40,40,40,40,40,40,40,40,40,1,1.34,1.34,0.16,0.05,0.84,0,0.67,0,126.4,"ga-"
"41",41,41,41,41,41,41,41,41,41,41,41,41,41,41,41,41,41,1,0.89,0.23,0.06,0.13,0.94,0,0.67,0,78.82,"tt-"
"42",42,42,42,42,42,42,42,42,42,42,42,42,42,42,42,42,42,1,1.24,1.24,0.05,0.05,0.95,0,0.67,0,97.95,"-ac"
"43",43,43,43,43,43,43,43,43,43,43,43,43,43,43,43,43,43,1,1.37,1.28,0.02,0.04,0.98,0,0.67,0,99.24,"agg"
"44",44,44,44,44,44,44,44,44,44,44,44,44,44,44,44,44,44,1,1.1,0.04,0.18,0.04,0.82,0,0.67,0,77.71,"tac"
"45",45,45,45,45,45,45,45,45,45,45,45,45,45,45,45,45,45,1,1.22,0.16,0.3,0,0.7,0,0.67,0,86.83,"gcc"
"46",46,46,46,46,46,46,46,46,46,46,46,46,46,46,46,46,46,1,1.38,1,0.12,0.03,0.88,0,0.67,0,111.67,"aac"
"47",47,47,47,47,47,47,47,47,47,47,47,47,47,47,47,47,47,1,0,0,0.98,0.51,0.02,1.94,0.19,2,1.82,"tgg"
"48",48,48,48,48,48,48,48,48,48,48,48,48,48,48,48,48,48,1,1.16,0.2,0.4,0,0.6,0,0.67,0,87.72,"gtg"
"49",49,49,49,49,49,49,49,49,49,49,49,49,49,49,49,49,49,1,1.41,0.01,0.05,0.01,0.95,0,0.67,0,93.34,"ata"
"50",50,50,50,50,50,50,50,50,50,50,50,50,50,50,50,50,50,1,0.72,0.66,0.07,0.04,0.93,0,0.67,0,59.24,"aac"
"51",51,51,51,51,51,51,51,51,51,51,51,51,51,51,51,51,51,1,0.76,0.05,0.05,0.03,0.95,0,0.67,0,53.77,"acc"
"52",52,52,52,52,52,52,52,52,52,52,52,52,52,52,52,52,52,1,0.97,0.02,0.34,0.02,0.66,0,0.67,0,65.43,"aga"
"53",53,53,53,53,53,53,53,53,53,53,53,53,53,53,53,53,53,1,0.88,0.05,0.11,0.05,0.89,0,0.67,0,64.57,"caa"
"54",54,54,54,54,54,54,54,54,54,54,54,54,54,54,54,54,54,1,0.99,0.99,0.02,0.01,0.98,0,0.67,0,69.3,"gtg"
"55",55,55,55,55,55,55,55,55,55,55,55,55,55,55,55,55,55,1,0.95,0.95,0.01,0.01,0.99,0,0.67,0,64.2,"gcg"
"56",56,56,56,56,56,56,56,56,56,56,56,56,56,56,56,56,56,1,1.26,1.26,0.01,0,0.99,0,0.67,0,83.29,"caa"
"57",57,57,57,57,57,57,57,57,57,57,57,57,57,57,57,57,57,1,1,1,0.06,0,0.94,0,0.67,0,74.63,"ttg"
"58",58,58,58,58,58,58,58,58,58,58,58,58,58,58,58,58,58,1,1.04,1.04,0.04,0,0.96,0,0.67,0,73.45,"agg"
"59",59,59,59,59,59,59,59,59,59,59,59,59,59,59,59,59,59,1,1.12,1.12,0.05,0,0.95,0,0.67,0,80.34,"cgc"
"60",60,60,60,60,60,60,60,60,60,60,60,60,60,60,60,60,60,1,1.45,0,0.02,0,0.98,0,0.67,0,94.31,"aag"
"61",61,61,61,61,61,61,61,61,61,61,61,61,61,61,61,61,61,1,1.09,1.09,0.03,0.02,0.97,0,0.67,0,79.98,"ctg"
"62",62,62,62,62,62,62,62,62,62,62,62,62,62,62,62,62,62,1,1.32,0.85,0.01,0,0.99,0,0.67,0,86.67,"gaa"
"63",63,63,63,63,63,63,63,63,63,63,63,63,63,63,63,63,63,1,0.9,0.38,0.13,0.01,0.87,0,0.67,0,67.2,"atg"
"64",64,64,64,64,64,64,64,64,64,64,64,64,64,64,64,64,64,1,1.17,0,0.05,0,0.95,0,0.67,0,76.04,"ttc"
"65",65,65,65,65,65,65,65,65,65,65,65,65,65,65,65,65,65,1,1.06,0,0.26,0,0.74,0,0.67,0,68.88,"aca"
"66",66,66,66,66,66,66,66,66,66,66,66,66,66,66,66,66,66,1,1.18,0,0.02,0,0.98,0,0.67,0,76.48,"tac"
"67",67,67,67,67,67,67,67,67,67,67,67,67,67,67,67,67,67,1,1.11,0.06,0.18,0.04,0.82,0,0.67,0,79.3,"atg"
"68",68,68,68,68,68,68,68,68,68,68,68,68,68,68,68,68,68,1,1.04,0.7,0.01,0,0.99,0,0.67,0,69.46,"aga"
"69",69,69,69,69,69,69,69,69,69,69,69,69,69,69,69,69,69,1,1.04,0.1,0.03,0.01,0.97,0,0.67,0,70.09,"ttt"
"70",70,70,70,70,70,70,70,70,70,70,70,70,70,70,70,70,70,1,1.41,1.41,0,0,1,0,0.67,0,92.62,"gac"
"71",71,71,71,71,71,71,71,71,71,71,71,71,71,71,71,71,71,1,1.04,0.06,0.72,0.06,0.28,0,0.67,0,76.53,"ctg"
"72",72,72,72,72,72,72,72,72,72,72,72,72,72,72,72,72,72,1,0.96,0.96,0.01,0,0.99,0,0.67,0,64.11,"gag"
"73",73,73,73,73,73,73,73,73,73,73,73,73,73,73,73,73,73,1,1.11,0.04,0.31,0.04,0.69,0,0.67,0,78.54,"gtc"
"74",74,74,74,74,74,74,74,74,74,74,74,74,74,74,74,74,74,1,1.2,1.2,0.02,0,0.98,0,0.67,0,81.12,"aca"
"75",75,75,75,75,75,75,75,75,75,75,75,75,75,75,75,75,75,1,1.02,1.02,0.02,0,0.98,0,0.67,0,69.89,"ttt"
"76",76,76,76,76,76,76,76,76,76,76,76,76,76,76,76,76,76,1,0.82,0,0.18,0,0.82,0,0.67,0,53.15,"gtg"
"77",77,77,77,77,77,77,77,77,77,77,77,77,77,77,77,77,77,1,1.02,1.02,0.02,0,0.98,0,0.67,0,70.35,"atc"
"78",78,78,78,78,78,78,78,78,78,78,78,78,78,78,78,78,78,1,0.84,0.48,0.03,0,0.97,0,0.67,0,56.78,"acc"
"79",79,79,79,79,79,79,79,79,79,79,79,79,79,79,79,79,79,1,0.83,0.78,0.02,0,0.98,0,0.67,0,56.55,"agc"
"80",80,80,80,80,80,80,80,80,80,80,80,80,80,80,80,80,80,1,1.01,0.45,0.14,0.03,0.86,0,0.67,0,78.45,"acc"
"81",81,81,81,81,81,81,81,81,81,81,81,81,81,81,81,81,81,1,0.96,0.96,0.01,0,0.99,0,0.67,0,63.54,"cag"
"82",82,82,82,82,82,82,82,82,82,82,82,82,82,82,82,82,82,1,0.97,0.54,0.05,0.02,0.95,0,0.67,0,70.35,"gac"
"83",83,83,83,83,83,83,83,83,83,83,83,83,83,83,83,83,83,1,0.97,0.28,0.34,0,0.66,0,0.67,0,77.16,"cat"
"84",84,84,84,84,84,84,84,84,84,84,84,84,84,84,84,84,84,1,1.18,0.8,0.06,0,0.94,0,0.67,0,84.53,"tca"
"85",85,85,85,85,85,85,85,85,85,85,85,85,85,85,85,85,85,1,0.87,0.87,0.01,0,0.99,0,0.67,0,58.7,"acc"
"86",86,86,86,86,86,86,86,86,86,86,86,86,86,86,86,86,86,1,0.73,0.73,0.2,0.02,0.8,0,0.67,0,72.5,"aca"
"87",87,87,87,87,87,87,87,87,87,87,87,87,87,87,87,87,87,1,1.11,1.01,0.14,0,0.86,0,0.67,0,93.89,"caa"
"88",88,88,88,88,88,88,88,88,88,88,88,88,88,88,88,88,88,1,1.12,0.08,0.22,0.05,0.78,0,0.67,0,81.79,"ggc"
"89",89,89,89,89,89,89,89,89,89,89,89,89,89,89,89,89,89,1,1.05,0.57,0.11,0,0.89,0,0.67,0,78.72,"caa"
"90",90,90,90,90,90,90,90,90,90,90,90,90,90,90,90,90,90,1,1.27,0,0.04,0,0.96,0,0.67,0,83.2,"gac"
"91",91,91,91,91,91,91,91,91,91,91,91,91,91,91,91,91,91,1,1.03,0.11,0.26,0,0.74,0,0.67,0,71.64,"tcg"
"92",92,92,92,92,92,92,92,92,92,92,92,92,92,92,92,92,92,1,0.68,0.01,0.08,0.01,0.92,0,0.67,0,45.06,"cca"
"93",93,93,93,93,93,93,93,93,93,93,93,93,93,93,93,93,93,1,0.83,0.5,0.08,0.01,0.92,0,0.67,0,61.11,"gta"
"94",94,94,94,94,94,94,94,94,94,94,94,94,94,94,94,94,94,1,0.87,0.01,0.19,0.01,0.81,0,0.67,0,58.95,"cta"
"95",95,95,95,95,95,95,95,95,95,95,95,95,95,95,95,95,95,1,1.06,1.06,0.01,0,0.99,0,0.67,0,69.82,"acc"
"96",96,96,96,96,96,96,96,96,96,96,96,96,96,96,96,96,96,1,1.08,1.08,0.02,0,0.98,0,0.67,0,73.17,"cac"
"97",97,97,97,97,97,97,97,97,97,97,97,97,97,97,97,97,97,1,1.26,1.26,0.02,0,0.98,0,0.67,0,85.39,"caa"
"98",98,98,98,98,98,98,98,98,98,98,98,98,98,98,98,98,98,1,1.42,0.01,0.37,0.01,0.63,0,0.67,0,94.24,"ata"
"99",99,99,99,99,99,99,99,99,99,99,99,99,99,99,99,99,99,1,0,0,1,0,0,0,1,0,0,"atg"
"100",100,100,100,100,100,100,100,100,100,100,100,100,100,100,100,100,100,1,1.54,0.91,0.01,0,0.99,0,0.67,0,102.41,"tat"
"101",101,101,101,101,101,101,101,101,101,101,101,101,101,101,101,101,101,1,1.33,0.02,0.54,0.02,0.46,0,0.67,0,89.15,"gta"
"102",102,102,102,102,102,102,102,102,102,102,102,102,102,102,102,102,102,1,0.38,0.38,0.01,0,0.99,0,0.67,0,25.53,"cca"
"103",103,103,103,103,103,103,103,103,103,103,103,103,103,103,103,103,103,1,0.64,0.64,0.01,0,0.99,0,0.67,0,42.7,"cca"
"104",104,104,104,104,104,104,104,104,104,104,104,104,104,104,104,104,104,1,0.9,0.9,0.01,0,0.99,0,0.67,0,59.18,"gga"
"105",105,105,105,105,105,105,105,105,105,105,105,105,105,105,105,105,105,1,1.15,0.82,0.01,0,0.99,0,0.67,0,75.36,"ggc"
"106",106,106,106,106,106,106,106,106,106,106,106,106,106,106,106,106,106,1,1.01,0.29,0.06,0,0.94,0,0.67,0,68.25,"cca"
"107",107,107,107,107,107,107,107,107,107,107,107,107,107,107,107,107,107,1,1.06,0.03,0.17,0.03,0.83,0,0.67,0,73.16,"ata"
"108",108,108,108,108,108,108,108,108,108,108,108,108,108,108,108,108,108,1,0.75,0.75,0.01,0,0.99,0,0.67,0,49.66,"cca"
"109",109,109,109,109,109,109,109,109,109,109,109,109,109,109,109,109,109,1,1.12,0.77,0.33,0,0.67,0,0.67,0,111.79,"aaa"
"110",110,110,110,110,110,110,110,110,110,110,110,110,110,110,110,110,110,1,0.82,0.57,0.2,0,0.8,0,0.67,0,70.7,"aat"
"111",111,111,111,111,111,111,111,111,111,111,111,111,111,111,111,111,111,1,0.97,0.64,0.05,0.02,0.95,0,0.67,0,71.87,"gtt"
"112",112,112,112,112,112,112,112,112,112,112,112,112,112,112,112,112,112,1,1.21,0.49,0.15,0.02,0.85,0,0.67,0,92.57,"gac"
"113",113,113,113,113,113,113,113,113,113,113,113,113,113,113,113,113,113,1,1.27,0.27,0.12,0,0.88,0,0.67,0,87.33,"gat"
"114",114,114,114,114,114,114,114,114,114,114,114,114,114,114,114,114,114,1,0.95,0.02,0.18,0.02,0.82,0,0.67,0,64.63,"tac"
"115",115,115,115,115,115,115,115,115,115,115,115,115,115,115,115,115,115,1,1.1,0.39,0.11,0.01,0.89,0,0.67,0,79.79,"gcc"
"116",116,116,116,116,116,116,116,116,116,116,116,116,116,116,116,116,116,1,0.9,0.9,0.02,0,0.98,0,0.67,0,61.09,"tgg"
"117",117,117,117,117,117,117,117,117,117,117,117,117,117,117,117,117,117,1,0.98,0.93,0.03,0,0.97,0,0.67,0,67.83,"cag"
"118",118,118,118,118,118,118,118,118,118,118,118,118,118,118,118,118,118,1,1.03,0.01,0.51,0.01,0.49,0,0.67,0,68.9,"aca"
"119",119,119,119,119,119,119,119,119,119,119,119,119,119,119,119,119,119,1,0.83,0.83,0.02,0,0.98,0,0.67,0,56.8,"tcc"
"120",120,120,120,120,120,120,120,120,120,120,120,120,120,120,120,120,120,1,1.02,1.02,0.01,0,0.99,0,0.67,0,67.05,"acc"
"121",121,121,121,121,121,121,121,121,121,121,121,121,121,121,121,121,121,1,0.88,0.88,0.01,0,0.99,0,0.67,0,58.26,"aac"
"122",122,122,122,122,122,122,122,122,122,122,122,122,122,122,122,122,122,1,0.77,0,0.25,0,0.75,0,0.67,0,50.14,"cca"
"123",123,123,123,123,123,123,123,123,123,123,123,123,123,123,123,123,123,1,1.07,1.07,0.02,0,0.98,0,0.67,0,71.97,"agt"
"124",124,124,124,124,124,124,124,124,124,124,124,124,124,124,124,124,124,1,1.08,0.03,0.38,0.03,0.62,0,0.67,0,74.31,"gtg"
"125",125,125,125,125,125,125,125,125,125,125,125,125,125,125,125,125,125,1,1.27,1.27,0,0,1,0,0.67,0,83.38,"ttc"
"126",126,126,126,126,126,126,126,126,126,126,126,126,126,126,126,126,126,1,13.56,2.7,0,0,1,0,0.67,0,883.79,"tgg"
"127",127,127,127,127,127,127,127,127,127,127,127,127,127,127,127,127,127,1,1.19,0.24,0.01,0,0.99,0,0.67,0,77.93,"aca"
"128",128,128,128,128,128,128,128,128,128,128,128,128,128,128,128,128,128,1,1.44,1.44,0,0,1,0,0.67,0,95.06,"gaa"
"129",129,129,129,129,129,129,129,129,129,129,129,129,129,129,129,129,129,1,1.07,1.07,0.01,0,0.99,0,0.67,0,70.85,"ggg"
"130",130,130,130,130,130,130,130,130,130,130,130,130,130,130,130,130,130,1,1.01,0.07,0.26,0,0.74,0,0.67,0,68.14,"aat"
"131",131,131,131,131,131,131,131,131,131,131,131,131,131,131,131,131,131,1,0.8,0.8,0.01,0,0.99,0,0.67,0,53.85,"gcc"
"132",132,132,132,132,132,132,132,132,132,132,132,132,132,132,132,132,132,1,0.73,0.73,0.01,0,0.99,0,0.67,0,48.02,"cca"
"133",133,133,133,133,133,133,133,133,133,133,133,133,133,133,133,133,133,1,0.87,0.03,0.45,0.03,0.55,0,0.67,0,60.99,"ccc"
"134",134,134,134,134,134,134,134,134,134,134,134,134,134,134,134,134,134,1,0.92,0.92,0.01,0,0.99,0,0.67,0,61.7,"agg"
"135",135,135,135,135,135,135,135,135,135,135,135,135,135,135,135,135,135,1,0.8,0.01,0.6,0.01,0.4,0,0.67,0,53.79,"atg"
"136",136,136,136,136,136,136,136,136,136,136,136,136,136,136,136,136,136,1,1,1,0.01,0,0.99,0,0.67,0,67.06,"tcc"
"137",137,137,137,137,137,137,137,137,137,137,137,137,137,137,137,137,137,1,1.02,1.02,0,0,1,0,0.67,0,67.44,"ata"
"138",138,138,138,138,138,138,138,138,138,138,138,138,138,138,138,138,138,1,0.82,0,0.18,0,0.82,0,0.67,0,53.33,"cca"
"139",139,139,139,139,139,139,139,139,139,139,139,139,139,139,139,139,139,1,1.36,1.36,0,0,1,0,0.67,0,89.53,"ttc"
"140",140,140,140,140,140,140,140,140,140,140,140,140,140,140,140,140,140,1,0.93,0.02,0.3,0.01,0.7,0,0.67,0,62.76,"atg"
"141",141,141,141,141,141,141,141,141,141,141,141,141,141,141,141,141,141,1,1.42,0,0.03,0,0.97,0,0.67,0,92.43,"agt"
"142",142,142,142,142,142,142,142,142,142,142,142,142,142,142,142,142,142,1,0.61,0.02,0.06,0.02,0.94,0,0.67,0,42.85,"att"
"143",143,143,143,143,143,143,143,143,143,143,143,143,143,143,143,143,143,1,1.13,0.78,0.01,0,0.99,0,0.67,0,75.12,"ggt"
"144",144,144,144,144,144,144,144,144,144,144,144,144,144,144,144,144,144,1,1.17,0.25,0.01,0,0.99,0,0.67,0,76.36,"aat"
"145",145,145,145,145,145,145,145,145,145,145,145,145,145,145,145,145,145,1,1.07,1.07,0.02,0,0.98,0,0.67,0,72.55,"gca"
"146",146,146,146,146,146,146,146,146,146,146,146,146,146,146,146,146,146,1,1.61,0,0.02,0,0.98,0,0.67,0,104.66,"tac"
"147",147,147,147,147,147,147,147,147,147,147,147,147,147,147,147,147,147,1,1.47,0.39,0.07,0,0.93,0,0.67,0,99.56,"agc"
"148",148,148,148,148,148,148,148,148,148,148,148,148,148,148,148,148,148,1,1.11,0.17,0.26,0,0.74,0,0.67,0,79.27,"aac"
"149",149,149,149,149,149,149,149,149,149,149,149,149,149,149,149,149,149,1,1.42,1.42,0.01,0,0.99,0,0.67,0,95.4,"ttc"
"150",150,150,150,150,150,150,150,150,150,150,150,150,150,150,150,150,150,1,0.75,0.75,0.01,0,0.99,0,0.67,0,49.97,"tat"
"151",151,151,151,151,151,151,151,151,151,151,151,151,151,151,151,151,151,1,1.17,1.17,0.01,0,0.99,0,0.67,0,77.93,"gat"
"152",152,152,152,152,152,152,152,152,152,152,152,152,152,152,152,152,152,1,0.75,0.6,0.01,0,0.99,0,0.67,0,49.66,"ggg"
"153",153,153,153,153,153,153,153,153,153,153,153,153,153,153,153,153,153,1,0.88,0.88,0.02,0,0.98,0,0.67,0,59.16,"tgg"
"154",154,154,154,154,154,154,154,154,154,154,154,154,154,154,154,154,154,1,0.93,0.01,0.03,0,0.97,0,0.67,0,61,"tct"
"155",155,155,155,155,155,155,155,155,155,155,155,155,155,155,155,155,155,1,1.19,0.15,0.21,0,0.79,0,0.67,0,82.53,"cac"
"156",156,156,156,156,156,156,156,156,156,156,156,156,156,156,156,156,156,1,1.33,0,0.01,0,0.99,0,0.67,0,86.39,"ttc"
"157",157,157,157,157,157,157,157,157,157,157,157,157,157,157,157,157,157,1,0.94,0.56,0.2,0,0.8,0,0.67,0,78.13,"acc"
"158",158,158,158,158,158,158,158,158,158,158,158,158,158,158,158,158,158,1,0.94,0.27,0.03,0.01,0.97,0,0.67,0,63.74,"cag"
"159",159,159,159,159,159,159,159,159,159,159,159,159,159,159,159,159,159,1,1.14,0.12,0.22,0.05,0.78,0,0.67,0,84.37,"aac"
"160",160,160,160,160,160,160,160,160,160,160,160,160,160,160,160,160,160,1,1.06,0,0.07,0,0.93,0,0.67,0,68.74,"ggt"
"161",161,161,161,161,161,161,161,161,161,161,161,161,161,161,161,161,161,1,0.71,0.22,0.22,0,0.78,0,0.67,0,53.42,"gtg"
"162",162,162,162,162,162,162,162,162,162,162,162,162,162,162,162,162,162,1,1.15,1.05,0.01,0,0.99,0,0.67,0,77.14,"tat"
"163",163,163,163,163,163,163,163,163,163,163,163,163,163,163,163,163,163,1,1.21,1.21,0.01,0,0.99,0,0.67,0,79.72,"ggt"
"164",164,164,164,164,164,164,164,164,164,164,164,164,164,164,164,164,164,1,1.37,1.37,0,0.03,1,0,0.67,0,93.85,"ttc"
"165",165,165,165,165,165,165,165,165,165,165,165,165,165,165,165,165,165,1,1.15,0.01,0.15,0.01,0.85,0,0.67,0,76.6,"aac"
"166",166,166,166,166,166,166,166,166,166,166,166,166,166,166,166,166,166,1,0.71,0.01,0.33,0.01,0.67,0,0.67,0,47.89,"acc"
"167",167,167,167,167,167,167,167,167,167,167,167,167,167,167,167,167,167,1,1.08,1.08,0.01,0,0.99,0,0.67,0,72.75,"ctg"
"168",168,168,168,168,168,168,168,168,168,168,168,168,168,168,168,168,168,1,1.97,0,0.01,0,0.99,0,0.67,0,127.96,"aac"
"169",169,169,169,169,169,169,169,169,169,169,169,169,169,169,169,169,169,1,1.32,0.27,0.12,0,0.88,0,0.67,0,90.96,"aac"
"170",170,170,170,170,170,170,170,170,170,170,170,170,170,170,170,170,170,1,2.9,0.03,0.06,0,0.94,0,0.67,0,189.42,"atg"
"171",171,171,171,171,171,171,171,171,171,171,171,171,171,171,171,171,171,1,1.16,0,0.02,0,0.98,0,0.67,0,75.16,"ggc"
"172",172,172,172,172,172,172,172,172,172,172,172,172,172,172,172,172,172,1,1.05,1.05,0.01,0.06,0.99,0,0.67,0,79.69,"aac"
"173",173,173,173,173,173,173,173,173,173,173,173,173,173,173,173,173,173,1,1.09,0.04,0.18,0.03,0.82,0,0.67,0,75.27,"ctg"
"174",174,174,174,174,174,174,174,174,174,174,174,174,174,174,174,174,174,1,1.21,0.03,0.5,0.03,0.5,0,0.67,0,82.27,"tac"
"175",175,175,175,175,175,175,175,175,175,175,175,175,175,175,175,175,175,1,0.75,0.29,0.11,0.01,0.89,0,0.67,0,54.76,"ttt"
"176",176,176,176,176,176,176,176,176,176,176,176,176,176,176,176,176,176,1,0.98,0.98,0.02,0,0.98,0,0.67,0,66.19,"aga"
"177",177,177,177,177,177,177,177,177,177,177,177,177,177,177,177,177,177,1,1.12,0,0.05,0,0.95,0,0.67,0,72.87,"cat"
"178",178,178,178,178,178,178,178,178,178,178,178,178,178,178,178,178,178,1,0.85,0,0.1,0,0.9,0,0.67,0,55.44,"gtg"
"179",179,179,179,179,179,179,179,179,179,179,179,179,179,179,179,179,179,1,0.82,0.01,0.11,0,0.89,0,0.67,0,54.02,"aac"
"180",180,180,180,180,180,180,180,180,180,180,180,180,180,180,180,180,180,1,0.67,0.14,1,0.15,0,0,0.67,0,64.32,"gat"
"181",181,181,181,181,181,181,181,181,181,181,181,181,181,181,181,181,181,1,0.94,0.4,0.56,0,0.44,0,0.67,0,95.31,"cg-"
"182",182,182,182,182,182,182,182,182,182,182,182,182,182,182,182,182,182,1,0.7,0.33,0.03,0.02,0.97,0,0.67,0,50.13,"act"
"183",183,183,183,183,183,183,183,183,183,183,183,183,183,183,183,183,183,1,0.84,0.14,0.2,0,0.8,0,0.67,0,59.1,"cca"
"184",184,184,184,184,184,184,184,184,184,184,184,184,184,184,184,184,184,1,1.28,0.32,0.2,0,0.8,0,0.67,0,92.56,"ggc"
"185",185,185,185,185,185,185,185,185,185,185,185,185,185,185,185,185,185,1,0.89,0.4,0.17,0,0.83,0,0.67,0,68.17,"cca"
"186",186,186,186,186,186,186,186,186,186,186,186,186,186,186,186,186,186,1,0.85,0.21,0.3,0,0.7,0,0.67,0,64.92,"att"
"187",187,187,187,187,187,187,187,187,187,187,187,187,187,187,187,187,187,1,0.75,0.15,0.43,0,0.57,0,0.67,0,58.87,"acc"
"188",188,188,188,188,188,188,188,188,188,188,188,188,188,188,188,188,188,1,1.17,0,0.04,0,0.96,0,0.67,0,76.29,"agc"
"189",189,189,189,189,189,189,189,189,189,189,189,189,189,189,189,189,189,1,0.71,0.29,0.15,0,0.85,0,0.67,0,52.76,"act"
"190",190,190,190,190,190,190,190,190,190,190,190,190,190,190,190,190,190,1,1.06,0.05,0.38,0.05,0.62,0,0.67,0,76.05,"gtc"
"191",191,191,191,191,191,191,191,191,191,191,191,191,191,191,191,191,191,1,0.98,0.98,0.01,0,0.99,0,0.67,0,64.39,"cgc"
"192",192,192,192,192,192,192,192,192,192,192,192,192,192,192,192,192,192,1,1.04,1.04,0.04,0.02,0.96,0,0.67,0,76.58,"att"
"193",193,193,193,193,193,193,193,193,193,193,193,193,193,193,193,193,193,1,1.11,0,0.02,0,0.98,0,0.67,0,72.03,"tac"
"194",194,194,194,194,194,194,194,194,194,194,194,194,194,194,194,194,194,1,2.18,0.47,0.04,0,0.96,0,0.67,0,145.03,"ttc"
"195",195,195,195,195,195,195,195,195,195,195,195,195,195,195,195,195,195,1,0.65,0.65,0.01,0,0.99,0,0.67,0,43.01,"aaa"
"196",196,196,196,196,196,196,196,196,196,196,196,196,196,196,196,196,196,1,0.66,0,0,0,1,0,0.67,0,43.46,"cca"
"197",197,197,197,197,197,197,197,197,197,197,197,197,197,197,197,197,197,1,1.5,0.39,0.01,0,0.99,0,0.67,0,98.1,"aag"
"198",198,198,198,198,198,198,198,198,198,198,198,198,198,198,198,198,198,1,1.8,1.8,0,0,1,0,0.67,0,118.41,"cac"
"199",199,199,199,199,199,199,199,199,199,199,199,199,199,199,199,199,199,1,0.78,0.06,0.48,0,0.52,0,0.67,0,55.16,"gtg"
"200",200,200,200,200,200,200,200,200,200,200,200,200,200,200,200,200,200,1,1.2,1.2,0,0.03,1,0,0.67,0,82.79,"aaa"
"201",201,201,201,201,201,201,201,201,201,201,201,201,201,201,201,201,201,1,0.94,0.01,0.41,0.01,0.59,0,0.67,0,63.44,"gca"
"202",202,202,202,202,202,202,202,202,202,202,202,202,202,202,202,202,202,1,2.19,0.52,0.02,0,0.98,0,0.67,0,144.46,"tgg"
"203",203,203,203,203,203,203,203,203,203,203,203,203,203,203,203,203,203,1,0.8,0.8,0.01,0.01,0.99,0,0.67,0,54.96,"gtg"
"204",204,204,204,204,204,204,204,204,204,204,204,204,204,204,204,204,204,1,0.97,0.97,0.01,0,0.99,0,0.67,0,64.95,"ccc"
"205",205,205,205,205,205,205,205,205,205,205,205,205,205,205,205,205,205,1,1.28,0,0.1,0,0.9,0,0.67,0,83.52,"cga"
"206",206,206,206,206,206,206,206,206,206,206,206,206,206,206,206,206,206,1,0.99,0.28,0.04,0,0.96,0,0.67,0,66.07,"cca"
"207",207,207,207,207,207,207,207,207,207,207,207,207,207,207,207,207,207,1,0.72,0.72,0.01,0,0.99,0,0.67,0,47.78,"cca"
"208",208,208,208,208,208,208,208,208,208,208,208,208,208,208,208,208,208,1,1.03,0,0.18,0,0.82,0,0.67,0,66.87,"agg"
"209",209,209,209,209,209,209,209,209,209,209,209,209,209,209,209,209,209,1,1.08,0.58,0.02,0,0.98,0,0.67,0,71.8,"ttg"
"210",210,210,210,210,210,210,210,210,210,210,210,210,210,210,210,210,210,1,0.86,0.63,0.02,0,0.98,0,0.67,0,57.17,"tgc"
"211",211,211,211,211,211,211,211,211,211,211,211,211,211,211,211,211,211,1,1.34,1.34,0.12,0.02,0.88,0,0.67,0,114.36,"cag"
"212",212,212,212,212,212,212,212,212,212,212,212,212,212,212,212,212,212,1,0.88,0,0.1,0,0.9,0,0.67,0,57.07,"tac"
"213",213,213,213,213,213,213,213,213,213,213,213,213,213,213,213,213,213,1,0.88,0.2,0.47,0,0.53,0,0.67,0,71.95,"aag"
"214",214,214,214,214,214,214,214,214,214,214,214,214,214,214,214,214,214,1,1.08,0.15,0.08,0.03,0.92,0,0.67,0,76.06,"aat"
"215",215,215,215,215,215,215,215,215,215,215,215,215,215,215,215,215,215,1,0.9,0.8,0.1,0,0.9,0,0.67,0,70.66,"gca"
"216",216,216,216,216,216,216,216,216,216,216,216,216,216,216,216,216,216,1,1.3,0.36,0.38,0,0.62,0,0.67,0,105.19,"agc"
"217",217,217,217,217,217,217,217,217,217,217,217,217,217,217,217,217,217,1,1.1,0.02,0.22,0.02,0.78,0,0.67,0,74.46,"aat"
"218",218,218,218,218,218,218,218,218,218,218,218,218,218,218,218,218,218,1,0.84,0.84,0.03,0,0.97,0,0.67,0,58.94,"gtc"
"219",219,219,219,219,219,219,219,219,219,219,219,219,219,219,219,219,219,1,1.54,0.02,0.08,0.02,0.92,0,0.67,0,102.74,"aac"
"220",220,220,220,220,220,220,220,220,220,220,220,220,220,220,220,220,220,1,0.83,0.83,0.01,0,0.99,0,0.67,0,54.65,"ttt"
"221",221,221,221,221,221,221,221,221,221,221,221,221,221,221,221,221,221,1,1.08,1.08,0.21,0.05,0.79,0,0.67,0,110.65,"gaa"
"222",222,222,222,222,222,222,222,222,222,222,222,222,222,222,222,222,222,1,0.85,0.31,0.13,0,0.87,0,0.67,0,61.76,"ccc"
"223",223,223,223,223,223,223,223,223,223,223,223,223,223,223,223,223,223,1,0.9,0.05,0.1,0.05,0.9,0,0.67,0,65.63,"aaa"
"224",224,224,224,224,224,224,224,224,224,224,224,224,224,224,224,224,224,1,1.21,0.58,0.12,0,0.88,0,0.67,0,89.03,"gga"
"225",225,225,225,225,225,225,225,225,225,225,225,225,225,225,225,225,225,1,1.2,0.7,0.01,0.01,0.99,0,0.67,0,80.81,"gtg"
"226",226,226,226,226,226,226,226,226,226,226,226,226,226,226,226,226,226,1,0.75,0.45,0.01,0,0.99,0,0.67,0,49.82,"acc"
"227",227,227,227,227,227,227,227,227,227,227,227,227,227,227,227,227,227,1,1.12,0.63,0.19,0.02,0.81,0,0.67,0,93.3,"gaa"
"228",228,228,228,228,228,228,228,228,228,228,228,228,228,228,228,228,228,1,1.02,1.02,0.11,0.06,0.89,0,0.67,0,92.82,"tct"
"229",229,229,229,229,229,229,229,229,229,229,229,229,229,229,229,229,229,1,1.08,1.08,0.02,0,0.98,0,0.67,0,73.85,"cgg"
"230",230,230,230,230,230,230,230,230,230,230,230,230,230,230,230,230,230,1,0.89,0.89,0.39,0.04,0.61,0,0.67,0,115.05,"acc"
"231",231,231,231,231,231,231,231,231,231,231,231,231,231,231,231,231,231,1,0.89,0.31,0.4,0,0.6,0,0.67,0,76.27,"aaa"
"232",232,232,232,232,232,232,232,232,232,232,232,232,232,232,232,232,232,1,1.38,0.03,0.36,0.03,0.64,0,0.67,0,93.69,"atc"
"233",233,233,233,233,233,233,233,233,233,233,233,233,233,233,233,233,233,1,0.43,0.32,0.17,0,0.83,0,0.67,0,36.51,"ac-"
"234",234,234,234,234,234,234,234,234,234,234,234,234,234,234,234,234,234,1,0.54,0.14,0.68,0.14,0.32,0,0.67,0,56.32,"-tc"
"235",235,235,235,235,235,235,235,235,235,235,235,235,235,235,235,235,235,1,0.58,0.58,0.29,0.08,0.71,0,0.67,0,72.67,"gac"
"236",236,236,236,236,236,236,236,236,236,236,236,236,236,236,236,236,236,1,0.5,0.46,0.31,0.13,0.69,0,0.67,0,67.86,"aat"
"237",237,237,237,237,237,237,237,237,237,237,237,237,237,237,237,237,237,1,0.56,0.56,0.51,0,0.49,0,0.67,0,80.86,"gcc"
"238",238,238,238,238,238,238,238,238,238,238,238,238,238,238,238,238,238,1,0.97,0.7,0.22,0.05,0.78,0,0.67,0,92.51,"aac"
"239",239,239,239,239,239,239,239,239,239,239,239,239,239,239,239,239,239,1,0.63,0.63,0.24,0,0.76,0,0.67,0,63.33,"cac"
