"","X.6","X.5","X.4","X.3","X.2","X.1","X","Site","Partition","X.alpha.","X.beta..sup....sup.","p.sup....sup.","X.beta..sup....sup..1","p.sup....sup..1","LRT","p.value","X..branches.under.selection","Total.branch.length","wtnt_codon","consensus_codon","consensus_AA","potential_CpG","makesCpG"
"1",1,1,1,1,1,1,1,1,1,0,0,1,0,0,0,1,0,0,"atg","atg","M","no",1
"2",2,2,2,2,2,2,2,2,1,0,0,0.05,6.03,0.95,1.12,0.3,0,0.92,"cag","cag","Q","yes",1
"3",3,3,3,3,3,3,3,3,1,0,0,1,0,0,0,1,0,0,"gtg","gtg","V","no",1
"4",4,4,4,4,4,4,4,4,1,0,0,1,0,0,0,1,0,0,"act","act","T","no",0
"5",5,5,5,5,5,5,5,5,1,0,0,1,0,0,0,1,0,0,"ttt","ttt","F","yes",0
"6",6,6,6,6,6,6,6,6,1,0,0,1,0,0,0,1,0,0,"att","att","I","no",0
"7",7,7,7,7,7,7,7,7,1,0,0,1,0,0,0,1,0,0,"tac","tac","Y","yes",0
"8",8,8,8,8,8,8,8,8,1,0,0,1,0,0,0,1,0,0,"atc","atc","I","no",1
"9",9,9,9,9,9,9,9,9,1,0,0,1,0,0,0,1,0,0,"cta","cta","L","no",0
"10",10,10,10,10,10,10,10,10,1,0,0,1,0,0,0,1,0,0,"gtt","gtt","V","no",0
"11",11,11,11,11,11,11,11,11,1,0,0,1,0,0,0,1,0,0,"att","att","I","no",0
"12",12,12,12,12,12,12,12,12,1,0,0,1,0,0,0,1,0,0,"aca","aca","T","no",1
"13",13,13,13,13,13,13,13,13,1,0,0,1,0,0,0,1,0,0,"tgt","tgt","C","yes",1
"14",14,14,14,14,14,14,14,14,1,0,0,1,0,0,0,1,0,0,"tac","tac","Y","yes",0
"15",15,15,15,15,15,15,15,15,1,0,0,1,0,0,0,1,0,0,"gaa","gaa","E","yes",0
"16",16,16,16,16,16,16,16,16,1,0,0,1,0,0,0,1,0,0,"aac","aac","N","yes",0
"17",17,17,17,17,17,17,17,17,1,0,0,1,0,0,0,1,0,0,"gac","gac","D","yes",0
"18",18,18,18,18,18,18,18,18,1,0,0,0,3.48,1,0.62,0.4,1,0.56,"gta","gta","V","no",0
"19",19,19,19,19,19,19,19,19,1,0,0,1,0,0,0,1,0,0,"aac","aac","N","yes",0
"20",20,20,20,20,20,20,20,20,1,0,0,1,0,0,0,1,0,0,"gtt","gtt","V","no",0
"21",21,21,21,21,21,21,21,21,1,0,0,1,0,0,0,1,0,0,"tac","tac","Y","yes",0
"22",22,22,22,22,22,22,22,22,1,0,0,1,0,0,0,1,0,0,"cat","cat","H","yes",1
"23",23,23,23,23,23,23,23,23,1,0,0,1,0,0,0,1,0,0,"att","att","I","no",0
"24",24,24,24,24,24,24,24,24,1,0,0,1,0,0,0,1,0,0,"ttt","ttt","F","yes",0
"25",25,25,25,25,25,25,25,25,1,0,0,1,0,0,0,1,0,0,"ttt","ttt","F","yes",0
"26",26,26,26,26,26,26,26,26,1,0,0,1,0,0,0,1,0,0,"cag","cag","Q","yes",1
"27",27,27,27,27,27,27,27,27,1,0,0,1,0,0,0,1,0,0,"atg","atg","M","no",1
"28",28,28,28,28,28,28,28,28,1,0,0,1,0,0,0,1,0,0,"tct","tct","S","no",0
"29",29,29,29,29,29,29,29,29,1,0,0,1,0,0,0,1,0,0,"ctt","ctt","L","no",0
"30",30,30,30,30,30,30,30,30,1,0,0,1,0,0,0,1,0,0,"tgg","tgg","W","no",1
"31",31,31,31,31,31,31,31,31,1,0,0,1,0,0,0,1,0,0,"ctg","ctg","L","no",1
"32",32,32,32,32,32,32,32,32,1,0,0,1,0,0,0,1,0,0,"cct","cct","P","no",0
"33",33,33,33,33,33,33,33,33,1,20.14,0,0.02,0,0.98,0,0.67,0,0.92,"agt","agt","S","no",1
"34",34,34,34,34,34,34,34,34,1,0,0,0.1,2.16,0.9,0.53,0.42,1,0.31,"gag","gag","E","yes",0
"35",35,35,35,35,35,35,35,35,1,0,0,0.94,153.73,0.06,13.12,0,2,1.37,"gcc","gcc","A","no",0
"36",36,36,36,36,36,36,36,36,1,0,0,0.45,3.58,0.55,0.4,0.46,1,0.31,"act","act","T","no",1
"37",37,37,37,37,37,37,37,37,1,0,0,1,0,0,0,1,0,0,"gtc","gtc","V","no",0
"38",38,38,38,38,38,38,38,38,1,0,0,1,0,0,0,1,0,0,"tac","tac","Y","yes",0
"39",39,39,39,39,39,39,39,39,1,0,0,1,0,0,0,1,0,0,"ttg","ttg","L","no",1
"40",40,40,40,40,40,40,40,40,1,0,0,1,0,0,0,1,0,0,"cct","cct","P","no",0
"41",41,41,41,41,41,41,41,41,1,0,0,1,0,0,0,1,0,0,"cct","cct","P","no",1
"42",42,42,42,42,42,42,42,42,1,0,0,1,0,0,0,1,0,0,"gtc","gtc","V","no",0
"43",43,43,43,43,43,43,43,43,1,0,0,1,0,0,0,1,0,0,"cca","cca","P","no",1
"44",44,44,44,44,44,44,44,44,1,0,0,1,0,0,0,1,0,0,"gta","gta","V","no",0
"45",45,45,45,45,45,45,45,45,1,0,0,0,2.21,1,0.46,0.44,1,0.35,"tct","tct","S","no",0
"46",46,46,46,46,46,46,46,46,1,20.67,20.67,0.11,0,0.89,0,0.67,0,1.31,"aag","aag","K","yes",0
"47",47,47,47,47,47,47,47,47,1,0,0,1,0,0,0,1,0,0,"gtt","gtt","V","no",1
"48",48,48,48,48,48,48,48,48,1,0,0,1,0,0,0,1,0,0,"gta","gta","V","no",0
"49",49,49,49,49,49,49,49,49,1,0,0,1,0,0,0,1,0,0,"agc","agc","S","no",0
"50",50,50,50,50,50,50,50,50,1,0,0,1,0,0,0,1,0,0,"acg","acg","T","no",1
"51",51,51,51,51,51,51,51,51,1,0,0,1,0,0,0,1,0,0,"gat","gat","D","yes",1
"52",52,52,52,52,52,52,52,52,1,0,0,0.92,99.1,0.08,1,0.32,2,1.2,"gaa","gaa","E","yes",0
"53",53,53,53,53,53,53,53,53,1,0,0,1,0,0,0,1,0,0,"tat","tat","Y","yes",1
"54",54,54,54,54,54,54,54,54,1,0,0,1,0,0,0,1,0,0,"gtt","gtt","V","no",1
"55",55,55,55,55,55,55,55,55,1,6.69,0,0.02,0,0.98,0,0.67,0,0.3,"gca","gca","A","no",1
"56",56,56,56,56,56,56,56,56,1,2.94,0,0.05,0,0.95,0,0.67,0,0.13,"cgc","cgc","R","no",0
"57",57,57,57,57,57,57,57,57,1,0,0,1,0,0,0,1,0,0,"aca","aca","T","no",1
"58",58,58,58,58,58,58,58,58,1,0,0,1,0,0,0,1,0,0,"aac","aac","N","yes",0
"59",59,59,59,59,59,59,59,59,1,0,0,1,0,0,0,1,0,0,"ata","ata","I","no",1
"60",60,60,60,60,60,60,60,60,1,0,0,1,0,0,0,1,0,0,"tat","tat","Y","yes",0
"61",61,61,61,61,61,61,61,61,1,0,0,1,0,0,0,1,0,0,"tat","tat","Y","yes",0
"62",62,62,62,62,62,62,62,62,1,0,0,1,0,0,0,1,0,0,"cat","cat","H","yes",1
"63",63,63,63,63,63,63,63,63,1,0,0,1,0,0,0,1,0,0,"gca","gca","A","no",1
"64",64,64,64,64,64,64,64,64,1,0,0,1,0,0,0,1,0,0,"gga","gga","G","no",0
"65",65,65,65,65,65,65,65,65,1,0,0,1,0,0,0,1,0,0,"aca","aca","T","no",1
"66",66,66,66,66,66,66,66,66,1,0,0,1,0,0,0,1,0,0,"tcc","tcc","S","no",0
"67",67,67,67,67,67,67,67,67,1,0,0,0.25,2.7,0.75,0.47,0.44,1,0.33,"aga","aga","R","no",1
"68",68,68,68,68,68,68,68,68,1,0,0,1,0,0,0,1,0,0,"cta","cta","L","no",0
"69",69,69,69,69,69,69,69,69,1,0,0,1,0,0,0,1,0,0,"ctt","ctt","L","no",1
"70",70,70,70,70,70,70,70,70,1,0,0,1,0,0,0,1,0,0,"gca","gca","A","no",1
"71",71,71,71,71,71,71,71,71,1,0,0,1,0,0,0,1,0,0,"gtt","gtt","V","no",1
"72",72,72,72,72,72,72,72,72,1,0,0,1,0,0,0,1,0,0,"gga","gga","G","no",0
"73",73,73,73,73,73,73,73,73,1,0,0,1,0,0,0,1,0,0,"cat","cat","H","yes",1
"74",74,74,74,74,74,74,74,74,1,0,0,1,0,0,0,1,0,0,"ccc","ccc","P","no",0
"75",75,75,75,75,75,75,75,75,1,0,0,1,0,0,0,1,0,0,"tat","tat","Y","yes",0
"76",76,76,76,76,76,76,76,76,1,0,0,1,0,0,0,1,0,0,"ttt","ttt","F","yes",0
"77",77,77,77,77,77,77,77,77,1,0,0,1,0,0,0,1,0,0,"cct","cct","P","no",0
"78",78,78,78,78,78,78,78,78,1,0,0,1,0,0,0,1,0,0,"att","att","I","no",0
"79",79,79,79,79,79,79,79,79,1,0,0,1,0,0,0,1,0,0,"aaa","aaa","K","yes",0
"80",80,80,80,80,80,80,80,80,1,0,0,1,0,0,0,1,0,0,"aaa","aaa","K","yes",0
"81",81,81,81,81,81,81,81,81,1,0,0,1,0,0,0,1,0,0,"cct","cct","P","no",0
"82",82,82,82,82,82,82,82,82,1,0,0,1,0,0,0,1,0,0,"aac","aac","N","yes",0
"83",83,83,83,83,83,83,83,83,1,0,0,1,0,0,0,1,0,0,"aat","aat","N","yes",1
"84",84,84,84,84,84,84,84,84,1,0,0,1,0,0,0,1,0,0,"aac","aac","N","yes",0
"85",85,85,85,85,85,85,85,85,1,0,0,1,0,0,0,1,0,0,"aaa","aaa","K","yes",1
"86",86,86,86,86,86,86,86,86,1,0,0,1,0,0,0,1,0,0,"ata","ata","I","no",0
"87",87,87,87,87,87,87,87,87,1,0,0,1,0,0,0,1,0,0,"tta","tta","L","no",0
"88",88,88,88,88,88,88,88,88,1,0,0,1,0,0,0,1,0,0,"gtt","gtt","V","no",0
"89",89,89,89,89,89,89,89,89,1,0,0,1,0,0,0,1,0,0,"cct","cct","P","no",0
"90",90,90,90,90,90,90,90,90,1,0,0,1,0,0,0,1,0,0,"aaa","aaa","K","yes",0
"91",91,91,91,91,91,91,91,91,1,0,0,1,0,0,0,1,0,0,"gta","gta","V","no",0
"92",92,92,92,92,92,92,92,92,1,6.7,0,0.01,0,0.99,0,0.67,0,0.31,"tca","tca","S","no",1
"93",93,93,93,93,93,93,93,93,1,0,0,1,0,0,0,1,0,0,"gga","gga","G","no",0
"94",94,94,94,94,94,94,94,94,1,0,0,1,0,0,0,1,0,0,"tta","tta","L","no",0
"95",95,95,95,95,95,95,95,95,1,0,0,1,0,0,0,1,0,0,"caa","caa","Q","yes",1
"96",96,96,96,96,96,96,96,96,1,0,0,1,0,0,0,1,0,0,"tac","tac","Y","yes",0
"97",97,97,97,97,97,97,97,97,1,0,0,1,0,0,0,1,0,0,"agg","agg","R","no",1
"98",98,98,98,98,98,98,98,98,1,0,0,1,0,0,0,1,0,0,"gta","gta","V","no",0
"99",99,99,99,99,99,99,99,99,1,0,0,1,0,0,0,1,0,0,"ttt","ttt","F","yes",0
"100",100,100,100,100,100,100,100,100,1,0,0,0,2.04,1,0.47,0.44,1,0.33,"aga","aga","R","no",0
"101",101,101,101,101,101,101,101,101,1,0,0,1,0,0,0,1,0,0,"ata","ata","I","no",0
"102",102,102,102,102,102,102,102,102,1,0,0,0.53,4.44,0.47,0.19,0.53,1,0.34,"cat","cat","H","yes",1
"103",103,103,103,103,103,103,103,103,1,0,0,1,0,0,0,1,0,0,"tta","tta","L","no",0
"104",104,104,104,104,104,104,104,104,1,0,0,1,0,0,0,1,0,0,"cct","cct","P","no",1
"105",105,105,105,105,105,105,105,105,1,0,0,1,0,0,0,1,0,0,"gac","gac","D","yes",0
"106",106,106,106,106,106,106,106,106,1,0,0,1,0,0,0,1,0,0,"ccc","ccc","P","no",0
"107",107,107,107,107,107,107,107,107,1,0,0,1,0,0,0,1,0,0,"aat","aat","N","yes",1
"108",108,108,108,108,108,108,108,108,1,0,0,1,0,0,0,1,0,0,"aag","aag","K","yes",0
"109",109,109,109,109,109,109,109,109,1,0,0,1,0,0,0,1,0,0,"ttt","ttt","F","yes",1
"110",110,110,110,110,110,110,110,110,1,0,0,1,0,0,0,1,0,0,"ggt","ggt","G","no",0
"111",111,111,111,111,111,111,111,111,1,0,0,1,0,0,0,1,0,0,"ttt","ttt","F","yes",0
"112",112,112,112,112,112,112,112,112,1,0,0,1,0,0,0,1,0,0,"cct","cct","P","no",1
"113",113,113,113,113,113,113,113,113,1,0,0,1,0,0,0,1,0,0,"gac","gac","D","yes",0
"114",114,114,114,114,114,114,114,114,1,0,0,1,0,0,0,1,0,0,"acc","acc","T","no",1
"115",115,115,115,115,115,115,115,115,1,0,0,1,0,0,0,1,0,0,"tca","tca","S","no",1
"116",116,116,116,116,116,116,116,116,1,0,0,1,0,0,0,1,0,0,"ttt","ttt","F","yes",0
"117",117,117,117,117,117,117,117,117,1,12.96,0,0.02,0,0.98,0,0.67,0,0.59,"tat","tat","Y","yes",0
"118",118,118,118,118,118,118,118,118,1,0,0,1,0,0,0,1,0,0,"aat","aat","N","yes",0
"119",119,119,119,119,119,119,119,119,1,0,0,1,0,0,0,1,0,0,"cca","cca","P","no",1
"120",120,120,120,120,120,120,120,120,1,0,0,1,0,0,0,1,0,0,"gat","gat","D","yes",0
"121",121,121,121,121,121,121,121,121,1,0,0,1,0,0,0,1,0,0,"aca","aca","T","no",1
"122",122,122,122,122,122,122,122,122,1,6.21,0,0.11,0,0.89,0,0.67,0,0.28,"cag","cag","Q","yes",1
"123",123,123,123,123,123,123,123,123,1,0,0,1,0,0,0,1,0,0,"cgg","cgg","R","no",0
"124",124,124,124,124,124,124,124,124,1,0,0,1,0,0,0,1,0,0,"ctg","ctg","L","no",1
"125",125,125,125,125,125,125,125,125,1,0,0,1,0,0,0,1,0,0,"gtt","gtt","V","no",0
"126",126,126,126,126,126,126,126,126,1,0,0,1,0,0,0,1,0,0,"tgg","tgg","W","no",1
"127",127,127,127,127,127,127,127,127,1,0,0,1,0,0,0,1,0,0,"gcc","gcc","A","no",0
"128",128,128,128,128,128,128,128,128,1,0,0,1,0,0,0,1,0,0,"tgt","tgt","C","yes",1
"129",129,129,129,129,129,129,129,129,1,0,0,1,0,0,0,1,0,0,"gta","gta","V","no",0
"130",130,130,130,130,130,130,130,130,1,0,0,1,0,0,0,1,0,0,"ggt","ggt","G","no",1
"131",131,131,131,131,131,131,131,131,1,0,0,1,0,0,0,1,0,0,"gtt","gtt","V","no",1
"132",132,132,132,132,132,132,132,132,1,0,0,1,0,0,0,1,0,0,"gag","gag","E","yes",0
"133",133,133,133,133,133,133,133,133,1,13.62,0,0.02,0,0.98,0,0.67,0,0.62,"gta","gta","V","no",0
"134",134,134,134,134,134,134,134,134,1,8.41,0,0.05,0,0.95,0,0.67,0,0.38,"ggt","ggt","G","no",0
"135",135,135,135,135,135,135,135,135,1,0,0,1,0,0,0,1,0,0,"cgt","cgt","R","no",1
"136",136,136,136,136,136,136,136,136,1,0,0,1,0,0,0,1,0,0,"ggt","ggt","G","no",0
"137",137,137,137,137,137,137,137,137,1,0,0,1,0,0,0,1,0,0,"cag","cag","Q","yes",1
"138",138,138,138,138,138,138,138,138,1,0,0,1,0,0,0,1,0,0,"cca","cca","P","no",1
"139",139,139,139,139,139,139,139,139,1,0,0,0.97,287.94,0.03,7.93,0.01,1,1.32,"tta","tta","L","no",0
"140",140,140,140,140,140,140,140,140,1,0,0,1,0,0,0,1,0,0,"ggt","ggt","G","no",1
"141",141,141,141,141,141,141,141,141,1,6.86,0,0.04,0,0.96,0,0.67,0,0.31,"gtg","gtg","V","no",1
"142",142,142,142,142,142,142,142,142,1,0,0,1,0,0,0,1,0,0,"ggc","ggc","G","no",0
"143",143,143,143,143,143,143,143,143,1,0,0,0.64,7,0.36,0.4,0.46,1,0.41,"att","att","I","no",1
"144",144,144,144,144,144,144,144,144,1,0,0,1,0,0,0,1,0,0,"agt","agt","S","no",1
"145",145,145,145,145,145,145,145,145,1,0,0,1,0,0,0,1,0,0,"ggc","ggc","G","no",0
"146",146,146,146,146,146,146,146,146,1,0,0,1,0,0,0,1,0,0,"cat","cat","H","yes",1
"147",147,147,147,147,147,147,147,147,1,0,0,1,0,0,0,1,0,0,"cct","cct","P","no",0
"148",148,148,148,148,148,148,148,148,1,0,0,1,0,0,0,1,0,0,"tta","tta","L","no",0
"149",149,149,149,149,149,149,149,149,1,0,0,1,0,0,0,1,0,0,"tta","tta","L","no",0
"150",150,150,150,150,150,150,150,150,1,0,0,1,0,0,0,1,0,0,"aat","aat","N","yes",0
"151",151,151,151,151,151,151,151,151,1,0,0,1,0,0,0,1,0,0,"aaa","aaa","K","yes",0
"152",152,152,152,152,152,152,152,152,1,0,0,1,0,0,0,1,0,0,"ttg","ttg","L","no",1
"153",153,153,153,153,153,153,153,153,1,0,0,1,0,0,0,1,0,0,"gat","gat","D","yes",1
"154",154,154,154,154,154,154,154,154,1,0,0,1,0,0,0,1,0,0,"gac","gac","D","yes",0
"155",155,155,155,155,155,155,155,155,1,22.21,2.15,0.67,1.56,0.33,0,0.67,0,1.33,"aca","aca","T","no",1
"156",156,156,156,156,156,156,156,156,1,0,0,1,0,0,0,1,0,0,"gaa","gaa","E","yes",0
"157",157,157,157,157,157,157,157,157,1,0,0,1,0,0,0,1,0,0,"aat","aat","N","yes",1
"158",158,158,158,158,158,158,158,158,1,8.36,0,0.01,0,0.99,0,0.67,0,0.38,"gct","gct","A","no",0
"159",159,159,159,159,159,159,159,159,1,0,0,1,0,0,0,1,0,0,"agt","agt","S","no",1
"160",160,160,160,160,160,160,160,160,1,0,0,1,0,0,0,1,0,0,"gct","gct","A","no",0
"161",161,161,161,161,161,161,161,161,1,0,0,1,0,0,0,1,0,0,"tat","tat","Y","yes",1
"162",162,162,162,162,162,162,162,162,1,7.39,0,0.11,0,0.89,0,0.67,0,0.34,"gca","gca","A","no",1
"163",163,163,163,163,163,163,163,163,1,0,0,0,1.91,1,0.51,0.43,1,0.31,"gca","gca","A","no",1
"164",164,164,164,164,164,164,164,164,1,0,0,0,2.01,1,0.19,0.53,1,0.32,"aat","aat","N","yes",1
"165",165,165,165,165,165,165,165,165,1,0,0,1,0,0,0,1,0,0,"gca","gca","A","no",1
"166",166,166,166,166,166,166,166,166,1,0,0,0.5,3.88,0.5,0.41,0.45,1,0.31,"ggt","ggt","G","no",1
"167",167,167,167,167,167,167,167,167,1,0,0,1,0,0,0,1,0,0,"gtg","gtg","V","no",1
"168",168,168,168,168,168,168,168,168,1,0,0,1,0,0,0,1,0,0,"gat","gat","D","yes",0
"169",169,169,169,169,169,169,169,169,1,0,0,0.6,5.28,0.4,0.2,0.53,1,0.33,"aat","aat","N","yes",0
"170",170,170,170,170,170,170,170,170,1,0,0,1,0,0,0,1,0,0,"aga","aga","R","no",0
"171",171,171,171,171,171,171,171,171,1,0,0,1,0,0,0,1,0,0,"gaa","gaa","E","yes",0
"172",172,172,172,172,172,172,172,172,1,0,0,0,2.09,1,0.21,0.53,1,0.34,"tgt","tgt","C","yes",1
"173",173,173,173,173,173,173,173,173,1,0,0,1,0,0,0,1,0,0,"ata","ata","I","no",0
"174",174,174,174,174,174,174,174,174,1,0,0,1,0,0,0,1,0,0,"tct","tct","S","no",0
"175",175,175,175,175,175,175,175,175,1,0,0,1,0,0,0,1,0,0,"atg","atg","M","no",1
"176",176,176,176,176,176,176,176,176,1,0,0,1,0,0,0,1,0,0,"gat","gat","D","yes",0
"177",177,177,177,177,177,177,177,177,1,0,0,1,0,0,0,1,0,0,"tac","tac","Y","yes",0
"178",178,178,178,178,178,178,178,178,1,0,0,1,0,0,0,1,0,0,"aaa","aaa","K","yes",1
"179",179,179,179,179,179,179,179,179,1,0,0,1,0,0,0,1,0,0,"caa","caa","Q","yes",1
"180",180,180,180,180,180,180,180,180,1,0,0,1,0,0,0,1,0,0,"aca","aca","T","no",1
"181",181,181,181,181,181,181,181,181,1,0,0,1,0,0,0,1,0,0,"caa","caa","Q","yes",1
"182",182,182,182,182,182,182,182,182,1,0,0,1,0,0,0,1,0,0,"ttg","ttg","L","no",1
"183",183,183,183,183,183,183,183,183,1,0,0,1,0,0,0,1,0,0,"tgt","tgt","C","yes",1
"184",184,184,184,184,184,184,184,184,1,0,0,1,0,0,0,1,0,0,"tta","tta","L","no",0
"185",185,185,185,185,185,185,185,185,1,0,0,1,0,0,0,1,0,0,"att","att","I","no",1
"186",186,186,186,186,186,186,186,186,1,0,0,1,0,0,0,1,0,0,"ggt","ggt","G","no",0
"187",187,187,187,187,187,187,187,187,1,0,0,1,0,0,0,1,0,0,"tgc","tgc","C","yes",1
"188",188,188,188,188,188,188,188,188,1,0,0,1,0,0,0,1,0,0,"aaa","aaa","K","yes",1
"189",189,189,189,189,189,189,189,189,1,0,0,1,0,0,0,1,0,0,"cca","cca","P","no",1
"190",190,190,190,190,190,190,190,190,1,0,0,1,0,0,0,1,0,0,"cct","cct","P","no",0
"191",191,191,191,191,191,191,191,191,1,0,0,1,0,0,0,1,0,0,"ata","ata","I","no",0
"192",192,192,192,192,192,192,192,192,1,0,0,1,0,0,0,1,0,0,"ggg","ggg","G","no",0
"193",193,193,193,193,193,193,193,193,1,0,0,1,0,0,0,1,0,0,"gaa","gaa","E","yes",0
"194",194,194,194,194,194,194,194,194,1,0,0,1,0,0,0,1,0,0,"cac","cac","H","yes",1
"195",195,195,195,195,195,195,195,195,1,0,0,1,0,0,0,1,0,0,"tgg","tgg","W","no",1
"196",196,196,196,196,196,196,196,196,1,0,0,1,0,0,0,1,0,0,"ggc","ggc","G","no",0
"197",197,197,197,197,197,197,197,197,1,0,0,1,0,0,0,1,0,0,"aaa","aaa","K","yes",1
"198",198,198,198,198,198,198,198,198,1,0,0,1,0,0,0,1,0,0,"gga","gga","G","no",0
"199",199,199,199,199,199,199,199,199,1,0,0,1,0,0,0,1,0,0,"tcc","tcc","S","no",0
"200",200,200,200,200,200,200,200,200,1,6.64,0,0.02,0,0.98,0,0.67,0,0.3,"cca","cca","P","no",1
"201",201,201,201,201,201,201,201,201,1,0,0,0.67,14.3,0.33,0.44,0.45,2,0.75,"tgt","tgt","C","yes",1
"202",202,202,202,202,202,202,202,202,1,0,0,0,5.61,1,2.45,0.14,0,0.9,"acc","acc","T","no",0
"203",203,203,203,203,203,203,203,203,1,0,0,1,0,0,0,1,0,0,"aat","aat","N","yes",1
"204",204,204,204,204,204,204,204,204,1,0,0,1,0,0,0,1,0,0,"gtt","gtt","V","no",1
"205",205,205,205,205,205,205,205,205,1,0,0,1,0,0,0,1,0,0,"gca","gca","A","no",1
"206",206,206,206,206,206,206,206,206,1,0,0,1,0,0,0,1,0,0,"gta","gta","V","no",0
"207",207,207,207,207,207,207,207,207,1,0,0,0.26,21.68,0.74,1.75,0.21,5,2.57,"aat","aat","N","yes",0
"208",208,208,208,208,208,208,208,208,1,0,0,1,0,0,0,1,0,0,"cca","cca","P","no",1
"209",209,209,209,209,209,209,209,209,1,28.19,0,0.04,0,0.96,0,0.67,0,1.28,"ggt","ggt","G","no",1
"210",210,210,210,210,210,210,210,210,1,0,0,1,0,0,0,1,0,0,"gat","gat","D","yes",0
"211",211,211,211,211,211,211,211,211,1,0,0,1,0,0,0,1,0,0,"tgt","tgt","C","yes",1
"212",212,212,212,212,212,212,212,212,1,0,0,1,0,0,0,1,0,0,"cca","cca","P","no",1
"213",213,213,213,213,213,213,213,213,1,0,0,1,0,0,0,1,0,0,"cca","cca","P","no",1
"214",214,214,214,214,214,214,214,214,1,0,0,1,0,0,0,1,0,0,"tta","tta","L","no",0
"215",215,215,215,215,215,215,215,215,1,0,0,1,0,0,0,1,0,0,"gag","gag","E","yes",0
"216",216,216,216,216,216,216,216,216,1,0,0,1,0,0,0,1,0,0,"tta","tta","L","no",0
"217",217,217,217,217,217,217,217,217,1,0,0,1,0,0,0,1,0,0,"ata","ata","I","no",0
"218",218,218,218,218,218,218,218,218,1,0,0,1,0,0,0,1,0,0,"aac","aac","N","yes",0
"219",219,219,219,219,219,219,219,219,1,0,0,1,0,0,0,1,0,0,"aca","aca","T","no",1
"220",220,220,220,220,220,220,220,220,1,0,0,1,0,0,0,1,0,0,"gtt","gtt","V","no",0
"221",221,221,221,221,221,221,221,221,1,0,0,1,0,0,0,1,0,0,"att","att","I","no",0
"222",222,222,222,222,222,222,222,222,1,0,0,1,0,0,0,1,0,0,"cag","cag","Q","yes",1
"223",223,223,223,223,223,223,223,223,1,0,0,1,0,0,0,1,0,0,"gat","gat","D","yes",1
"224",224,224,224,224,224,224,224,224,1,0,0,1,0,0,0,1,0,0,"ggt","ggt","G","no",1
"225",225,225,225,225,225,225,225,225,1,0,0,1,0,0,0,1,0,0,"gat","gat","D","yes",0
"226",226,226,226,226,226,226,226,226,1,0,0,1,0,0,0,1,0,0,"atg","atg","M","no",1
"227",227,227,227,227,227,227,227,227,1,0,0,1,0,0,0,1,0,0,"gtt","gtt","V","no",1
"228",228,228,228,228,228,228,228,228,1,0,0,0.96,81.19,0.04,0.41,0.45,1,0.52,"gat","gat","D","yes",0
"229",229,229,229,229,229,229,229,229,1,11.25,0,0.04,0,0.96,0,0.67,0,0.51,"act","act","T","no",1
"230",230,230,230,230,230,230,230,230,1,0,0,1,0,0,0,1,0,0,"ggc","ggc","G","no",0
"231",231,231,231,231,231,231,231,231,1,19.69,2.38,0.49,2.53,0.51,0,0.67,0,1.29,"ttt","ttt","F","yes",1
"232",232,232,232,232,232,232,232,232,1,0,0,1,0,0,0,1,0,0,"ggt","ggt","G","no",1
"233",233,233,233,233,233,233,233,233,1,0,0,1,0,0,0,1,0,0,"gct","gct","A","no",0
"234",234,234,234,234,234,234,234,234,1,0,0,1,0,0,0,1,0,0,"atg","atg","M","no",1
"235",235,235,235,235,235,235,235,235,1,0,0,1,0,0,0,1,0,0,"gac","gac","D","yes",0
"236",236,236,236,236,236,236,236,236,1,0,0,1,0,0,0,1,0,0,"ttt","ttt","F","yes",0
"237",237,237,237,237,237,237,237,237,1,0,0,1,0,0,0,1,0,0,"act","act","T","no",0
"238",238,238,238,238,238,238,238,238,1,14.12,0,0.01,0,0.99,0,0.67,0,0.64,"aca","aca","T","no",1
"239",239,239,239,239,239,239,239,239,1,0,0,1,0,0,0,1,0,0,"tta","tta","L","no",0
"240",240,240,240,240,240,240,240,240,1,0,0,1,0,0,0,1,0,0,"cag","cag","Q","yes",1
"241",241,241,241,241,241,241,241,241,1,0,0,1,0,0,0,1,0,0,"gct","gct","A","no",0
"242",242,242,242,242,242,242,242,242,1,0,0,1,0,0,0,1,0,0,"aac","aac","N","yes",0
"243",243,243,243,243,243,243,243,243,1,0,0,1,0,0,0,1,0,0,"aaa","aaa","K","yes",1
"244",244,244,244,244,244,244,244,244,1,0,0,1,0,0,0,1,0,0,"agt","agt","S","no",1
"245",245,245,245,245,245,245,245,245,1,0,0,1,0,0,0,1,0,0,"gaa","gaa","E","yes",0
"246",246,246,246,246,246,246,246,246,1,0,0,1,0,0,0,1,0,0,"gtt","gtt","V","no",0
"247",247,247,247,247,247,247,247,247,1,0,0,1,0,0,0,1,0,0,"cca","cca","P","no",1
"248",248,248,248,248,248,248,248,248,1,2.46,0,0.05,0,0.95,0,0.67,0,0.11,"ctg","ctg","L","no",1
"249",249,249,249,249,249,249,249,249,1,0,0,1,0,0,0,1,0,0,"gat","gat","D","yes",0
"250",250,250,250,250,250,250,250,250,1,0,0,1,0,0,0,1,0,0,"att","att","I","no",0
"251",251,251,251,251,251,251,251,251,1,0,0,1,0,0,0,1,0,0,"tgt","tgt","C","yes",1
"252",252,252,252,252,252,252,252,252,1,11.36,0,0.05,0,0.95,0,0.67,0,0.52,"aca","aca","T","no",1
"253",253,253,253,253,253,253,253,253,1,0,0,1,0,0,0,1,0,0,"tct","tct","S","no",0
"254",254,254,254,254,254,254,254,254,1,0,0,1,0,0,0,1,0,0,"att","att","I","no",0
"255",255,255,255,255,255,255,255,255,1,0,0,1,0,0,0,1,0,0,"tgc","tgc","C","yes",1
"256",256,256,256,256,256,256,256,256,1,0,0,1,0,0,0,1,0,0,"aaa","aaa","K","yes",1
"257",257,257,257,257,257,257,257,257,1,0,0,1,0,0,0,1,0,0,"tat","tat","Y","yes",0
"258",258,258,258,258,258,258,258,258,1,0,0,1,0,0,0,1,0,0,"cca","cca","P","no",1
"259",259,259,259,259,259,259,259,259,1,0,0,1,0,0,0,1,0,0,"gat","gat","D","yes",0
"260",260,260,260,260,260,260,260,260,1,0,0,1,0,0,0,1,0,0,"tat","tat","Y","yes",0
"261",261,261,261,261,261,261,261,261,1,0,0,1,0,0,0,1,0,0,"att","att","I","no",0
"262",262,262,262,262,262,262,262,262,1,0,0,1,0,0,0,1,0,0,"aaa","aaa","K","yes",0
"263",263,263,263,263,263,263,263,263,1,0,0,1,0,0,0,1,0,0,"atg","atg","M","no",1
"264",264,264,264,264,264,264,264,264,1,0,0,1,0,0,0,1,0,0,"gtg","gtg","V","no",1
"265",265,265,265,265,265,265,265,265,1,0,0,1,0,0,0,1,0,0,"tca","tca","S","no",1
"266",266,266,266,266,266,266,266,266,1,18.34,0,0.11,0,0.89,0,0.67,0,0.84,"gaa","gaa","E","yes",0
"267",267,267,267,267,267,267,267,267,1,0,0,1,0,0,0,1,0,0,"cca","cca","P","no",1
"268",268,268,268,268,268,268,268,268,1,0,0,1,0,0,0,1,0,0,"tat","tat","Y","yes",1
"269",269,269,269,269,269,269,269,269,1,0,0,1,0,0,0,1,0,0,"ggc","ggc","G","no",0
"270",270,270,270,270,270,270,270,270,1,0,0,1,0,0,0,1,0,0,"gac","gac","D","yes",0
"271",271,271,271,271,271,271,271,271,1,0,0,0.93,25.1,0.07,0.43,0.45,1,0.29,"agc","agc","S","no",1
"272",272,272,272,272,272,272,272,272,1,0,0,1,0,0,0,1,0,0,"tta","tta","L","no",0
"273",273,273,273,273,273,273,273,273,1,0,0,1,0,0,0,1,0,0,"ttt","ttt","F","yes",0
"274",274,274,274,274,274,274,274,274,1,20.8,0,0.01,0,0.99,0,0.67,0,0.95,"ttt","ttt","F","yes",0
"275",275,275,275,275,275,275,275,275,1,0,0,1,0,0,0,1,0,0,"tat","tat","Y","yes",0
"276",276,276,276,276,276,276,276,276,1,0,0,1,0,0,0,1,0,0,"tta","tta","L","no",0
"277",277,277,277,277,277,277,277,277,1,0,0,1,0,0,0,1,0,0,"cga","cga","R","no",0
"278",278,278,278,278,278,278,278,278,1,0,0,1,0,0,0,1,0,0,"agg","agg","R","no",0
"279",279,279,279,279,279,279,279,279,1,0,0,1,0,0,0,1,0,0,"gaa","gaa","E","yes",0
"280",280,280,280,280,280,280,280,280,1,0,0,1,0,0,0,1,0,0,"caa","caa","Q","yes",1
"281",281,281,281,281,281,281,281,281,1,0,0,1,0,0,0,1,0,0,"atg","atg","M","no",1
"282",282,282,282,282,282,282,282,282,1,0,0,1,0,0,0,1,0,0,"ttt","ttt","F","yes",1
"283",283,283,283,283,283,283,283,283,1,0,0,1,0,0,0,1,0,0,"gtt","gtt","V","no",0
"284",284,284,284,284,284,284,284,284,1,0,0,1,0,0,0,1,0,0,"aga","aga","R","no",0
"285",285,285,285,285,285,285,285,285,1,0,0,1,0,0,0,1,0,0,"cat","cat","H","yes",1
"286",286,286,286,286,286,286,286,286,1,0,0,1,0,0,0,1,0,0,"tta","tta","L","no",0
"287",287,287,287,287,287,287,287,287,1,0,0,1,0,0,0,1,0,0,"ttt","ttt","F","yes",0
"288",288,288,288,288,288,288,288,288,1,0,0,1,0,0,0,1,0,0,"aat","aat","N","yes",0
"289",289,289,289,289,289,289,289,289,1,0,0,1,0,0,0,1,0,0,"agg","agg","R","no",0
"290",290,290,290,290,290,290,290,290,1,0,0,1,0,0,0,1,0,0,"gct","gct","A","no",1
"291",291,291,291,291,291,291,291,291,1,0,0,1,0,0,0,1,0,0,"ggt","ggt","G","no",1
"292",292,292,292,292,292,292,292,292,1,0,0,1,0,0,0,1,0,0,"gct","gct","A","no",1
"293",293,293,293,293,293,293,293,293,1,0,0,1,0,0,0,1,0,0,"gtt","gtt","V","no",1
"294",294,294,294,294,294,294,294,294,1,0,0,1,0,0,0,1,0,0,"ggt","ggt","G","no",1
"295",295,295,295,295,295,295,295,295,1,0,0,1,0,0,0,1,0,0,"gaa","gaa","E","yes",0
"296",296,296,296,296,296,296,296,296,1,0,0,1,0,0,0,1,0,0,"aat","aat","N","yes",1
"297",297,297,297,297,297,297,297,297,1,0,0,1,0,0,0,1,0,0,"gta","gta","V","no",0
"298",298,298,298,298,298,298,298,298,1,0,0,1,0,0,0,1,0,0,"cca","cca","P","no",1
"299",299,299,299,299,299,299,299,299,1,0,0,1,0,0,0,1,0,0,"gac","gac","D","yes",0
"300",300,300,300,300,300,300,300,300,1,0,0,1,0,0,0,1,0,0,"gat","gat","D","yes",0
"301",301,301,301,301,301,301,301,301,1,0,0,1,0,0,0,1,0,0,"tta","tta","L","no",0
"302",302,302,302,302,302,302,302,302,1,0,0,1,0,0,0,1,0,0,"tac","tac","Y","yes",0
"303",303,303,303,303,303,303,303,303,1,0,0,1,0,0,0,1,0,0,"att","att","I","no",1
"304",304,304,304,304,304,304,304,304,1,0,0,1,0,0,0,1,0,0,"aaa","aaa","K","yes",0
"305",305,305,305,305,305,305,305,305,1,0,0,1,0,0,0,1,0,0,"ggc","ggc","G","no",0
"306",306,306,306,306,306,306,306,306,1,0,0,1,0,0,0,1,0,0,"tct","tct","S","no",1
"307",307,307,307,307,307,307,307,307,1,0,0,1,0,0,0,1,0,0,"ggg","ggg","G","no",0
"308",308,308,308,308,308,308,308,308,1,0,0,1,0,0,0,1,0,0,"tct","tct","S","no",0
"309",309,309,309,309,309,309,309,309,1,0,0,1,0,0,0,1,0,0,"act","act","T","no",1
"310",310,310,310,310,310,310,310,310,1,0,0,1,0,0,0,1,0,0,"gca","gca","A","no",1
"311",311,311,311,311,311,311,311,311,1,0,0,1,0,0,0,1,0,0,"aat","aat","N","yes",0
"312",312,312,312,312,312,312,312,312,1,0,0,1,0,0,0,1,0,0,"tta","tta","L","no",0
"313",313,313,313,313,313,313,313,313,1,0,0,1,0,0,0,1,0,0,"gcc","gcc","A","no",0
"314",314,314,314,314,314,314,314,314,1,0,0,1,0,0,0,1,0,0,"agt","agt","S","no",1
"315",315,315,315,315,315,315,315,315,1,6.68,0,0.2,0,0.8,0,0.67,0,0.3,"tca","tca","S","no",1
"316",316,316,316,316,316,316,316,316,1,0,0,1,0,0,0,1,0,0,"aat","aat","N","yes",0
"317",317,317,317,317,317,317,317,317,1,0,0,1,0,0,0,1,0,0,"tat","tat","Y","yes",0
"318",318,318,318,318,318,318,318,318,1,0,0,1,0,0,0,1,0,0,"ttt","ttt","F","yes",0
"319",319,319,319,319,319,319,319,319,1,0,0,1,0,0,0,1,0,0,"cct","cct","P","no",0
"320",320,320,320,320,320,320,320,320,1,0,0,1,0,0,0,1,0,0,"aca","aca","T","no",1
"321",321,321,321,321,321,321,321,321,1,0,0,1,0,0,0,1,0,0,"cct","cct","P","no",0
"322",322,322,322,322,322,322,322,322,1,0,0,1,0,0,0,1,0,0,"agt","agt","S","no",1
"323",323,323,323,323,323,323,323,323,1,0,0,1,0,0,0,1,0,0,"ggt","ggt","G","no",0
"324",324,324,324,324,324,324,324,324,1,0,0,1,0,0,0,1,0,0,"tct","tct","S","no",0
"325",325,325,325,325,325,325,325,325,1,0,0,1,0,0,0,1,0,0,"atg","atg","M","no",1
"326",326,326,326,326,326,326,326,326,1,26.83,2.71,0.17,2.35,0.83,0,0.67,0,1.61,"gtt","gtt","V","no",0
"327",327,327,327,327,327,327,327,327,1,3.01,3.01,0.17,6.46,0.83,0.36,0.47,0,1.08,"acc","acc","T","no",0
"328",328,328,328,328,328,328,328,328,1,0,0,0.93,117.87,0.07,1.63,0.22,1,1.29,"tct","tct","S","no",1
"329",329,329,329,329,329,329,329,329,1,0,0,1,0,0,0,1,0,0,"gat","gat","D","yes",1
"330",330,330,330,330,330,330,330,330,1,2.94,0,0.02,0,0.98,0,0.67,0,0.13,"gcc","gcc","A","no",0
"331",331,331,331,331,331,331,331,331,1,0,0,1,0,0,0,1,0,0,"caa","caa","Q","yes",1
"332",332,332,332,332,332,332,332,332,1,0,0,1,0,0,0,1,0,0,"ata","ata","I","no",0
"333",333,333,333,333,333,333,333,333,1,18.94,0,0.02,0,0.98,0,0.67,0,0.86,"ttc","ttc","F","yes",0
"334",334,334,334,334,334,334,334,334,1,0,0,1,0,0,0,1,0,0,"aat","aat","N","yes",1
"335",335,335,335,335,335,335,335,335,1,0,0,1,0,0,0,1,0,0,"aaa","aaa","K","yes",0
"336",336,336,336,336,336,336,336,336,1,9.3,0,0.04,0,0.96,0,0.67,0,0.42,"cct","cct","P","no",0
"337",337,337,337,337,337,337,337,337,1,0,0,1,0,0,0,1,0,0,"tat","tat","Y","yes",0
"338",338,338,338,338,338,338,338,338,1,0,0,1,0,0,0,1,0,0,"tgg","tgg","W","no",1
"339",339,339,339,339,339,339,339,339,1,8.28,0,0.04,0,0.96,0,0.67,0,0.38,"tta","tta","L","no",0
"340",340,340,340,340,340,340,340,340,1,0,0,1,0,0,0,1,0,0,"caa","caa","Q","yes",1
"341",341,341,341,341,341,341,341,341,1,0,0,1,0,0,0,1,0,0,"cga","cga","R","no",0
"342",342,342,342,342,342,342,342,342,1,0,0,1,0,0,0,1,0,0,"gca","gca","A","no",1
"343",343,343,343,343,343,343,343,343,1,0,0,1,0,0,0,1,0,0,"cag","cag","Q","yes",1
"344",344,344,344,344,344,344,344,344,1,3.02,0,0.01,0,0.99,0,0.67,0,0.14,"ggc","ggc","G","no",0
"345",345,345,345,345,345,345,345,345,1,7.13,0,0.01,0,0.99,0,0.67,0,0.32,"cac","cac","H","yes",1
"346",346,346,346,346,346,346,346,346,1,20.14,0,0.02,0,0.98,0,0.67,0,0.92,"aat","aat","N","yes",1
"347",347,347,347,347,347,347,347,347,1,0,0,1,0,0,0,1,0,0,"aat","aat","N","yes",1
"348",348,348,348,348,348,348,348,348,1,0,0,1,0,0,0,1,0,0,"ggc","ggc","G","no",0
"349",349,349,349,349,349,349,349,349,1,0,0,1,0,0,0,1,0,0,"att","att","I","no",1
"350",350,350,350,350,350,350,350,350,1,0,0,1,0,0,0,1,0,0,"tgt","tgt","C","yes",1
"351",351,351,351,351,351,351,351,351,1,0,0,1,0,0,0,1,0,0,"tgg","tgg","W","no",1
"352",352,352,352,352,352,352,352,352,1,0,0,1,0,0,0,1,0,0,"ggt","ggt","G","no",0
"353",353,353,353,353,353,353,353,353,1,0,0,1,0,0,0,1,0,0,"aac","aac","N","yes",0
"354",354,354,354,354,354,354,354,354,1,0,0,1,0,0,0,1,0,0,"caa","caa","Q","yes",1
"355",355,355,355,355,355,355,355,355,1,0,0,1,0,0,0,1,0,0,"cta","cta","L","no",0
"356",356,356,356,356,356,356,356,356,1,0,0,1,0,0,0,1,0,0,"ttt","ttt","F","yes",1
"357",357,357,357,357,357,357,357,357,1,0,0,1,0,0,0,1,0,0,"gtt","gtt","V","no",0
"358",358,358,358,358,358,358,358,358,1,0,0,1,0,0,0,1,0,0,"act","act","T","no",1
"359",359,359,359,359,359,359,359,359,1,0,0,1,0,0,0,1,0,0,"gtt","gtt","V","no",1
"360",360,360,360,360,360,360,360,360,1,0,0,1,0,0,0,1,0,0,"gtt","gtt","V","no",1
"361",361,361,361,361,361,361,361,361,1,0,0,1,0,0,0,1,0,0,"gat","gat","D","yes",0
"362",362,362,362,362,362,362,362,362,1,0,0,1,0,0,0,1,0,0,"act","act","T","no",0
"363",363,363,363,363,363,363,363,363,1,0,0,1,0,0,0,1,0,0,"aca","aca","T","no",1
"364",364,364,364,364,364,364,364,364,1,0,0,1,0,0,0,1,0,0,"cgc","cgc","R","no",0
"365",365,365,365,365,365,365,365,365,1,0,0,1,0,0,0,1,0,0,"agt","agt","S","no",1
"366",366,366,366,366,366,366,366,366,1,0,0,1,0,0,0,1,0,0,"aca","aca","T","no",1
"367",367,367,367,367,367,367,367,367,1,0,0,1,0,0,0,1,0,0,"aat","aat","N","yes",0
"368",368,368,368,368,368,368,368,368,1,0,0,1,0,0,0,1,0,0,"atg","atg","M","no",1
"369",369,369,369,369,369,369,369,369,1,0,0,1,0,0,0,1,0,0,"tca","tca","S","no",1
"370",370,370,370,370,370,370,370,370,1,0,0,1,0,0,0,1,0,0,"tta","tta","L","no",0
"371",371,371,371,371,371,371,371,371,1,0,0,1,0,0,0,1,0,0,"tgt","tgt","C","yes",1
"372",372,372,372,372,372,372,372,372,1,0,0,1,0,0,0,1,0,0,"gct","gct","A","no",1
"373",373,373,373,373,373,373,373,373,1,0,0,1,0,0,0,1,0,0,"gcc","gcc","A","no",0
"374",374,374,374,374,374,374,374,374,1,0,0,1,0,0,0,1,0,0,"ata","ata","I","no",1
"375",375,375,375,375,375,375,375,375,1,0,0,1,0,0,0,1,0,0,"tct","tct","S","no",0
"376",376,376,376,376,376,376,376,376,1,0,0,1,0,0,0,1,0,0,"act","act","T","no",0
"377",377,377,377,377,377,377,377,377,1,0,0,1,0,0,0,1,0,0,"tca","tca","S","no",1
"378",378,378,378,378,378,378,378,378,1,0,0,0.61,5.67,0.39,0.24,0.51,1,0.35,"gaa","gaa","E","yes",0
"379",379,379,379,379,379,379,379,379,1,0,0,0,3.87,1,0.83,0.35,0,0.62,"act","act","T","no",0
"380",380,380,380,380,380,380,380,380,1,0,0,1,0,0,0,1,0,0,"aca","aca","T","no",1
"381",381,381,381,381,381,381,381,381,1,0,0,1,0,0,0,1,0,0,"tat","tat","Y","yes",0
"382",382,382,382,382,382,382,382,382,1,0,0,1,0,0,0,1,0,0,"aaa","aaa","K","yes",0
"383",383,383,383,383,383,383,383,383,1,0,0,1,0,0,0,1,0,0,"aat","aat","N","yes",0
"384",384,384,384,384,384,384,384,384,1,0,0,1,0,0,0,1,0,0,"act","act","T","no",0
"385",385,385,385,385,385,385,385,385,1,0,0,1,0,0,0,1,0,0,"aac","aac","N","yes",0
"386",386,386,386,386,386,386,386,386,1,0,0,1,0,0,0,1,0,0,"ttt","ttt","F","yes",0
"387",387,387,387,387,387,387,387,387,1,16.79,0,0.01,0,0.99,0,0.67,0,0.77,"aag","aag","K","yes",0
"388",388,388,388,388,388,388,388,388,1,0,0,1,0,0,0,1,0,0,"gag","gag","E","yes",0
"389",389,389,389,389,389,389,389,389,1,0,0,1,0,0,0,1,0,0,"tac","tac","Y","yes",0
"390",390,390,390,390,390,390,390,390,1,3.86,0,0.01,0,0.99,0,0.67,0,0.18,"cta","cta","L","no",0
"391",391,391,391,391,391,391,391,391,1,0,0,1,0,0,0,1,0,0,"cga","cga","R","no",0
"392",392,392,392,392,392,392,392,392,1,0,0,1,0,0,0,1,0,0,"cat","cat","H","yes",1
"393",393,393,393,393,393,393,393,393,1,0,0,1,0,0,0,1,0,0,"ggg","ggg","G","no",0
"394",394,394,394,394,394,394,394,394,1,0,0,0.96,94.94,0.04,9.04,0,1,0.56,"gag","gag","E","yes",0
"395",395,395,395,395,395,395,395,395,1,0,0,1,0,0,0,1,0,0,"gaa","gaa","E","yes",0
"396",396,396,396,396,396,396,396,396,1,0,0,1,0,0,0,1,0,0,"tat","tat","Y","yes",1
"397",397,397,397,397,397,397,397,397,1,0,0,1,0,0,0,1,0,0,"gat","gat","D","yes",0
"398",398,398,398,398,398,398,398,398,1,0,0,0.97,326.03,0.03,1.34,0.26,1,1.39,"tta","tta","L","no",0
"399",399,399,399,399,399,399,399,399,1,0,0,1,0,0,0,1,0,0,"cag","cag","Q","yes",1
"400",400,400,400,400,400,400,400,400,1,0,0,1,0,0,0,1,0,0,"ttt","ttt","F","yes",0
"401",401,401,401,401,401,401,401,401,1,0,0,1,0,0,0,1,0,0,"att","att","I","no",0
"402",402,402,402,402,402,402,402,402,1,0,0,1,0,0,0,1,0,0,"ttt","ttt","F","yes",0
"403",403,403,403,403,403,403,403,403,1,0,0,1,0,0,0,1,0,0,"caa","caa","Q","yes",1
"404",404,404,404,404,404,404,404,404,1,0,0,1,0,0,0,1,0,0,"ctg","ctg","L","no",1
"405",405,405,405,405,405,405,405,405,1,0,0,1,0,0,0,1,0,0,"tgc","tgc","C","yes",1
"406",406,406,406,406,406,406,406,406,1,0,0,1,0,0,0,1,0,0,"aaa","aaa","K","yes",1
"407",407,407,407,407,407,407,407,407,1,0,0,1,0,0,0,1,0,0,"ata","ata","I","no",0
"408",408,408,408,408,408,408,408,408,1,0,0,1,0,0,0,1,0,0,"acc","acc","T","no",0
"409",409,409,409,409,409,409,409,409,1,0,0,1,0,0,0,1,0,0,"tta","tta","L","no",0
"410",410,410,410,410,410,410,410,410,1,0,0,1,0,0,0,1,0,0,"act","act","T","no",1
"411",411,411,411,411,411,411,411,411,1,0,0,1,0,0,0,1,0,0,"gca","gca","A","no",1
"412",412,412,412,412,412,412,412,412,1,0,0,1,0,0,0,1,0,0,"gac","gac","D","yes",0
"413",413,413,413,413,413,413,413,413,1,0,0,1,0,0,0,1,0,0,"gtt","gtt","V","no",0
"414",414,414,414,414,414,414,414,414,1,0,0,1,0,0,0,1,0,0,"atg","atg","M","no",1
"415",415,415,415,415,415,415,415,415,1,0,0,0.96,298.52,0.04,3.22,0.1,2,2.1,"aca","aca","T","no",1
"416",416,416,416,416,416,416,416,416,1,0,0,1,0,0,0,1,0,0,"tac","tac","Y","yes",0
"417",417,417,417,417,417,417,417,417,1,0,0,1,0,0,0,1,0,0,"ata","ata","I","no",1
"418",418,418,418,418,418,418,418,418,1,0,0,1,0,0,0,1,0,0,"cat","cat","H","yes",1
"419",419,419,419,419,419,419,419,419,1,0,0,1,0,0,0,1,0,0,"tct","tct","S","no",0
"420",420,420,420,420,420,420,420,420,1,0,0,1,0,0,0,1,0,0,"atg","atg","M","no",1
"421",421,421,421,421,421,421,421,421,1,0,0,1,0,0,0,1,0,0,"aat","aat","N","yes",0
"422",422,422,422,422,422,422,422,422,1,9.52,0,0.02,0,0.98,0,0.67,0,0.43,"tcc","tcc","S","no",0
"423",423,423,423,423,423,423,423,423,1,0,0,0.89,20.67,0.11,0.45,0.44,1,0.36,"act","act","T","no",1
"424",424,424,424,424,424,424,424,424,1,0,0,1,0,0,0,1,0,0,"att","att","I","no",0
"425",425,425,425,425,425,425,425,425,1,4.36,0,0.02,0,0.98,0,0.67,0,0.2,"ttg","ttg","L","no",1
"426",426,426,426,426,426,426,426,426,1,0,0,1,0,0,0,1,0,0,"gag","gag","E","yes",0
"427",427,427,427,427,427,427,427,427,1,0,0,1,0,0,0,1,0,0,"gac","gac","D","yes",0
"428",428,428,428,428,428,428,428,428,1,0,0,1,0,0,0,1,0,0,"tgg","tgg","W","no",1
"429",429,429,429,429,429,429,429,429,1,0,0,1,0,0,0,1,0,0,"aat","aat","N","yes",0
"430",430,430,430,430,430,430,430,430,1,0,0,1,0,0,0,1,0,0,"ttt","ttt","F","yes",1
"431",431,431,431,431,431,431,431,431,1,0,0,1,0,0,0,1,0,0,"ggt","ggt","G","no",0
"432",432,432,432,432,432,432,432,432,1,4.53,0,0.01,0,0.99,0,0.67,0,0.21,"cta","cta","L","no",0
"433",433,433,433,433,433,433,433,433,1,0,0,1,0,0,0,1,0,0,"caa","caa","Q","yes",1
"434",434,434,434,434,434,434,434,434,1,15.62,0,0.01,0,0.99,0,0.67,0,0.71,"cct","cct","P","no",0
"435",435,435,435,435,435,435,435,435,1,3.52,0,0.04,0,0.96,0,0.67,0,0.16,"ccc","ccc","P","no",0
"436",436,436,436,436,436,436,436,436,1,0,0,1,0,0,0,1,0,0,"cca","cca","P","no",1
"437",437,437,437,437,437,437,437,437,1,0,0,1,0,0,0,1,0,0,"gga","gga","G","no",0
"438",438,438,438,438,438,438,438,438,1,0,0,1,0,0,0,1,0,0,"ggc","ggc","G","no",0
"439",439,439,439,439,439,439,439,439,1,0,0,1,0,0,0,1,0,0,"aca","aca","T","no",1
"440",440,440,440,440,440,440,440,440,1,0,0,1,0,0,0,1,0,0,"cta","cta","L","no",0
"441",441,441,441,441,441,441,441,441,1,0,0,1,0,0,0,1,0,0,"gaa","gaa","E","yes",0
"442",442,442,442,442,442,442,442,442,1,0,0,1,0,0,0,1,0,0,"gat","gat","D","yes",0
"443",443,443,443,443,443,443,443,443,1,16.46,0,0.05,0,0.95,0,0.67,0,0.75,"act","act","T","no",0
"444",444,444,444,444,444,444,444,444,1,0,0,1,0,0,0,1,0,0,"tat","tat","Y","yes",0
"445",445,445,445,445,445,445,445,445,1,0,0,1,0,0,0,1,0,0,"agg","agg","R","no",0
"446",446,446,446,446,446,446,446,446,1,0,0,1,0,0,0,1,0,0,"ttt","ttt","F","yes",1
"447",447,447,447,447,447,447,447,447,1,0,0,1,0,0,0,1,0,0,"gta","gta","V","no",0
"448",448,448,448,448,448,448,448,448,1,0,0,1,0,0,0,1,0,0,"aca","aca","T","no",1
"449",449,449,449,449,449,449,449,449,1,0,0,1,0,0,0,1,0,0,"tcc","tcc","S","no",0
"450",450,450,450,450,450,450,450,450,1,0,0,1,0,0,0,1,0,0,"cag","cag","Q","yes",1
"451",451,451,451,451,451,451,451,451,1,0,0,1,0,0,0,1,0,0,"gca","gca","A","no",1
"452",452,452,452,452,452,452,452,452,1,12.12,0,0.18,0,0.82,0,0.67,0,0.55,"att","att","I","no",1
"453",453,453,453,453,453,453,453,453,1,8.41,0,0.01,0,0.99,0,0.67,0,0.38,"gct","gct","A","no",0
"454",454,454,454,454,454,454,454,454,1,0,0,1,0,0,0,1,0,0,"tgt","tgt","C","yes",1
"455",455,455,455,455,455,455,455,455,1,0,0,1,0,0,0,1,0,0,"caa","caa","Q","yes",1
"456",456,456,456,456,456,456,456,456,1,0,0,1,0,0,0,1,0,0,"aaa","aaa","K","yes",0
"457",457,457,457,457,457,457,457,457,1,0,0,1,0,0,0,1,0,0,"cat","cat","H","yes",1
"458",458,458,458,458,458,458,458,458,1,0,0,1,0,0,0,1,0,0,"aca","aca","T","no",1
"459",459,459,459,459,459,459,459,459,1,0,0,1,0,0,0,1,0,0,"cct","cct","P","no",0
"460",460,460,460,460,460,460,460,460,1,0,0,1,0,0,0,1,0,0,"cca","cca","P","no",1
"461",461,461,461,461,461,461,461,461,1,0,0,1,0,0,0,1,0,0,"gca","gca","A","no",1
"462",462,462,462,462,462,462,462,462,1,0,0,1,0,0,0,1,0,0,"cct","cct","P","no",0
"463",463,463,463,463,463,463,463,463,1,0,0,1,0,0,0,1,0,0,"aaa","aaa","K","yes",0
"464",464,464,464,464,464,464,464,464,1,0,0,1,0,0,0,1,0,0,"gaa","gaa","E","yes",0
"465",465,465,465,465,465,465,465,465,1,0,0,1,0,0,0,1,0,0,"gat","gat","D","yes",0
"466",466,466,466,466,466,466,466,466,1,0,0,1,0,0,0,1,0,0,"ccc","ccc","P","no",0
"467",467,467,467,467,467,467,467,467,1,0,0,1,0,0,0,1,0,0,"ctt","ctt","L","no",0
"468",468,468,468,468,468,468,468,468,1,0,0,1,0,0,0,1,0,0,"aaa","aaa","K","yes",0
"469",469,469,469,469,469,469,469,469,1,0,0,1,0,0,0,1,0,0,"aaa","aaa","K","yes",0
"470",470,470,470,470,470,470,470,470,1,18.32,0,0.04,0,0.96,0,0.67,0,0.83,"tac","tac","Y","yes",0
"471",471,471,471,471,471,471,471,471,1,0,0,1,0,0,0,1,0,0,"act","act","T","no",1
"472",472,472,472,472,472,472,472,472,1,0,0,1,0,0,0,1,0,0,"ttt","ttt","F","yes",0
"473",473,473,473,473,473,473,473,473,1,0,0,1,0,0,0,1,0,0,"tgg","tgg","W","no",1
"474",474,474,474,474,474,474,474,474,1,0,0,1,0,0,0,1,0,0,"gaa","gaa","E","yes",0
"475",475,475,475,475,475,475,475,475,1,13.61,0,0.02,0,0.98,0,0.67,0,0.62,"gta","gta","V","no",0
"476",476,476,476,476,476,476,476,476,1,0,0,1,0,0,0,1,0,0,"aat","aat","N","yes",0
"477",477,477,477,477,477,477,477,477,1,0,0,1,0,0,0,1,0,0,"tta","tta","L","no",0
"478",478,478,478,478,478,478,478,478,1,7.92,0,0.02,0,0.98,0,0.67,0,0.36,"aag","aag","K","yes",0
"479",479,479,479,479,479,479,479,479,1,0,0,1,0,0,0,1,0,0,"gaa","gaa","E","yes",0
"480",480,480,480,480,480,480,480,480,1,0,0,1,0,0,0,1,0,0,"aag","aag","K","yes",0
"481",481,481,481,481,481,481,481,481,1,0,0,1,0,0,0,1,0,0,"ttt","ttt","F","yes",0
"482",482,482,482,482,482,482,482,482,1,0,0,1,0,0,0,1,0,0,"tct","tct","S","no",1
"483",483,483,483,483,483,483,483,483,1,0,0,1,0,0,0,1,0,0,"gca","gca","A","no",1
"484",484,484,484,484,484,484,484,484,1,0,0,1,0,0,0,1,0,0,"gac","gac","D","yes",0
"485",485,485,485,485,485,485,485,485,1,0,0,1,0,0,0,1,0,0,"cta","cta","L","no",0
"486",486,486,486,486,486,486,486,486,1,0,0,1,0,0,0,1,0,0,"gat","gat","D","yes",0
"487",487,487,487,487,487,487,487,487,1,0,0,1,0,0,0,1,0,0,"cag","cag","Q","yes",1
"488",488,488,488,488,488,488,488,488,1,0,0,1,0,0,0,1,0,0,"ttt","ttt","F","yes",0
"489",489,489,489,489,489,489,489,489,1,0,0,1,0,0,0,1,0,0,"cct","cct","P","no",0
"490",490,490,490,490,490,490,490,490,1,0,0,1,0,0,0,1,0,0,"tta","tta","L","no",0
"491",491,491,491,491,491,491,491,491,1,0,0,1,0,0,0,1,0,0,"gga","gga","G","no",0
"492",492,492,492,492,492,492,492,492,1,0,0,1,0,0,0,1,0,0,"cgc","cgc","R","no",0
"493",493,493,493,493,493,493,493,493,1,0,0,0.95,217.32,0.05,1.8,0.2,2,1.74,"aaa","aaa","K","yes",1
"494",494,494,494,494,494,494,494,494,1,0,0,1,0,0,0,1,0,0,"ttt","ttt","F","yes",0
"495",495,495,495,495,495,495,495,495,1,0,0,0.49,6.82,0.51,0.66,0.39,1,0.56,"tta","tta","L","no",0
"496",496,496,496,496,496,496,496,496,1,0,0,1,0,0,0,1,0,0,"cta","cta","L","no",0
"497",497,497,497,497,497,497,497,497,1,0,0,1,0,0,0,1,0,0,"caa","caa","Q","yes",1
"498",498,498,498,498,498,498,498,498,1,0,0,1,0,0,0,1,0,0,"gca","gca","A","no",1
"499",499,499,499,499,499,499,499,499,1,0,0,0.97,223.43,0.03,1.23,0.28,1,0.91,"gga","gga","G","no",0
"500",500,500,500,500,500,500,500,500,1,5.74,5.74,0,8.19,1,0.1,0.58,0,1.57,"ttg","ttg","L","no",1
"501",501,501,501,501,501,501,501,501,1,0,0,1,0,0,0,1,0,0,"aag","aag","K","yes",0
"502",502,502,502,502,502,502,502,502,1,0,0,1,0,0,0,1,0,0,"gcc","gcc","A","no",0
"503",503,503,503,503,503,503,503,503,1,0,0,0.66,12.88,0.34,0.42,0.45,2,0.7,"aaa","aaa","K","yes",1
"504",504,504,504,504,504,504,504,504,1,0,0,1,0,0,0,1,0,0,"cca","cca","P","no",1
"505",505,505,505,505,505,505,505,505,1,0,0,1,0,0,0,1,0,0,"aaa","aaa","K","yes",0
"506",506,506,506,506,506,506,506,506,1,0,0,1,0,0,0,1,0,0,"ttt","ttt","F","yes",0
"507",507,507,507,507,507,507,507,507,1,0,0,1,0,0,0,1,0,0,"aca","aca","T","no",1
"508",508,508,508,508,508,508,508,508,1,0,0,1,0,0,0,1,0,0,"tta","tta","L","no",0
"509",509,509,509,509,509,509,509,509,1,0,0,0.98,231,0.02,1.24,0.28,1,0.9,"gga","gga","G","no",0
"510",510,510,510,510,510,510,510,510,1,0,0,1,0,0,0,1,0,0,"aaa","aaa","K","yes",0
"511",511,511,511,511,511,511,511,511,1,0,0,0,2.86,1,1.15,0.29,1,0.46,"cga","cga","R","no",0
"512",512,512,512,512,512,512,512,512,1,0,0,1,0,0,0,1,0,0,"aaa","aaa","K","yes",0
"513",513,513,513,513,513,513,513,513,1,0,0,1,0,0,0,1,0,0,"gct","gct","A","no",0
"514",514,514,514,514,514,514,514,514,1,0,0,1,0,0,0,1,0,0,"aca","aca","T","no",1
"515",515,515,515,515,515,515,515,515,1,0,0,1,0,0,0,1,0,0,"ccc","ccc","P","no",0
"516",516,516,516,516,516,516,516,516,1,0,0,1,0,0,0,1,0,0,"acc","acc","T","no",1
"517",517,517,517,517,517,517,517,517,1,0,0,1,0,0,0,1,0,0,"acc","acc","T","no",1
"518",518,518,518,518,518,518,518,518,1,0,0,0.72,14.81,0.28,0.96,0.32,1,0.67,"tca","tca","S","no",1
"519",519,519,519,519,519,519,519,519,1,0,0,1,0,0,0,1,0,0,"tct","tct","S","no",0
"520",520,520,520,520,520,520,520,520,1,0,0,1,0,0,0,1,0,0,"acc","acc","T","no",0
"521",521,521,521,521,521,521,521,521,1,0,0,1,0,0,0,1,0,0,"tct","tct","S","no",0
"522",522,522,522,522,522,522,522,522,1,6.1,0,0.04,0,0.96,0,0.67,0,0.28,"aca","aca","T","no",1
"523",523,523,523,523,523,523,523,523,1,0,0,1,0,0,0,1,0,0,"act","act","T","no",1
"524",524,524,524,524,524,524,524,524,1,0,0,0.97,160.25,0.03,0.96,0.32,1,0.7,"gct","gct","A","no",0
"525",525,525,525,525,525,525,525,525,1,0,0,1,0,0,0,1,0,0,"aaa","aaa","K","yes",0
"526",526,526,526,526,526,526,526,526,1,0,0,1,0,0,0,1,0,0,"cgc","cgc","R","no",0
"527",527,527,527,527,527,527,527,527,1,0,0,1,0,0,0,1,0,0,"aaa","aaa","K","yes",1
"528",528,528,528,528,528,528,528,528,1,0,0,1,0,0,0,1,0,0,"aaa","aaa","K","yes",0
"529",529,529,529,529,529,529,529,529,1,0,0,1,0,0,0,1,0,0,"cgt","cgt","R","no",0
"530",530,530,530,530,530,530,530,530,1,0,0,1,0,0,0,1,0,0,"aag","aag","K","yes",0
"531",531,531,531,531,531,531,531,531,1,0,0,1,0,0,0,1,0,0,"ctg","ctg","L","no",1
